studied_credits,num_of_prev_attempts,highest_education,avg_score,total_assessments,target
240,0,1,82.0,5.0,0
60,0,1,66.4,5.0,0
60,0,0,0.0,0.0,1
60,0,0,76.0,5.0,0
60,0,2,54.4,5.0,0
60,0,0,68.0,5.0,0
60,0,1,68.0,5.0,0
120,0,0,72.4,5.0,0
90,0,0,71.4,5.0,0
60,0,4,78.0,5.0,0
60,0,2,74.0,5.0,0
60,0,0,73.2,5.0,0
60,0,2,78.6,5.0,0
60,0,1,76.0,5.0,0
60,0,2,71.6,5.0,0
60,0,0,67.0,4.0,1
60,0,0,55.6,5.0,0
60,0,1,80.4,5.0,0
150,0,0,48.5,4.0,1
60,0,0,66.0,5.0,0
60,0,0,70.4,5.0,0
60,0,1,70.8,5.0,0
60,0,2,65.33333333333333,6.0,1
60,0,2,60.6,5.0,0
60,0,0,68.4,5.0,0
60,0,2,72.6,5.0,0
60,0,0,78.0,5.0,0
60,0,1,76.6,5.0,0
60,0,4,79.6,5.0,0
60,0,1,60.0,3.0,1
60,0,2,53.4,5.0,0
60,0,1,63.4,5.0,0
60,0,1,81.0,3.0,0
60,0,2,77.6,5.0,0
60,0,4,71.8,5.0,0
60,0,1,72.8,5.0,0
60,0,1,62.4,5.0,0
60,0,0,74.2,5.0,0
120,0,1,61.8,5.0,0
60,0,0,71.4,5.0,0
180,0,0,69.6,5.0,0
60,0,0,81.0,6.0,1
120,0,2,67.4,5.0,0
60,0,0,84.4,5.0,0
180,0,2,0.0,0.0,1
60,0,2,53.142857142857146,7.0,1
60,0,0,80.2,5.0,0
240,0,0,72.6,5.0,0
345,0,0,48.833333333333336,6.0,1
60,0,0,73.6,5.0,0
60,0,1,68.8,5.0,0
120,0,1,54.4,5.0,0
60,0,0,50.0,5.0,1
120,0,2,68.66666666666667,9.0,1
90,0,2,52.0,1.0,1
60,0,0,79.5,8.0,1
150,0,0,50.0,5.0,0
420,0,0,67.0,5.0,0
60,0,0,79.8,5.0,0
60,0,2,78.14285714285714,7.0,1
60,0,0,70.6,5.0,0
60,0,0,68.2,5.0,1
60,0,0,71.8,5.0,0
60,0,0,69.4,5.0,0
60,0,2,66.4,5.0,0
60,0,1,69.6,5.0,0
60,0,0,61.4,5.0,0
60,0,1,80.4,5.0,0
60,0,1,82.4,5.0,0
60,0,1,78.2,5.0,0
180,0,0,37.6,5.0,1
120,0,0,53.4,5.0,0
120,0,0,76.0,1.0,1
60,0,0,54.0,5.0,0
180,0,0,49.0,5.0,0
170,0,1,59.8,5.0,0
120,0,1,74.0,1.0,1
60,0,1,76.0,5.0,0
60,0,0,89.2,5.0,0
120,0,0,71.66666666666667,6.0,1
120,0,0,79.4,5.0,0
60,0,2,68.4,5.0,0
60,0,0,50.0,1.0,1
60,0,2,54.4,5.0,0
60,0,0,66.66666666666667,3.0,1
60,0,1,72.2,5.0,0
90,0,0,56.66666666666666,3.0,1
60,0,0,83.6,5.0,0
180,0,1,62.6,5.0,1
60,0,1,72.4,5.0,0
60,0,2,61.8,5.0,0
60,0,0,66.0,5.0,0
60,0,0,78.0,5.0,0
240,0,0,67.75,4.0,0
240,0,0,57.833333333333336,6.0,1
60,0,4,78.0,5.0,0
60,0,1,79.2,5.0,0
80,0,1,75.8,5.0,0
120,0,0,58.4,5.0,0
60,0,1,78.8,5.0,0
60,0,1,58.6,5.0,1
60,0,1,77.4,5.0,0
60,0,0,55.6,5.0,0
90,0,2,78.4,5.0,0
60,0,2,71.4,5.0,0
120,0,1,76.8,5.0,0
60,0,2,58.8,5.0,0
60,0,2,64.8,5.0,0
60,0,0,57.5,2.0,1
60,0,0,71.0,5.0,0
60,0,0,76.6,5.0,0
90,0,0,74.6,5.0,1
180,0,0,43.0,2.0,1
60,0,0,76.4,5.0,0
60,0,0,67.66666666666667,6.0,1
60,0,2,79.2,5.0,0
150,0,0,73.4,5.0,0
60,0,2,55.4,5.0,1
60,0,1,0.0,0.0,1
60,0,0,60.6,5.0,0
60,0,0,71.0,5.0,0
120,0,0,67.8,5.0,0
60,0,0,70.4,5.0,0
60,0,0,75.0,5.0,0
60,0,0,83.6,5.0,0
180,0,0,0.0,0.0,1
120,0,0,46.75,4.0,0
60,0,1,78.2,5.0,0
60,0,0,52.8,5.0,0
240,0,0,71.0,17.0,1
60,0,4,86.8,5.0,0
60,0,1,80.8,5.0,0
60,0,0,78.8,5.0,0
60,0,0,58.66666666666666,3.0,1
60,0,0,64.0,1.0,1
120,0,0,78.0,5.0,0
120,0,2,0.0,0.0,1
120,0,0,58.2,5.0,0
60,0,0,82.0,5.0,0
60,0,0,62.6,5.0,0
60,0,1,81.2,5.0,0
60,0,0,60.0,4.0,0
120,0,0,59.2,5.0,0
60,0,4,87.8,5.0,0
60,0,0,61.8,5.0,0
120,0,1,66.6,5.0,0
60,0,0,78.4,5.0,0
60,0,1,80.4,5.0,0
60,0,1,80.4,5.0,0
60,0,0,57.6,5.0,0
120,0,0,61.2,5.0,0
60,0,1,84.66666666666667,6.0,1
60,0,0,74.4,5.0,0
120,0,0,65.8,5.0,0
60,0,1,74.4,5.0,0
150,0,0,53.0,2.0,1
240,0,0,36.0,1.0,1
60,0,0,86.875,8.0,1
120,0,0,68.2,5.0,0
60,0,0,49.8,5.0,0
180,0,2,64.2,5.0,1
60,0,1,82.33333333333333,6.0,1
60,0,2,77.2,5.0,0
60,0,1,60.4,5.0,0
120,0,1,78.4,5.0,0
60,0,0,49.2,5.0,1
180,0,0,78.0,5.0,0
60,0,0,80.4,5.0,0
120,0,0,82.4,5.0,0
120,0,1,0.0,0.0,1
60,0,1,73.8,5.0,0
120,0,1,0.0,0.0,1
60,0,0,57.0,3.0,1
60,0,2,69.0,4.0,1
120,0,0,56.4,5.0,0
60,0,2,70.0,5.0,0
60,0,1,76.8,5.0,0
120,0,0,50.4,5.0,0
120,0,1,55.6,5.0,1
180,0,2,66.4,5.0,0
60,0,1,87.0,5.0,0
60,0,0,72.8,5.0,0
60,0,0,67.8,5.0,0
120,0,0,75.6,5.0,0
120,0,2,67.8,5.0,0
120,0,0,68.0,5.0,0
60,0,2,63.8,5.0,0
60,0,0,60.6,5.0,0
90,0,0,68.625,8.0,1
120,0,0,45.0,5.0,1
120,0,0,68.4,5.0,0
60,0,0,74.2,5.0,0
180,0,1,61.4,5.0,0
240,0,2,46.4,5.0,1
60,0,2,65.0,5.0,0
60,0,2,72.6,5.0,0
120,0,2,43.8,5.0,0
120,0,0,77.2,5.0,0
240,0,0,0.0,0.0,1
120,0,0,76.4,5.0,0
90,0,1,59.66666666666666,6.0,1
60,0,0,76.0,3.0,1
60,0,0,58.4,5.0,0
150,0,0,59.8,5.0,0
120,0,0,70.6,5.0,0
120,0,1,40.5,2.0,1
60,0,1,87.6,5.0,0
60,0,1,79.33333333333333,3.0,1
60,0,0,70.6,5.0,0
60,0,0,0.0,0.0,1
120,0,1,66.6,5.0,0
60,0,1,73.0,5.0,0
120,0,0,71.8,5.0,0
120,0,1,72.4,5.0,0
120,0,1,81.0,5.0,0
60,0,1,72.0,5.0,0
120,0,1,59.2,5.0,1
60,0,1,81.5,2.0,1
120,0,1,73.2,5.0,0
120,0,1,71.4,5.0,0
120,0,0,40.0,2.0,1
120,0,0,82.8,5.0,0
60,0,4,76.2,5.0,0
60,0,1,63.0,10.0,1
60,0,4,66.0,2.0,1
120,0,1,66.0,5.0,0
120,0,0,80.8,5.0,0
120,0,2,65.0,1.0,1
60,0,2,72.0,5.0,0
60,0,0,81.2,5.0,0
60,0,0,76.4,5.0,0
60,0,0,61.8,5.0,0
60,0,1,77.2,5.0,0
60,0,0,72.0,5.0,0
180,0,0,59.75,4.0,1
60,0,1,68.0,5.0,0
60,0,1,56.6,5.0,0
60,0,2,70.0,5.0,0
60,0,1,82.6,5.0,0
60,0,0,68.57142857142857,7.0,1
60,0,0,35.0,2.0,1
60,0,1,75.2,5.0,0
120,0,0,59.0,2.0,1
60,0,0,63.0,1.0,1
120,0,1,81.8,5.0,0
60,0,2,61.9,10.0,1
60,0,0,61.8,5.0,0
60,0,2,73.0,5.0,0
60,0,2,79.6,5.0,0
60,0,1,77.5,2.0,1
60,0,0,84.6,5.0,0
60,0,0,85.0,5.0,0
60,0,2,68.0,1.0,1
60,0,1,78.2,5.0,0
60,0,0,83.8,5.0,0
75,0,2,61.0,2.0,1
60,0,0,0.0,0.0,1
60,0,1,66.2,5.0,0
60,0,1,76.8,5.0,0
60,0,0,77.4,5.0,0
60,0,2,71.0,5.0,0
300,0,2,62.6,5.0,0
60,0,0,72.0,5.0,0
60,0,0,73.6,5.0,0
60,0,0,70.4,5.0,0
60,0,0,73.0,5.0,0
120,0,2,53.6,5.0,0
60,0,2,83.6,10.0,1
120,0,2,67.25,4.0,0
60,0,0,76.0,5.0,0
60,0,2,78.4,5.0,0
60,0,2,66.6,5.0,0
60,0,0,61.2,5.0,1
330,0,0,35.666666666666664,3.0,1
60,0,2,58.85714285714285,7.0,1
60,0,0,69.6,5.0,0
120,0,0,67.8,5.0,0
60,0,2,59.75,4.0,1
60,0,2,65.6,5.0,0
60,0,2,82.4,5.0,0
120,0,0,66.5,8.0,1
60,0,2,52.6,5.0,0
60,0,1,70.0,5.0,0
60,0,0,0.0,0.0,1
60,0,0,62.2,5.0,0
60,0,2,73.8,5.0,0
120,0,0,70.0,1.0,1
60,0,0,69.0,5.0,0
60,0,0,66.0,5.0,0
60,0,0,67.2,5.0,0
60,0,1,75.6,5.0,0
60,0,0,71.2,5.0,0
60,0,0,76.4,5.0,0
120,0,0,54.5,2.0,1
60,0,0,83.0,5.0,0
60,0,2,51.4,5.0,0
150,0,0,61.2,5.0,0
60,0,1,32.0,3.0,1
60,0,0,75.8,5.0,1
60,0,1,0.0,0.0,1
120,0,2,57.2,5.0,0
60,0,2,80.0,5.0,0
60,0,2,73.2,5.0,1
60,0,0,51.5,4.0,1
60,0,1,67.8,5.0,1
180,0,0,69.0,6.0,1
60,0,1,83.4,5.0,0
300,0,1,0.0,0.0,1
120,0,0,75.6,5.0,0
60,0,2,50.6,5.0,0
120,0,0,73.4,5.0,0
60,0,0,73.0,4.0,1
120,0,0,46.8,5.0,1
120,0,1,80.0,2.0,1
90,0,2,82.8,5.0,0
60,0,0,77.6,5.0,0
120,0,0,51.0,1.0,1
60,0,0,74.4,5.0,0
60,0,0,60.6,5.0,0
120,0,2,24.666666666666668,3.0,1
180,0,2,70.0,5.0,0
60,0,2,90.6,5.0,0
60,0,1,78.8,5.0,0
60,0,1,56.0,2.0,1
60,0,2,44.5,4.0,1
60,0,1,67.0,2.0,1
60,0,0,79.6,5.0,0
60,0,2,75.8,5.0,0
120,0,2,55.6,5.0,0
120,0,1,73.6,5.0,0
240,0,2,77.2,5.0,0
60,0,1,79.4,5.0,0
60,0,0,76.6,5.0,0
60,0,2,60.8,5.0,0
120,0,0,61.75,4.0,0
60,0,1,78.0,5.0,0
60,0,0,63.2,5.0,0
60,0,1,80.8,5.0,0
60,0,2,0.0,0.0,1
60,0,1,62.6,5.0,0
60,0,2,64.8,5.0,0
120,0,1,53.5,2.0,1
60,0,1,80.6,5.0,0
60,0,1,81.2,5.0,0
60,0,2,71.2,5.0,0
60,0,0,65.4,5.0,0
60,0,0,71.8,5.0,0
60,0,0,71.8,5.0,0
120,0,0,71.2,5.0,1
60,0,1,75.4,5.0,0
60,0,2,70.8,5.0,0
60,0,0,64.0,2.0,1
60,0,0,79.6,5.0,0
60,0,2,73.6,5.0,0
60,0,0,76.0,5.0,0
60,0,0,72.6,5.0,0
120,0,0,76.4,5.0,0
60,0,0,70.0,5.0,0
60,0,0,71.4,5.0,0
60,0,2,78.2,5.0,0
60,0,0,64.8,5.0,0
60,0,0,0.0,0.0,1
120,0,0,56.0,4.0,0
60,0,0,79.4,5.0,0
120,0,2,65.6,5.0,0
60,0,2,79.2,5.0,0
60,0,0,51.2,5.0,0
180,0,0,82.6,5.0,0
60,0,2,83.4,5.0,0
60,0,0,84.2,5.0,0
60,0,1,63.2,5.0,0
60,0,0,76.0,5.0,0
60,0,0,57.2,5.0,1
60,0,1,68.8,5.0,0
150,0,1,43.333333333333336,3.0,1
60,0,0,71.4,5.0,0
60,0,2,78.6,5.0,0
60,0,0,67.8,5.0,0
60,0,0,81.6,5.0,0
60,0,0,84.8,5.0,0
180,0,0,58.25,4.0,0
120,0,0,79.4,5.0,0
120,0,2,67.8,5.0,0
60,0,1,61.8,5.0,0
60,0,2,46.8,5.0,0
60,0,0,86.2,5.0,0
60,0,2,77.6,5.0,0
60,0,0,54.8,5.0,0
60,0,1,64.8,5.0,0
120,0,2,63.0,5.0,0
60,0,0,71.0,5.0,0
60,0,1,76.0,5.0,0
120,0,0,73.4,5.0,0
60,0,0,71.6,5.0,0
60,0,0,51.4,5.0,0
60,1,0,67.0,4.0,1
60,0,1,80.2,5.0,0
120,0,0,81.8,5.0,0
60,0,2,60.66666666666666,3.0,1
60,0,2,58.0,4.0,0
60,0,0,77.6,5.0,0
60,0,2,71.2,5.0,0
60,0,2,50.0,3.0,1
60,1,2,65.33333333333333,6.0,0
60,0,2,45.0,2.0,1
60,0,2,82.6,5.0,0
60,0,1,82.0,5.0,0
60,0,1,61.8,5.0,0
60,0,1,67.8,5.0,0
60,0,0,0.0,0.0,1
60,0,0,57.6,5.0,0
60,0,0,67.0,4.0,1
60,1,0,76.0,5.0,0
120,0,0,87.2,5.0,0
60,0,1,64.8,5.0,0
60,1,0,81.0,6.0,1
60,0,0,78.4,5.0,0
60,0,0,58.4,5.0,0
60,0,0,60.0,5.0,0
60,0,0,78.6,5.0,0
60,0,0,65.4,5.0,0
60,0,2,78.2,5.0,0
120,1,2,0.0,0.0,1
60,1,2,53.142857142857146,7.0,0
60,0,2,84.0,5.0,0
60,0,0,61.0,5.0,1
210,1,0,48.833333333333336,6.0,0
60,0,0,75.0,1.0,1
120,0,2,63.4,5.0,0
120,1,2,68.66666666666667,9.0,0
60,1,0,79.5,8.0,0
60,0,0,66.4,5.0,0
60,0,0,68.4,5.0,0
120,0,0,67.0,3.0,1
60,0,2,71.0,1.0,1
120,1,2,78.14285714285714,7.0,0
60,0,0,74.0,3.0,1
60,1,0,68.2,5.0,1
60,0,0,62.4,5.0,0
60,0,0,77.0,1.0,1
60,0,1,76.0,5.0,0
60,0,0,60.4,5.0,0
60,0,2,75.4,5.0,0
60,0,0,65.0,5.0,0
60,0,0,69.6,5.0,0
270,0,1,85.0,1.0,1
60,0,2,65.6,5.0,0
60,0,2,59.6,5.0,1
60,1,0,71.66666666666667,6.0,0
60,0,0,75.8,5.0,0
60,0,1,69.4,5.0,0
60,0,0,66.0,5.0,0
60,0,1,66.4,5.0,0
60,0,0,83.0,5.0,0
60,0,1,70.6,5.0,0
60,0,2,66.2,5.0,0
60,0,2,59.6,5.0,0
180,1,0,57.833333333333336,6.0,0
60,0,0,46.4,5.0,0
60,0,0,72.4,5.0,0
60,0,2,43.6,5.0,1
60,0,0,67.2,5.0,0
60,0,0,85.0,5.0,0
120,0,0,49.0,5.0,0
60,0,0,82.8,5.0,0
60,0,0,80.6,5.0,0
120,1,0,57.5,2.0,1
60,0,2,70.2,5.0,0
60,0,0,74.0,5.0,0
60,0,2,79.6,5.0,0
60,0,2,88.8,5.0,0
240,0,0,53.8,5.0,0
120,1,0,43.0,2.0,1
60,0,2,81.8,5.0,0
120,0,2,54.0,5.0,1
60,0,0,45.0,3.0,1
60,0,1,73.0,5.0,0
60,0,0,46.0,5.0,1
120,1,0,67.66666666666667,6.0,1
60,0,1,72.4,5.0,0
60,0,0,83.0,5.0,0
60,0,1,86.2,5.0,0
90,0,0,72.8,5.0,0
60,0,0,73.6,5.0,0
60,0,0,73.4,5.0,0
120,0,0,0.0,0.0,1
60,0,1,75.2,5.0,0
60,0,1,66.0,5.0,0
60,0,0,84.6,5.0,0
60,0,0,81.6,5.0,0
60,0,0,60.0,5.0,0
60,0,0,80.6,5.0,0
60,0,0,77.6,5.0,1
60,0,0,67.0,5.0,1
60,0,1,64.0,5.0,0
60,0,0,77.2,5.0,0
120,0,0,72.8,5.0,1
60,0,0,79.2,5.0,0
60,0,0,52.8,5.0,0
60,0,0,85.2,5.0,0
60,0,0,80.4,5.0,0
60,1,1,74.8,5.0,0
60,0,0,75.6,5.0,0
60,0,0,52.8,5.0,0
60,0,0,66.0,5.0,0
60,0,0,76.0,5.0,0
60,0,0,65.8,5.0,0
120,0,0,0.0,0.0,1
60,0,1,80.8,5.0,0
60,0,0,68.6,5.0,0
60,0,0,82.4,5.0,0
120,0,0,75.2,5.0,0
180,0,0,0.0,0.0,1
60,0,0,55.8,5.0,0
180,0,0,0.0,0.0,1
60,0,0,49.8,5.0,1
60,0,2,59.6,5.0,0
60,1,1,84.66666666666667,6.0,0
60,0,0,82.2,5.0,0
60,0,1,39.8,5.0,1
60,0,0,70.2,5.0,0
60,1,0,86.875,8.0,0
120,0,0,44.0,1.0,1
60,0,0,73.8,5.0,0
120,0,1,68.5,2.0,1
60,1,1,82.33333333333333,6.0,0
60,0,1,73.8,5.0,0
60,0,0,77.4,5.0,0
120,0,0,72.6,5.0,0
120,0,1,61.5,2.0,1
60,0,0,76.6,5.0,0
120,0,0,52.2,5.0,0
60,0,2,69.6,5.0,0
60,0,0,64.6,5.0,0
60,0,0,64.6,5.0,0
60,0,0,58.0,5.0,1
60,0,1,71.5,4.0,0
120,0,2,75.0,5.0,0
60,0,1,59.6,5.0,0
60,0,0,73.6,5.0,1
60,0,1,81.6,5.0,0
60,0,0,65.6,5.0,0
60,0,1,71.4,5.0,0
120,0,0,75.6,5.0,0
120,0,0,83.0,5.0,0
60,0,0,78.8,5.0,1
60,0,2,76.6,5.0,0
60,0,0,72.0,3.0,1
60,0,0,78.6,5.0,0
60,0,1,80.2,5.0,0
120,0,1,75.4,5.0,0
60,0,2,80.4,5.0,0
60,0,1,55.0,2.0,1
60,0,0,0.0,0.0,1
300,0,0,40.0,2.0,1
90,1,0,68.625,8.0,0
60,0,1,82.2,5.0,0
120,0,2,54.25,4.0,1
180,0,2,40.2,5.0,1
120,0,0,69.2,5.0,0
60,0,1,79.8,5.0,0
60,0,2,59.2,5.0,0
60,0,0,52.6,5.0,0
180,0,0,75.6,5.0,0
60,0,0,70.4,5.0,0
60,0,0,73.2,5.0,0
60,0,2,67.6,5.0,0
60,0,0,74.0,5.0,0
60,0,0,79.6,5.0,0
60,0,1,83.6,5.0,0
60,0,1,77.4,5.0,0
120,0,0,63.8,5.0,0
60,0,0,66.4,5.0,0
60,0,0,73.2,5.0,0
60,1,1,59.66666666666666,6.0,1
90,0,0,41.2,5.0,1
60,0,0,77.8,5.0,0
120,0,1,59.4,5.0,0
300,0,2,83.0,5.0,0
150,0,0,55.2,5.0,1
60,0,0,73.0,5.0,0
60,0,0,69.33333333333333,3.0,1
120,0,1,53.0,5.0,0
60,0,1,65.8,5.0,0
120,0,0,57.6,5.0,0
60,0,0,52.4,5.0,0
120,0,2,40.0,2.0,1
120,0,0,61.2,5.0,1
60,1,1,79.33333333333333,3.0,1
120,1,1,61.6,5.0,0
120,0,0,83.8,5.0,0
180,0,0,49.0,3.0,1
120,0,0,70.6,5.0,0
120,0,0,64.8,5.0,0
120,0,1,80.4,5.0,0
180,0,0,0.0,0.0,1
60,0,0,54.0,5.0,0
120,0,0,75.4,5.0,0
60,0,0,69.0,5.0,0
120,0,2,0.0,0.0,1
60,0,1,73.8,5.0,0
90,0,1,75.0,1.0,1
120,0,1,90.8,5.0,0
120,0,2,49.5,4.0,1
60,0,1,58.2,5.0,0
120,0,1,60.8,5.0,1
120,0,0,73.2,5.0,0
60,0,1,74.6,5.0,0
90,0,0,0.0,0.0,1
120,0,0,0.0,0.0,1
60,0,1,85.8,5.0,0
120,0,0,75.8,5.0,0
120,0,1,42.0,5.0,0
60,0,1,76.8,5.0,0
120,0,1,64.8,5.0,1
180,0,1,72.4,5.0,1
120,0,1,77.4,5.0,0
60,0,0,0.0,0.0,1
90,0,1,61.8,5.0,0
60,1,1,63.0,10.0,1
120,0,1,0.0,0.0,1
120,0,0,0.0,0.0,1
120,0,0,79.8,5.0,0
120,0,1,56.0,5.0,0
60,0,0,80.0,1.0,1
120,0,1,0.0,0.0,1
120,0,0,84.5,2.0,1
60,0,1,51.8,5.0,0
120,0,0,65.6,5.0,0
60,0,1,44.0,2.0,1
240,0,0,53.0,5.0,1
120,0,1,74.0,4.0,1
60,0,1,55.6,5.0,0
60,0,0,0.0,0.0,1
120,0,1,62.6,5.0,0
120,0,1,52.6,5.0,0
60,0,2,73.2,5.0,0
60,0,1,78.33333333333333,3.0,1
60,1,2,65.0,1.0,1
60,0,0,34.5,2.0,1
60,0,0,68.8,5.0,0
60,0,2,79.4,5.0,0
60,0,0,66.8,5.0,0
60,0,1,71.33333333333333,3.0,1
60,0,1,60.2,5.0,0
60,0,1,0.0,0.0,0
60,1,0,68.57142857142857,7.0,0
60,0,0,72.75,4.0,1
60,1,0,63.0,1.0,1
120,0,1,0.0,0.0,1
60,0,0,71.0,5.0,0
60,1,2,61.9,10.0,0
60,0,0,65.8,5.0,0
60,0,0,74.6,5.0,0
60,0,0,86.6,5.0,0
60,0,0,79.4,5.0,0
60,0,0,80.2,5.0,0
60,0,1,0.0,0.0,1
60,0,0,80.0,1.0,1
60,0,2,70.5,2.0,1
60,0,0,78.0,5.0,0
90,0,2,58.0,5.0,0
60,0,0,70.4,5.0,0
60,0,0,74.6,5.0,0
60,0,0,77.4,5.0,0
120,0,1,86.0,1.0,1
60,0,2,40.0,1.0,1
60,0,2,62.2,5.0,0
60,0,0,76.2,5.0,0
60,0,0,65.0,5.0,0
120,1,2,83.6,10.0,0
60,0,2,64.0,5.0,0
60,0,0,84.2,5.0,0
120,0,1,72.0,1.0,1
60,0,2,66.0,5.0,0
60,1,2,58.85714285714285,7.0,1
60,0,1,86.8,5.0,0
60,0,0,69.2,5.0,0
60,1,0,66.5,8.0,0
90,0,2,72.0,5.0,0
60,0,0,86.0,1.0,1
120,0,2,58.0,2.0,1
60,0,2,63.2,5.0,0
60,0,2,24.0,1.0,1
120,0,2,54.66666666666666,3.0,1
60,0,2,76.8,5.0,0
60,0,0,85.2,5.0,0
60,0,0,38.333333333333336,3.0,1
60,0,0,65.4,5.0,0
60,0,0,62.6,5.0,0
360,0,0,0.0,0.0,1
60,1,0,75.8,5.0,0
60,0,2,69.8,5.0,0
120,0,0,54.4,5.0,0
60,1,0,69.0,6.0,0
60,0,0,80.6,5.0,0
240,1,1,0.0,0.0,1
60,0,0,78.5,4.0,0
60,0,0,71.4,5.0,0
60,0,2,48.4,5.0,0
60,0,2,71.4,5.0,0
60,0,2,52.5,2.0,1
60,0,1,68.6,5.0,0
60,1,0,51.0,1.0,1
60,0,1,63.4,5.0,0
60,0,0,54.0,5.0,0
60,0,0,43.0,2.0,1
60,0,1,71.4,5.0,0
60,1,1,67.0,2.0,1
60,0,0,55.0,5.0,0
60,1,0,35.0,1.0,1
60,0,1,83.6,5.0,0
120,0,0,71.2,5.0,0
60,0,0,79.0,1.0,1
90,0,0,66.0,5.0,0
60,0,0,82.6,5.0,0
60,0,2,66.4,5.0,0
60,0,0,63.8,5.0,0
60,0,0,68.4,5.0,0
60,0,1,43.333333333333336,3.0,1
60,0,1,73.0,1.0,1
60,0,0,63.2,5.0,0
60,0,2,50.0,2.0,1
60,1,0,71.2,5.0,0
60,0,1,56.4,5.0,1
60,1,0,64.0,2.0,1
120,0,2,70.0,5.0,0
60,0,2,49.2,5.0,0
120,0,0,64.0,5.0,0
60,0,2,56.8,5.0,1
60,0,0,84.6470588235294,17.0,0
60,0,1,82.0,5.0,0
120,0,2,72.5,2.0,1
60,0,0,29.0,1.0,1
60,0,0,62.6,5.0,1
210,0,2,0.0,0.0,1
60,0,0,54.0,5.0,0
90,0,0,57.2,5.0,0
60,0,2,83.4,5.0,0
60,0,0,77.6,5.0,0
60,0,2,64.8,5.0,0
60,1,2,71.6,5.0,0
90,0,0,69.6,5.0,0
60,0,1,78.8,5.0,0
60,0,2,59.5,4.0,0
120,0,0,58.0,1.0,1
120,0,2,78.2,5.0,0
180,0,0,35.333333333333336,3.0,1
60,2,2,82.5,4.0,1
120,0,2,77.36363636363636,11.0,0
120,2,2,69.16666666666667,12.0,1
120,0,2,73.22222222222223,9.0,1
60,0,0,79.27272727272727,11.0,0
60,1,0,78.66666666666667,3.0,1
120,2,0,88.0,9.0,0
120,0,0,90.6,10.0,1
60,0,2,80.0,1.0,1
60,1,0,0.0,0.0,1
150,1,2,67.33333333333333,3.0,1
60,0,0,73.9090909090909,11.0,0
60,0,2,71.0,1.0,1
120,0,2,83.0909090909091,11.0,0
60,0,2,46.22222222222222,9.0,1
60,0,2,81.8,10.0,1
90,2,0,87.5,2.0,1
60,0,0,80.42857142857143,7.0,1
240,0,1,84.18181818181819,11.0,0
150,1,0,0.0,0.0,1
60,0,0,0.0,0.0,1
90,0,2,91.8,10.0,0
180,0,2,83.0,10.0,0
60,0,2,72.9,10.0,0
60,0,2,73.25,4.0,1
120,4,2,0.0,0.0,1
180,0,2,68.45454545454545,11.0,0
60,0,2,74.9090909090909,11.0,0
60,0,1,73.0,11.0,0
120,0,0,87.1,10.0,0
60,0,0,89.2,10.0,0
60,0,1,69.58333333333333,12.0,1
180,0,0,0.0,0.0,1
75,0,0,78.6,10.0,0
60,0,2,0.0,0.0,1
60,0,0,82.2,10.0,0
60,0,2,66.4,5.0,1
60,0,0,76.1,10.0,0
120,0,1,81.5,10.0,0
135,3,2,76.7,10.0,0
60,1,2,77.44444444444444,9.0,1
60,0,2,0.0,0.0,1
60,0,0,90.7,10.0,0
60,0,1,80.72727272727273,11.0,0
180,0,0,0.0,0.0,1
120,0,2,94.63636363636364,11.0,0
120,0,2,78.6,10.0,0
60,0,0,88.72727272727273,11.0,0
120,0,1,89.81818181818181,11.0,0
60,0,0,72.91304347826087,23.0,0
60,0,1,90.4,10.0,0
60,0,0,73.0,2.0,1
70,0,2,88.33333333333333,6.0,1
120,2,2,0.0,0.0,1
180,1,0,0.0,0.0,1
60,0,0,77.9090909090909,11.0,0
60,1,0,84.14285714285714,7.0,0
60,2,2,100.0,1.0,1
180,1,0,0.0,0.0,1
120,1,2,0.0,0.0,1
60,0,1,93.0,11.0,0
60,0,2,0.0,0.0,1
70,0,2,76.0,6.0,1
120,0,0,29.0,2.0,1
60,0,2,78.41666666666667,12.0,1
120,0,0,86.0909090909091,11.0,0
60,0,2,0.0,0.0,1
60,0,0,86.0,11.0,0
60,0,0,78.57142857142857,7.0,1
60,0,0,89.0909090909091,11.0,0
60,1,2,52.285714285714285,7.0,1
60,0,0,82.22222222222223,9.0,0
60,0,2,80.44444444444444,9.0,0
120,1,2,83.54545454545455,11.0,0
120,1,2,85.15384615384616,13.0,1
60,0,2,73.3,10.0,0
60,0,0,87.55555555555556,9.0,1
60,0,1,79.18181818181819,11.0,0
60,1,2,0.0,0.0,1
60,0,0,86.9,10.0,0
60,1,2,40.0,1.0,1
60,0,0,82.1,10.0,0
60,0,0,59.0,2.0,1
120,0,2,65.0,1.0,1
120,2,2,0.0,0.0,1
60,0,0,58.57142857142857,7.0,1
60,1,2,77.33333333333333,9.0,1
270,1,0,0.0,0.0,1
150,1,2,0.0,0.0,1
60,0,0,75.33333333333333,3.0,1
120,2,2,83.0909090909091,11.0,0
225,1,0,95.0,3.0,1
120,1,2,0.0,0.0,1
60,2,2,84.0909090909091,11.0,0
60,1,1,72.625,8.0,1
120,2,0,0.0,0.0,1
60,2,2,71.125,8.0,1
120,1,2,67.8,10.0,1
120,0,2,87.54545454545455,11.0,0
120,0,0,86.0909090909091,11.0,0
60,0,2,86.7,10.0,0
60,0,1,77.27272727272727,11.0,0
60,0,2,91.1,10.0,0
60,0,1,83.27272727272727,11.0,0
60,1,0,0.0,0.0,1
60,1,1,58.72727272727273,11.0,1
120,1,0,83.6,5.0,1
60,0,2,78.45454545454545,11.0,0
180,0,0,0.0,0.0,1
120,0,0,80.63636363636364,11.0,0
60,1,2,0.0,0.0,1
60,0,0,81.6,10.0,1
60,0,0,88.9090909090909,11.0,0
60,0,2,0.0,0.0,1
120,1,0,0.0,0.0,1
60,0,0,71.72727272727273,11.0,0
60,0,2,85.3,10.0,0
585,2,0,0.0,0.0,1
60,2,2,0.0,0.0,1
60,0,2,84.0,11.0,0
180,0,2,0.0,0.0,1
60,1,2,70.6,5.0,1
60,0,0,82.5,6.0,1
60,1,0,80.18181818181819,11.0,1
180,0,2,67.25,8.0,1
60,1,2,83.66666666666667,3.0,1
60,0,2,81.11111111111111,9.0,1
60,0,0,82.18181818181819,11.0,0
60,0,0,71.63636363636364,11.0,0
60,0,2,88.0,9.0,0
120,2,0,82.0,5.0,1
120,0,0,83.93333333333334,15.0,1
60,1,0,0.0,0.0,1
60,0,2,93.7,10.0,0
60,2,2,56.0,11.0,0
150,0,2,0.0,0.0,1
180,1,0,0.0,0.0,1
120,1,2,0.0,0.0,1
60,2,2,57.0,4.0,1
120,1,0,71.22222222222223,9.0,1
60,0,0,74.54545454545455,11.0,0
325,0,2,71.81818181818181,11.0,0
120,1,2,0.0,0.0,1
60,1,2,0.0,0.0,1
120,2,2,75.0,9.0,1
120,1,0,76.3,10.0,0
120,0,2,0.0,0.0,1
180,1,2,64.0,1.0,1
60,2,0,0.0,0.0,1
60,0,2,0.0,0.0,1
60,1,0,75.8,10.0,0
60,3,2,84.18181818181819,11.0,0
120,0,2,86.45454545454545,11.0,0
60,0,0,81.55555555555556,9.0,0
60,0,2,65.8,10.0,1
120,0,0,85.63636363636364,11.0,0
60,1,1,57.55555555555556,9.0,0
60,0,0,87.54545454545455,11.0,0
180,0,0,0.0,0.0,1
60,0,2,71.0909090909091,11.0,0
120,0,0,71.27272727272727,11.0,0
120,1,1,65.27272727272727,11.0,1
90,0,1,79.36363636363636,11.0,0
120,3,2,78.0,3.0,1
60,1,1,45.0,4.0,1
120,0,0,86.0909090909091,11.0,0
120,0,2,59.18181818181818,11.0,0
90,0,2,83.55555555555556,9.0,0
150,0,2,0.0,0.0,1
60,0,2,80.0,1.0,1
60,0,2,83.0,6.0,1
300,2,0,83.33333333333333,9.0,0
60,0,0,51.0,2.0,1
120,0,0,83.0,10.0,0
180,3,0,0.0,0.0,1
60,1,0,89.3,10.0,0
120,1,1,76.0,11.0,0
130,2,0,81.63636363636364,11.0,0
60,1,0,0.0,0.0,1
180,1,2,0.0,0.0,1
60,0,0,0.0,0.0,1
150,0,2,77.27272727272727,11.0,0
60,3,2,0.0,0.0,1
60,0,2,73.11111111111111,9.0,0
195,3,2,72.33333333333333,9.0,0
60,2,2,72.0,10.0,0
180,3,2,65.0,1.0,1
60,1,2,68.0,1.0,1
60,0,0,96.7,10.0,0
60,1,0,86.0,10.0,0
60,0,0,82.81818181818181,11.0,0
150,0,0,79.9090909090909,11.0,0
60,0,2,59.0,1.0,1
120,0,4,87.72727272727273,11.0,0
60,0,0,0.0,0.0,1
150,0,2,82.33333333333333,3.0,1
60,0,0,0.0,0.0,1
60,0,2,82.375,8.0,1
180,0,0,76.22222222222223,9.0,0
60,0,2,70.0,10.0,0
90,0,0,64.0,1.0,1
120,0,1,84.27272727272727,11.0,0
60,2,2,78.5,6.0,1
60,0,0,92.4,10.0,0
60,2,2,0.0,0.0,1
60,0,0,82.77777777777777,9.0,0
120,0,0,84.72727272727273,11.0,0
240,2,2,50.0,1.0,1
105,0,2,85.0,1.0,1
90,1,2,78.4,5.0,1
60,0,2,53.0,1.0,1
240,0,0,70.0,10.0,1
150,3,2,80.0,1.0,1
90,0,0,78.75,8.0,1
120,1,2,35.0,1.0,1
120,1,2,76.81818181818181,11.0,0
60,0,0,82.0,4.0,1
90,0,0,0.0,0.0,1
60,0,0,94.27272727272728,11.0,0
60,0,2,0.0,0.0,1
60,0,1,89.33333333333333,6.0,1
120,0,2,0.0,0.0,1
60,0,0,85.83333333333333,18.0,1
60,0,1,76.8,5.0,1
60,0,2,70.5,2.0,1
60,0,2,0.0,0.0,1
180,0,0,70.7,10.0,0
60,0,1,79.75,4.0,1
60,1,0,0.0,0.0,1
60,0,2,81.77777777777777,9.0,1
60,1,2,84.88888888888889,9.0,1
120,0,1,82.2,10.0,0
60,2,2,76.54545454545455,11.0,0
120,1,2,35.0,1.0,1
195,1,2,87.5,2.0,1
60,0,0,95.63636363636364,11.0,0
60,0,2,92.1,10.0,0
120,0,2,82.0,1.0,1
120,2,2,0.0,0.0,1
60,0,2,76.33333333333333,3.0,1
120,2,2,0.0,0.0,1
60,0,2,76.2,5.0,1
120,1,0,75.0,2.0,1
180,0,0,55.0,1.0,1
60,0,2,67.0,2.0,1
180,2,1,0.0,0.0,1
90,0,0,64.0,5.0,1
180,0,0,0.0,0.0,1
120,0,2,89.81818181818181,11.0,0
240,0,0,84.85714285714286,7.0,1
120,1,1,85.5,10.0,0
60,1,0,90.72727272727272,11.0,0
180,0,0,63.66666666666666,9.0,1
60,0,2,57.0,1.0,1
120,1,2,56.3,10.0,1
240,0,2,79.81818181818181,11.0,0
180,1,0,89.81818181818181,11.0,0
120,0,1,0.0,0.0,1
120,0,1,82.33333333333333,3.0,1
60,0,2,84.0,10.0,0
60,1,0,74.5,4.0,1
60,0,0,90.1818181818182,11.0,0
60,0,2,0.0,0.0,1
60,2,0,48.8,5.0,1
60,0,2,75.75,4.0,1
60,0,2,89.36363636363636,11.0,0
60,1,2,0.0,0.0,1
60,1,0,0.0,0.0,1
60,0,2,57.55555555555556,9.0,1
120,1,2,72.66666666666667,9.0,1
120,2,2,80.61538461538461,13.0,0
300,1,2,0.0,0.0,1
60,0,2,70.28571428571429,7.0,1
120,1,1,92.3,10.0,0
180,1,2,0.0,0.0,1
60,0,2,76.71428571428571,7.0,0
180,0,0,0.0,0.0,1
120,1,0,84.33333333333333,6.0,0
150,0,2,76.0909090909091,11.0,0
150,2,2,79.0,4.0,1
120,0,0,83.6,10.0,0
120,0,1,84.45454545454545,11.0,0
120,0,2,69.25,4.0,1
105,1,0,86.66666666666667,3.0,1
120,0,0,0.0,0.0,1
60,0,0,0.0,0.0,1
135,0,1,0.0,0.0,1
150,0,0,73.0,1.0,1
180,1,1,0.0,0.0,1
60,0,1,78.5,6.0,1
120,0,0,72.0,5.0,1
120,0,0,65.66666666666667,3.0,1
120,1,2,90.44444444444444,9.0,0
60,0,2,0.0,0.0,1
180,1,2,0.0,0.0,1
60,0,0,66.0,2.0,1
60,0,0,0.0,0.0,1
120,0,0,62.2,5.0,1
60,0,0,81.71428571428571,7.0,1
60,0,2,78.8,5.0,1
60,0,2,66.0,1.0,1
120,0,0,84.45454545454545,11.0,0
120,3,2,83.9,10.0,0
60,0,0,87.36363636363636,11.0,0
90,0,1,60.833333333333336,6.0,1
120,1,2,74.45454545454545,11.0,0
120,0,0,76.18181818181819,11.0,1
120,1,1,82.7,10.0,0
120,2,0,79.66666666666667,3.0,1
120,2,0,80.54545454545455,11.0,1
195,1,0,0.0,0.0,1
180,0,2,79.5,4.0,1
330,1,2,0.0,0.0,1
120,0,2,80.9,10.0,0
60,1,2,0.0,0.0,1
60,0,2,77.72727272727273,11.0,0
60,0,0,0.0,0.0,1
120,1,0,0.0,0.0,1
60,0,0,0.0,0.0,1
150,2,1,0.0,0.0,1
60,1,0,77.2,10.0,1
60,1,0,76.9090909090909,11.0,0
120,0,0,90.8181818181818,11.0,0
150,1,1,0.0,0.0,1
120,1,0,64.44444444444444,9.0,0
120,0,0,94.27272727272728,11.0,0
60,0,0,93.27272727272728,11.0,0
60,0,2,0.0,0.0,1
60,0,2,60.125,8.0,0
60,0,1,0.0,0.0,1
60,0,0,88.63636363636364,11.0,0
60,1,2,62.125,8.0,1
120,1,2,83.18181818181819,11.0,0
90,0,2,71.0,1.0,1
120,2,0,84.81818181818181,11.0,0
60,0,3,61.90909090909091,11.0,1
120,0,1,50.0,2.0,1
120,0,0,91.375,16.0,1
60,0,2,85.11111111111111,9.0,0
60,0,2,81.81818181818181,11.0,0
120,0,2,75.8,10.0,0
60,2,0,100.0,3.0,1
60,1,0,89.0,10.0,0
60,1,0,86.6,10.0,0
60,1,2,84.0,11.0,0
60,1,0,87.36363636363636,11.0,0
90,1,2,0.0,0.0,1
60,0,0,85.81818181818181,11.0,0
180,1,2,90.375,8.0,0
120,2,0,78.1,10.0,0
60,0,2,65.66666666666667,3.0,1
60,0,0,78.1,10.0,0
60,1,0,72.5,2.0,1
60,0,0,55.0,1.0,1
60,0,2,78.0,11.0,0
120,2,0,81.0,7.0,1
180,0,2,66.5,6.0,1
90,1,0,66.875,8.0,1
60,0,2,0.0,0.0,1
60,0,0,69.33333333333333,3.0,1
60,0,2,0.0,0.0,1
90,0,0,81.81818181818181,11.0,0
120,1,0,0.0,0.0,1
60,0,0,89.54545454545455,11.0,0
120,0,2,69.6,10.0,1
60,0,0,86.18181818181819,11.0,0
60,1,0,83.36363636363636,11.0,0
60,0,2,79.9090909090909,11.0,0
120,0,1,75.1,10.0,0
120,0,2,81.0909090909091,11.0,0
120,0,0,76.5,10.0,0
60,0,2,68.42857142857143,7.0,0
120,1,2,0.0,0.0,1
240,2,2,93.33333333333331,3.0,1
75,1,2,0.0,0.0,1
120,2,0,41.81818181818182,11.0,1
120,1,2,76.33333333333333,12.0,1
120,0,1,26.5,2.0,1
60,0,1,58.54545454545455,11.0,0
120,2,0,79.33333333333333,3.0,1
240,1,0,78.5,8.0,0
180,0,0,84.36363636363636,11.0,0
180,1,0,85.5,10.0,0
60,0,2,55.0,9.0,1
60,1,0,0.0,0.0,1
120,2,0,76.72727272727273,11.0,0
60,1,1,82.8,10.0,0
270,1,1,73.54545454545455,11.0,0
60,0,2,87.7,10.0,0
120,1,2,0.0,0.0,1
60,0,2,78.3,10.0,0
60,1,2,72.81818181818181,11.0,0
90,0,1,0.0,0.0,1
210,2,2,0.0,0.0,1
60,0,0,78.36363636363636,11.0,0
120,0,0,79.55555555555556,9.0,0
120,2,2,80.0,11.0,0
120,0,1,86.36363636363636,11.0,0
60,0,2,84.0,3.0,1
120,0,1,56.63636363636363,11.0,0
60,0,0,94.72727272727272,11.0,0
120,0,0,0.0,0.0,1
60,1,2,86.18181818181819,11.0,0
120,0,0,87.0,1.0,1
120,1,0,85.81818181818181,11.0,0
60,1,1,34.55555555555556,9.0,1
240,2,0,81.0,9.0,0
60,0,0,78.0,12.0,1
60,0,1,88.18181818181819,11.0,0
180,1,2,0.0,0.0,1
90,0,0,92.9090909090909,11.0,0
60,1,3,88.6,5.0,1
120,0,0,70.0,1.0,1
180,1,2,68.8,10.0,0
60,0,2,88.0,11.0,0
60,0,0,66.54545454545455,11.0,1
60,1,0,72.54545454545455,11.0,0
60,0,2,72.36363636363636,11.0,0
60,0,0,0.0,0.0,1
60,1,1,83.0,1.0,1
60,0,2,53.0,1.0,1
150,0,2,77.2,10.0,1
150,0,2,0.0,0.0,1
60,1,1,92.27272727272728,11.0,0
60,0,1,83.9090909090909,11.0,0
60,1,2,100.0,1.0,1
60,1,0,83.66666666666667,9.0,0
120,1,0,86.8,10.0,1
120,1,2,88.6,5.0,1
60,1,2,67.33333333333333,15.0,1
60,0,0,85.36363636363636,11.0,0
60,0,0,64.33333333333333,6.0,1
60,1,2,91.66666666666669,3.0,1
135,1,1,88.5,10.0,0
60,0,0,86.7,10.0,0
180,2,0,73.5,2.0,1
60,0,2,0.0,0.0,1
120,2,0,60.75,4.0,1
120,0,1,85.33333333333333,3.0,1
60,0,2,79.3,10.0,0
180,2,0,66.18181818181819,11.0,0
120,0,1,87.36363636363636,11.0,0
60,0,2,84.1,10.0,1
120,1,1,68.0,3.0,1
60,1,2,81.36363636363636,11.0,0
120,0,0,74.0,3.0,1
120,1,3,38.0,2.0,1
120,0,1,73.77777777777777,9.0,0
120,1,0,78.86666666666666,15.0,1
180,0,2,85.33333333333333,9.0,0
120,1,2,0.0,0.0,1
60,0,0,77.375,8.0,0
60,0,0,59.285714285714285,7.0,1
120,0,0,71.0,11.0,0
90,0,2,0.0,0.0,1
60,0,2,67.38461538461539,13.0,1
60,0,1,87.72727272727273,11.0,0
120,1,0,74.0909090909091,11.0,1
60,0,1,91.1818181818182,11.0,0
120,1,2,68.0,1.0,1
60,0,2,80.7,10.0,0
120,0,1,82.45454545454545,11.0,0
120,1,2,83.27272727272727,11.0,0
90,0,0,90.36363636363636,11.0,0
150,1,0,80.5,4.0,1
180,1,2,0.0,0.0,1
120,1,0,0.0,0.0,1
60,0,0,62.81818181818182,11.0,1
60,0,0,75.0,11.0,0
60,0,0,71.0,10.0,0
120,0,1,91.0909090909091,11.0,0
120,0,3,75.27272727272727,11.0,0
60,0,0,69.42857142857143,7.0,1
120,1,2,72.47368421052632,19.0,1
180,1,2,85.36363636363636,11.0,0
60,0,2,65.0,1.0,1
120,0,2,60.8,10.0,1
60,0,2,67.66666666666667,3.0,1
60,0,0,95.27272727272728,11.0,0
60,0,2,89.9,10.0,0
120,1,2,0.0,0.0,1
120,1,0,83.3,10.0,0
60,0,1,77.0,8.0,0
120,1,3,75.0,10.0,1
60,0,2,0.0,0.0,1
120,0,0,75.2,10.0,0
180,0,1,72.33333333333333,9.0,1
60,0,2,89.9090909090909,11.0,0
60,0,2,88.0,10.0,0
60,0,0,96.45454545454544,11.0,0
120,0,0,85.3,10.0,0
60,0,0,90.8181818181818,11.0,0
60,0,2,61.375,8.0,1
60,0,0,81.36363636363636,11.0,0
120,0,2,90.36363636363636,11.0,0
60,0,2,83.63636363636364,11.0,0
60,0,0,89.0,10.0,0
120,0,1,71.27272727272727,11.0,0
60,0,2,63.25,4.0,1
60,0,0,83.81818181818181,11.0,0
120,0,2,80.18181818181819,11.0,0
60,0,1,78.0,10.0,0
135,0,2,86.5,10.0,0
60,0,0,0.0,0.0,1
120,0,1,81.11111111111111,9.0,1
120,1,2,73.5,6.0,1
180,0,0,84.0,1.0,1
120,0,2,71.18181818181819,11.0,1
180,0,0,50.5,6.0,1
60,0,1,75.81818181818181,11.0,1
120,0,2,0.0,0.0,1
240,1,3,67.33333333333333,9.0,0
180,1,2,82.0,8.0,1
60,0,0,93.36363636363636,11.0,0
240,0,0,0.0,0.0,1
180,1,2,74.45454545454545,11.0,0
180,0,2,0.0,0.0,1
120,1,0,83.0909090909091,11.0,0
180,1,2,0.0,0.0,1
180,1,0,88.4,10.0,0
120,1,2,0.0,0.0,1
120,1,2,70.33333333333333,3.0,1
120,1,2,89.54545454545455,11.0,0
120,1,2,71.36363636363636,11.0,1
120,0,1,0.0,0.0,1
120,1,0,87.72727272727273,11.0,0
180,1,0,82.3,10.0,1
120,1,2,65.0909090909091,11.0,1
120,0,2,72.0,1.0,1
60,0,1,0.0,0.0,1
60,0,2,89.66666666666667,6.0,1
60,0,0,72.66666666666667,3.0,1
60,0,0,83.45454545454545,11.0,0
60,0,2,0.0,0.0,1
60,0,2,82.0,11.0,0
60,0,0,0.0,0.0,1
180,0,0,67.0,3.0,1
60,0,2,81.3,10.0,0
60,0,2,0.0,0.0,1
120,0,0,84.18181818181819,11.0,0
120,1,0,84.8,10.0,0
120,0,2,0.0,0.0,1
60,0,2,81.0,5.0,1
120,1,0,79.36363636363636,11.0,1
120,1,2,67.5,10.0,0
60,0,0,78.66666666666667,3.0,1
60,0,0,71.5,4.0,1
135,0,2,78.33333333333333,9.0,1
120,0,0,84.72727272727273,11.0,1
60,0,2,75.81818181818181,11.0,0
135,0,0,75.18181818181819,11.0,0
60,0,2,84.63636363636364,11.0,0
60,0,2,94.63636363636364,11.0,0
210,1,2,0.0,0.0,1
60,0,2,0.0,0.0,1
60,0,0,93.36363636363636,11.0,0
180,1,0,77.0,1.0,1
240,1,0,77.0,1.0,1
120,1,1,86.25,4.0,1
135,1,0,59.0,1.0,1
120,0,0,0.0,0.0,1
120,1,2,43.0,1.0,1
60,0,0,92.72727272727272,11.0,0
60,0,2,0.0,0.0,1
120,1,0,69.875,8.0,1
120,1,2,77.72727272727273,11.0,0
60,0,0,67.27272727272727,11.0,0
60,0,2,75.3,10.0,0
180,1,0,76.2,5.0,1
180,1,0,41.0,2.0,1
60,0,0,84.57142857142857,7.0,0
60,0,0,80.5,10.0,1
60,0,2,73.11111111111111,9.0,0
90,0,0,68.63636363636364,11.0,0
120,1,2,0.0,0.0,1
150,0,2,82.3,10.0,0
60,0,1,87.63636363636364,11.0,0
60,0,2,88.9090909090909,11.0,0
120,1,2,72.625,8.0,0
60,0,0,66.6,10.0,0
60,0,0,50.0,1.0,1
60,0,2,47.625,8.0,1
60,0,2,75.77777777777777,9.0,0
60,0,2,82.36363636363636,11.0,0
60,0,2,68.28571428571429,7.0,1
120,1,0,84.0,11.0,0
60,0,0,94.9090909090909,11.0,0
60,0,0,71.0,11.0,0
60,0,0,81.33333333333333,9.0,0
120,1,0,86.36363636363636,11.0,0
60,0,2,73.63636363636364,11.0,0
240,1,0,0.0,0.0,1
60,0,0,79.25,8.0,1
240,1,0,51.333333333333336,6.0,1
120,0,0,62.2,5.0,1
60,0,2,77.0,3.0,1
60,0,2,80.72727272727273,11.0,0
60,0,0,82.72727272727273,11.0,0
60,0,2,90.5,10.0,0
240,1,0,77.625,8.0,1
180,1,2,89.9090909090909,11.0,0
180,1,0,0.0,0.0,1
60,0,0,92.0909090909091,11.0,0
120,1,0,81.36363636363636,11.0,0
180,1,0,90.45454545454544,11.0,0
120,1,2,66.81818181818181,11.0,1
120,0,0,78.5,4.0,1
120,1,2,77.0,1.0,1
180,1,1,0.0,0.0,1
60,0,0,91.54545454545456,11.0,0
90,0,1,72.36363636363636,11.0,0
60,0,0,88.63636363636364,11.0,0
60,0,3,70.16666666666667,6.0,1
240,1,2,82.5,8.0,0
180,0,0,87.66666666666667,3.0,1
210,0,0,75.0,1.0,1
240,1,0,69.5,10.0,1
120,1,2,75.72727272727273,11.0,0
60,0,0,86.54545454545455,11.0,0
180,0,2,84.75,16.0,1
120,0,2,77.5,2.0,1
60,0,2,68.8,5.0,1
180,1,0,81.9090909090909,11.0,0
75,0,2,53.27272727272727,11.0,0
120,0,0,0.0,0.0,1
60,0,2,79.1,10.0,0
60,0,0,0.0,0.0,1
60,0,2,84.27272727272727,11.0,0
120,1,0,71.75,4.0,1
60,0,0,0.0,0.0,1
60,0,1,0.0,0.0,1
210,1,2,46.16666666666666,6.0,1
60,0,0,86.0,11.0,0
60,0,2,0.0,0.0,1
60,0,0,67.33333333333333,9.0,1
60,0,0,71.88888888888889,9.0,0
120,1,2,82.18181818181819,11.0,0
60,0,0,74.9090909090909,11.0,0
60,0,0,75.44444444444444,9.0,1
150,0,0,78.9090909090909,22.0,1
120,0,1,86.63636363636364,11.0,0
60,0,0,75.0,1.0,1
120,0,2,0.0,0.0,1
60,0,2,0.0,0.0,1
150,0,2,0.0,0.0,1
120,1,0,68.5,10.0,0
60,0,2,0.0,0.0,1
120,0,0,0.0,0.0,1
120,1,2,65.36363636363636,11.0,1
240,1,2,0.0,0.0,1
150,0,1,61.72727272727273,11.0,0
60,0,0,95.27272727272728,11.0,0
60,0,2,89.1,10.0,0
60,0,2,0.0,0.0,1
60,0,1,0.0,0.0,1
120,0,2,87.27272727272727,11.0,0
180,1,2,0.0,0.0,1
60,0,0,0.0,0.0,1
120,1,2,0.0,0.0,1
60,0,2,96.36363636363636,11.0,0
60,0,1,40.6,5.0,1
120,1,0,65.5,2.0,1
60,0,2,86.375,8.0,1
60,0,2,65.66666666666667,6.0,1
180,0,2,59.3,10.0,1
60,0,2,88.6,10.0,0
60,0,0,85.7,10.0,0
60,0,2,69.44444444444444,9.0,0
60,0,2,86.72727272727273,11.0,0
60,0,0,84.66666666666667,9.0,0
60,0,2,84.27272727272727,11.0,0
120,1,2,74.0,11.0,0
120,2,2,80.0,1.0,1
120,0,2,41.3,10.0,1
60,0,2,81.45454545454545,11.0,0
60,0,0,78.5,6.0,1
240,1,0,0.0,0.0,1
60,0,0,78.27272727272727,11.0,0
120,0,0,53.0,1.0,1
120,0,2,53.25,4.0,1
60,0,2,90.42857142857144,7.0,1
120,1,2,0.0,0.0,1
120,1,2,73.0,4.0,1
120,1,2,55.5,10.0,1
120,0,2,77.6,5.0,1
240,1,2,0.0,0.0,1
60,0,0,88.72727272727273,11.0,0
60,0,0,82.5,10.0,0
180,1,2,0.0,0.0,1
60,0,2,0.0,0.0,1
120,0,0,81.72727272727273,11.0,0
180,1,2,0.0,0.0,1
120,1,2,72.7,10.0,1
60,0,2,57.90909090909091,11.0,0
60,0,0,0.0,0.0,1
60,0,0,59.22222222222222,9.0,1
120,1,0,76.81818181818181,11.0,0
60,0,2,69.33333333333333,9.0,1
120,0,2,71.54545454545455,11.0,0
60,0,2,0.0,0.0,1
120,0,2,0.0,0.0,1
120,0,0,0.0,0.0,1
120,1,0,69.9,10.0,1
120,1,0,74.125,8.0,0
60,0,2,56.333333333333336,3.0,1
60,0,2,78.63636363636364,11.0,1
120,1,2,0.0,0.0,1
120,1,2,0.0,0.0,1
120,1,0,79.36363636363636,11.0,0
60,0,0,69.25,8.0,0
120,0,0,63.42857142857143,7.0,0
60,0,0,80.33333333333333,9.0,0
60,0,0,91.27272727272728,11.0,0
195,1,2,62.2,10.0,0
150,0,0,80.4,10.0,0
60,0,0,84.85714285714286,7.0,0
120,0,2,72.28571428571429,7.0,1
60,0,1,90.36363636363636,11.0,0
120,1,2,0.0,0.0,1
120,1,2,84.18181818181819,11.0,0
120,1,3,73.14285714285714,7.0,0
120,1,2,0.0,0.0,1
90,0,2,79.5,10.0,0
120,0,0,86.63636363636364,11.0,0
120,1,2,0.0,0.0,1
60,0,0,88.27272727272727,11.0,0
120,1,2,75.0,2.0,1
60,0,0,88.27272727272727,11.0,0
120,0,2,82.27272727272727,11.0,0
60,0,2,84.66666666666667,9.0,1
150,0,2,75.36363636363636,11.0,0
60,0,2,79.18181818181819,11.0,0
60,0,2,53.0,1.0,1
120,1,0,77.55555555555556,9.0,0
120,1,2,62.333333333333336,3.0,1
120,1,0,81.3,10.0,0
60,0,0,77.7,10.0,1
60,0,2,74.33333333333333,6.0,0
60,0,2,0.0,0.0,1
120,1,2,84.55555555555556,9.0,0
60,0,2,0.0,0.0,1
60,0,2,0.0,0.0,1
120,1,2,0.0,0.0,1
60,0,2,75.9,10.0,0
60,0,0,0.0,0.0,1
90,0,2,70.6,5.0,1
120,0,2,90.2,10.0,0
120,1,2,89.2,10.0,0
60,0,0,86.9090909090909,11.0,0
120,1,2,0.0,0.0,1
60,0,0,83.9,10.0,0
120,1,2,69.2,10.0,1
60,0,0,80.54545454545455,11.0,0
60,0,2,78.75,8.0,0
60,0,0,0.0,0.0,1
120,0,0,87.54545454545455,11.0,0
120,1,2,69.33333333333333,6.0,1
120,1,2,0.0,0.0,1
120,0,0,89.81818181818181,11.0,0
60,0,0,0.0,0.0,1
75,0,0,80.81818181818181,11.0,1
120,0,2,89.0909090909091,11.0,0
90,0,2,68.0,11.0,0
240,1,0,0.0,0.0,1
150,0,0,86.6,10.0,0
120,1,2,81.75,4.0,1
120,0,0,0.0,0.0,1
60,0,0,88.0,11.0,0
60,0,0,0.0,0.0,1
60,0,2,0.0,0.0,1
150,1,2,0.0,0.0,1
60,0,2,0.0,0.0,1
60,0,2,81.81818181818181,11.0,0
60,0,2,74.0,10.0,1
120,0,2,0.0,0.0,1
120,0,2,57.66666666666666,3.0,1
75,0,2,78.1,10.0,0
120,1,2,0.0,0.0,1
60,0,0,0.0,0.0,1
60,0,2,88.71428571428571,21.0,1
240,1,2,90.42857142857144,7.0,1
60,0,2,65.11111111111111,9.0,0
240,1,0,80.66666666666667,3.0,1
120,0,2,64.9090909090909,11.0,0
120,0,0,82.54545454545455,11.0,0
120,1,2,83.54545454545455,11.0,0
120,0,0,73.0,1.0,1
120,1,0,0.0,0.0,1
60,0,2,67.0,1.0,1
60,0,2,76.0,4.0,1
60,0,2,52.66666666666666,3.0,1
120,1,2,94.6,10.0,0
60,0,2,87.0,11.0,0
60,0,0,76.0,10.0,0
150,0,2,60.5,2.0,1
180,1,0,64.2,5.0,1
60,0,0,79.0909090909091,11.0,0
120,1,0,94.45454545454544,11.0,0
180,0,2,66.66666666666667,3.0,1
60,0,0,84.81818181818181,11.0,0
60,0,0,70.9,10.0,1
120,0,2,82.18181818181819,11.0,0
60,0,0,89.4,10.0,0
120,1,2,62.0,1.0,1
60,0,2,84.18181818181819,11.0,0
120,1,0,0.0,0.0,1
120,1,2,58.22222222222222,9.0,1
180,1,2,67.22222222222223,9.0,0
150,1,1,0.0,0.0,1
60,0,2,86.0,7.0,0
75,0,0,74.72727272727273,11.0,1
60,0,1,72.2,10.0,0
120,1,2,0.0,0.0,1
180,0,0,60.09090909090909,11.0,0
60,0,1,80.33333333333333,3.0,1
120,1,0,0.0,0.0,1
120,1,0,63.5,8.0,0
120,1,0,0.0,0.0,1
60,0,0,60.0,1.0,1
120,1,2,0.0,0.0,1
60,0,0,0.0,0.0,1
180,1,2,77.16666666666667,6.0,1
60,0,0,49.22222222222222,9.0,0
60,0,0,54.22222222222222,9.0,0
60,0,2,0.0,0.0,1
60,0,2,80.0,2.0,1
60,0,2,70.5,2.0,1
60,0,0,0.0,0.0,1
120,0,0,72.875,8.0,1
120,1,0,66.0,1.0,1
60,0,2,55.0,1.0,1
180,1,0,0.0,0.0,1
120,1,0,70.0,1.0,1
120,1,2,48.0,8.0,1
120,0,1,39.0,1.0,1
60,0,1,0.0,0.0,1
120,1,2,0.0,0.0,1
60,0,2,78.0,3.0,1
270,1,0,82.72727272727273,11.0,0
120,1,2,0.0,0.0,1
60,0,2,0.0,0.0,1
60,0,1,85.0,1.0,1
60,0,0,28.285714285714285,7.0,1
60,0,0,70.0,5.0,1
60,0,2,81.8,5.0,1
60,0,2,69.66666666666667,3.0,1
60,0,0,77.0,11.0,0
60,0,2,0.0,0.0,1
120,0,2,80.0,1.0,1
60,0,2,0.0,0.0,1
60,0,1,73.5,12.0,1
60,0,0,82.8,10.0,0
60,0,0,0.0,0.0,1
60,0,2,75.8,10.0,0
120,0,2,76.36363636363636,11.0,0
60,0,2,64.3,10.0,0
60,0,0,67.0,5.0,1
120,0,2,55.4,5.0,1
60,0,0,68.77777777777777,9.0,0
60,0,0,68.6,5.0,1
120,0,2,88.18181818181819,11.0,0
60,0,0,0.0,0.0,1
60,0,0,81.54545454545455,11.0,0
120,0,0,0.0,0.0,1
60,0,2,70.0,1.0,1
60,0,2,79.66666666666667,3.0,1
60,0,0,83.0,10.0,1
60,0,0,80.81818181818181,11.0,1
120,0,2,80.0,1.0,1
60,0,2,0.0,0.0,1
60,0,0,89.36363636363636,11.0,0
60,0,0,82.8,10.0,0
60,0,0,80.72727272727273,11.0,0
60,0,0,0.0,0.0,1
120,0,0,78.1,10.0,0
60,0,2,0.0,0.0,1
60,0,0,91.0,9.0,0
60,0,0,0.0,0.0,1
60,0,0,83.1,10.0,0
60,0,0,63.888888888888886,9.0,0
120,0,1,0.0,0.0,1
60,0,2,88.0,6.0,1
90,0,2,0.0,0.0,1
120,0,2,82.6,10.0,0
120,0,2,0.0,0.0,1
120,0,0,41.0,1.0,1
60,0,0,0.0,0.0,1
120,0,0,70.3,10.0,0
60,0,2,59.90909090909091,11.0,0
120,0,2,63.7,10.0,1
150,0,0,73.2,10.0,0
60,0,2,80.5,10.0,1
60,0,2,82.0,4.0,1
60,0,2,83.6,5.0,1
60,0,0,73.0,6.0,1
120,0,2,0.0,0.0,1
60,0,2,84.4,5.0,1
60,0,3,0.0,0.0,1
60,0,2,80.36363636363636,11.0,0
60,0,2,71.6,5.0,1
60,0,2,78.0,11.0,0
60,0,0,90.27272727272728,11.0,0
120,0,2,0.0,0.0,1
60,0,0,87.72727272727273,11.0,0
120,0,1,0.0,0.0,1
60,0,2,95.45454545454544,11.0,0
120,0,2,0.0,0.0,1
60,0,1,82.45454545454545,11.0,0
60,0,0,71.54545454545455,11.0,0
60,0,0,92.7,10.0,0
120,0,0,87.66666666666667,3.0,1
120,0,0,82.6,10.0,0
120,0,2,63.36363636363637,11.0,1
120,0,0,85.11111111111111,9.0,0
60,0,2,0.0,0.0,1
120,0,0,82.5,10.0,0
120,0,2,75.3,10.0,1
120,0,0,88.0,11.0,0
60,0,2,60.0,7.0,1
60,0,2,71.33333333333333,9.0,0
60,0,2,0.0,0.0,1
60,0,2,0.0,0.0,1
60,0,2,83.0,4.0,1
60,0,2,56.42857142857143,7.0,1
60,0,0,79.0909090909091,11.0,0
60,0,0,0.0,0.0,1
60,0,2,60.333333333333336,3.0,1
60,0,2,0.0,0.0,1
60,0,2,0.0,0.0,1
75,0,0,0.0,0.0,1
60,0,0,0.0,0.0,1
60,0,0,85.83333333333333,6.0,1
60,0,1,86.7,10.0,1
60,0,2,64.2,5.0,1
60,0,0,78.7,10.0,0
120,0,2,85.9,10.0,0
120,0,0,81.0909090909091,11.0,0
60,0,2,88.9,10.0,0
120,0,0,68.7,10.0,1
120,0,0,0.0,0.0,1
90,0,2,0.0,0.0,1
120,0,1,92.0909090909091,11.0,0
60,0,2,68.66666666666667,3.0,1
120,0,0,79.0,11.0,0
60,0,1,0.0,0.0,1
180,0,0,88.81818181818181,11.0,0
60,0,0,85.0909090909091,11.0,0
60,0,0,74.6,10.0,0
60,0,0,87.7,10.0,0
120,0,1,88.5,10.0,0
60,0,2,85.18181818181819,11.0,0
60,0,2,0.0,0.0,1
60,0,2,0.0,0.0,1
120,0,2,85.45454545454545,11.0,0
60,0,2,78.81818181818181,11.0,0
60,0,2,68.2,10.0,0
120,0,2,74.25,4.0,1
60,0,0,88.0909090909091,11.0,0
60,0,2,75.7,10.0,0
60,0,0,88.54545454545455,11.0,0
120,0,0,65.0,1.0,1
60,0,0,92.0,4.0,1
60,0,0,79.72727272727273,11.0,0
120,0,2,65.42857142857143,7.0,1
120,0,0,89.18181818181819,11.0,0
60,0,2,78.1,10.0,1
60,0,1,91.1818181818182,11.0,0
120,1,0,0.0,0.0,1
60,0,1,75.18181818181819,11.0,0
120,0,0,86.16666666666667,6.0,1
60,0,2,73.75,8.0,1
60,0,2,82.3,10.0,0
60,0,2,84.9090909090909,11.0,0
60,0,1,67.6,10.0,0
60,0,2,84.27272727272727,11.0,0
60,0,0,76.72727272727273,11.0,0
60,0,2,0.0,0.0,1
120,0,0,94.63636363636364,11.0,0
60,0,3,0.0,0.0,1
60,0,0,75.72727272727273,11.0,1
60,0,2,61.45454545454545,11.0,0
60,0,2,0.0,0.0,1
60,0,0,70.5,10.0,0
120,0,2,86.5,2.0,1
60,0,2,72.71428571428571,7.0,1
60,0,2,85.8,10.0,0
60,0,0,0.0,0.0,1
60,0,2,77.27272727272727,11.0,0
60,0,1,79.36363636363636,11.0,0
75,0,0,79.63636363636364,11.0,0
120,0,2,66.92307692307692,13.0,1
120,0,0,62.0,4.0,1
60,0,0,0.0,0.0,1
60,0,2,86.2,10.0,0
120,0,0,84.1,10.0,0
120,0,0,80.45454545454545,11.0,0
60,0,2,80.81818181818181,11.0,0
60,0,2,0.0,0.0,1
60,0,0,88.27272727272727,11.0,0
120,0,0,83.0,1.0,1
60,0,0,78.11111111111111,9.0,1
60,0,0,55.0,1.0,1
120,0,2,0.0,0.0,1
60,0,1,79.45454545454545,11.0,0
60,0,2,83.0,4.0,1
60,0,2,0.0,0.0,1
60,0,2,84.7,10.0,0
60,0,2,74.3,10.0,0
60,0,2,82.66666666666667,3.0,1
90,0,2,72.125,8.0,1
60,0,2,85.27272727272727,11.0,0
60,0,0,63.36363636363637,11.0,0
60,0,2,89.5,8.0,0
60,0,0,0.0,0.0,1
60,0,3,83.36363636363636,11.0,0
120,0,0,88.42857142857143,7.0,1
120,0,2,0.0,0.0,1
60,0,0,0.0,0.0,1
60,0,0,62.0,7.0,1
60,0,0,82.9090909090909,11.0,0
60,0,0,83.63636363636364,11.0,0
60,0,1,82.1,10.0,1
60,0,0,82.54545454545455,11.0,0
120,0,0,79.1,10.0,0
60,0,0,60.72727272727273,11.0,1
60,0,2,37.0,1.0,1
60,0,2,0.0,0.0,1
60,0,2,73.57142857142857,7.0,1
60,0,0,0.0,0.0,1
120,0,0,72.75,4.0,1
60,0,2,73.0,1.0,1
120,0,2,0.0,0.0,1
60,0,2,83.4,10.0,0
60,0,2,42.0,1.0,1
60,0,0,18.0,2.0,1
60,0,2,39.18181818181818,11.0,1
60,0,2,72.0,4.0,1
60,0,1,84.44444444444444,9.0,0
60,0,2,73.0,1.0,1
60,0,0,43.0,2.0,1
150,0,0,64.7,10.0,1
120,0,2,0.0,0.0,1
60,0,2,79.5,10.0,0
60,0,2,0.0,0.0,1
60,0,2,63.25,8.0,1
60,0,2,75.0,1.0,1
60,0,2,25.0,1.0,1
60,0,1,61.27272727272727,11.0,1
60,0,2,90.36363636363636,11.0,0
60,0,0,0.0,0.0,1
60,0,0,59.333333333333336,9.0,1
60,0,0,86.36363636363636,11.0,0
60,0,2,67.6,5.0,1
120,0,0,87.18181818181819,11.0,0
60,0,2,60.1,10.0,0
60,0,0,0.0,0.0,1
60,0,3,74.81818181818181,11.0,0
120,0,2,78.0909090909091,11.0,0
60,0,0,0.0,0.0,1
120,0,2,80.75,4.0,1
60,0,2,0.0,0.0,1
90,0,2,86.27272727272727,11.0,0
60,0,2,59.5,8.0,1
60,0,0,60.375,8.0,1
60,0,0,73.8,10.0,0
120,0,2,88.36363636363636,11.0,0
60,0,2,0.0,0.0,1
60,0,0,0.0,0.0,1
180,0,2,61.0,4.0,1
60,0,2,85.8,5.0,1
60,0,0,73.5,6.0,1
60,0,2,91.8181818181818,11.0,0
120,0,2,43.1,10.0,1
60,0,0,0.0,0.0,1
60,0,0,0.0,0.0,1
60,0,2,78.0,1.0,1
60,0,2,66.9,10.0,0
60,0,2,0.0,0.0,1
60,0,1,67.85714285714286,7.0,1
60,0,2,54.18181818181818,11.0,1
60,0,2,80.9090909090909,11.0,0
60,0,2,64.28571428571429,14.0,1
120,0,0,65.72727272727273,11.0,0
60,0,2,48.66666666666666,6.0,1
60,0,0,80.0909090909091,11.0,0
60,0,2,0.0,0.0,1
60,0,0,75.0909090909091,11.0,0
60,0,2,0.0,0.0,1
60,0,2,91.5,10.0,0
60,0,0,68.54545454545455,11.0,1
120,0,0,70.9,10.0,0
60,0,0,72.63636363636364,11.0,0
60,0,0,76.2,5.0,1
60,0,0,76.88888888888889,9.0,1
60,0,0,0.0,0.0,1
60,0,0,76.6,5.0,1
60,0,2,0.0,0.0,1
60,0,1,81.0,11.0,0
120,0,2,0.0,0.0,1
60,0,2,71.2,20.0,1
60,0,0,0.0,0.0,1
90,0,0,0.0,0.0,1
60,0,2,87.0,5.0,1
90,0,2,70.0,1.0,1
60,0,2,0.0,0.0,1
60,0,0,83.54545454545455,11.0,0
60,0,0,66.66666666666667,6.0,1
60,0,2,0.0,0.0,1
60,0,2,0.0,0.0,1
60,0,1,88.63636363636364,11.0,0
60,0,2,58.0,10.0,0
60,0,2,65.63636363636364,11.0,0
60,0,1,85.5,8.0,1
60,0,2,0.0,0.0,1
60,0,0,0.0,0.0,1
120,0,1,61.0,4.0,1
120,0,0,0.0,0.0,1
120,0,2,0.0,0.0,1
60,0,2,0.0,0.0,1
60,0,2,68.0,1.0,1
120,0,2,90.63636363636364,11.0,0
60,0,3,66.0,3.0,1
60,0,0,71.36363636363636,11.0,0
60,0,2,81.0,15.0,1
60,0,2,64.9090909090909,11.0,0
60,0,2,0.0,0.0,1
60,0,2,89.5,10.0,0
60,0,2,84.36363636363636,11.0,0
60,0,0,0.0,0.0,1
60,0,0,81.375,8.0,1
60,0,2,73.0909090909091,11.0,1
60,0,1,90.27272727272728,11.0,0
60,0,0,74.81818181818181,11.0,0
60,0,2,0.0,0.0,1
60,0,0,92.8,10.0,0
60,0,0,91.1,10.0,0
60,0,2,0.0,0.0,1
120,0,2,52.375,8.0,0
60,0,0,83.63636363636364,11.0,0
60,0,0,68.77777777777777,9.0,1
60,0,0,0.0,0.0,1
60,0,2,70.83333333333333,6.0,1
180,0,1,87.88888888888889,9.0,0
120,0,0,81.63636363636364,11.0,1
60,0,1,79.66666666666667,3.0,1
60,0,0,85.85714285714286,7.0,1
150,0,0,0.0,0.0,1
60,0,0,74.25,4.0,1
60,0,0,83.1,10.0,0
60,0,2,86.7,10.0,0
120,0,2,0.0,0.0,1
60,0,2,0.0,0.0,1
60,0,2,54.66666666666666,3.0,1
60,0,2,68.22222222222223,9.0,0
60,0,0,75.0909090909091,11.0,0
60,0,2,63.0,2.0,1
60,0,2,81.81818181818181,11.0,0
60,0,2,69.0909090909091,11.0,0
60,0,2,0.0,0.0,1
60,0,0,68.2,5.0,1
60,0,2,0.0,0.0,1
120,0,2,93.54545454545456,11.0,0
60,0,0,91.54545454545456,11.0,0
60,0,0,91.45454545454544,11.0,0
120,0,2,55.0,1.0,1
60,0,0,87.27272727272727,11.0,0
120,0,0,92.44444444444444,9.0,0
60,0,2,0.0,0.0,1
60,0,2,64.0,11.0,0
60,0,0,80.2,10.0,0
60,0,2,85.1,10.0,0
60,0,2,85.3,10.0,0
60,0,0,92.2,10.0,0
60,0,2,0.0,0.0,1
60,0,0,0.0,0.0,1
60,0,0,85.63636363636364,11.0,0
120,0,1,88.2,10.0,0
60,0,0,90.8181818181818,11.0,0
120,0,0,72.0,11.0,0
120,0,0,66.5,2.0,1
60,0,0,0.0,0.0,1
60,0,0,73.22222222222223,9.0,0
60,0,2,48.0,1.0,1
60,0,0,0.0,0.0,1
60,0,0,60.0,1.0,1
60,0,2,88.54545454545455,11.0,0
60,0,0,85.25,8.0,1
120,0,0,83.0,11.0,0
60,0,2,0.0,0.0,1
60,0,2,79.2,5.0,1
60,0,0,81.8,10.0,0
60,0,0,81.0,5.0,1
120,0,0,86.125,8.0,0
60,0,0,79.0909090909091,11.0,0
60,0,1,72.4,10.0,0
120,0,0,0.0,0.0,1
60,0,2,0.0,0.0,1
60,0,0,0.0,0.0,1
60,0,1,90.1818181818182,11.0,0
60,0,1,79.18181818181819,11.0,0
60,0,0,86.0909090909091,11.0,0
60,0,0,84.6,10.0,0
60,0,0,64.2,10.0,1
60,0,2,0.0,0.0,1
120,0,2,66.0,11.0,0
60,0,2,94.8181818181818,11.0,0
60,0,2,0.0,0.0,1
60,0,2,76.5,10.0,0
60,0,1,72.75,4.0,1
60,0,0,83.8,10.0,0
60,0,0,78.54545454545455,11.0,0
60,0,0,72.6,5.0,1
90,0,0,0.0,0.0,1
60,0,3,25.25,4.0,1
60,0,2,71.9090909090909,11.0,0
90,0,0,43.22222222222222,18.0,1
60,0,0,0.0,0.0,1
60,0,2,0.0,0.0,1
60,0,0,73.81818181818181,11.0,0
120,0,0,90.9,10.0,0
60,0,2,0.0,0.0,1
60,0,2,37.66666666666666,3.0,1
60,0,1,77.18181818181819,11.0,0
60,0,0,0.0,0.0,1
60,0,2,0.0,0.0,1
60,0,0,86.0909090909091,11.0,0
60,0,0,0.0,0.0,1
150,0,2,75.0,1.0,1
60,0,2,0.0,0.0,1
60,0,0,70.45454545454545,11.0,0
60,0,2,57.0,1.0,1
180,0,0,0.0,0.0,1
60,0,2,71.45454545454545,11.0,0
60,0,2,0.0,0.0,1
60,0,0,88.36363636363636,11.0,0
60,0,2,90.1818181818182,11.0,0
60,0,0,80.63636363636364,11.0,0
60,0,0,62.0,18.0,1
60,0,2,69.16666666666667,6.0,1
60,0,2,0.0,0.0,1
60,0,0,63.0,1.0,1
60,0,0,80.0909090909091,11.0,0
60,0,2,62.5,10.0,1
60,0,2,78.25,4.0,1
60,0,2,67.75,4.0,1
60,0,2,0.0,0.0,1
60,0,0,93.9090909090909,11.0,0
60,0,2,51.0,1.0,1
60,0,2,65.25,4.0,1
60,0,2,80.1,10.0,0
60,0,0,86.81818181818181,11.0,0
60,0,0,75.45454545454545,11.0,0
60,0,0,62.45454545454545,11.0,1
60,0,0,83.9,10.0,0
60,0,0,86.66666666666667,3.0,1
60,0,0,91.57142857142856,7.0,1
60,0,2,92.6,10.0,0
60,0,1,84.72727272727273,11.0,0
60,0,2,79.0,10.0,0
60,0,2,86.0,11.0,0
60,0,0,83.3,10.0,1
60,0,2,0.0,0.0,1
120,0,0,92.54545454545456,11.0,0
120,0,1,86.54545454545455,11.0,0
90,0,0,81.0,1.0,1
60,0,0,0.0,0.0,1
60,0,2,67.4,5.0,1
60,0,0,58.22222222222222,9.0,1
60,0,2,83.72727272727273,11.0,0
120,0,2,80.11111111111111,9.0,0
120,0,0,51.0,4.0,1
60,0,0,85.9,10.0,0
60,0,0,70.0909090909091,11.0,1
60,0,2,77.25,16.0,1
60,0,0,77.72727272727273,11.0,0
60,0,0,81.2,10.0,0
120,0,0,0.0,0.0,1
60,0,0,64.33333333333333,6.0,0
60,0,1,72.8,10.0,1
60,0,0,72.18181818181819,11.0,0
120,0,2,74.875,8.0,0
60,0,0,0.0,0.0,1
60,0,2,89.0,11.0,0
60,0,2,0.0,0.0,1
60,0,2,0.0,0.0,1
60,0,0,72.5,10.0,1
60,0,0,88.5,10.0,0
60,0,0,70.9090909090909,11.0,0
60,0,1,88.4,10.0,0
60,0,1,90.6,10.0,0
60,0,0,0.0,0.0,1
60,0,2,0.0,0.0,1
60,0,2,0.0,0.0,1
60,0,1,82.2,10.0,0
120,0,0,85.27272727272727,11.0,0
60,0,2,0.0,0.0,1
60,0,0,89.22222222222223,9.0,0
60,0,0,81.71428571428571,7.0,1
60,0,2,78.0,11.0,0
60,0,0,70.5,10.0,0
60,0,2,0.0,0.0,1
60,0,0,84.45454545454545,11.0,0
60,0,1,88.0909090909091,11.0,0
60,0,0,84.22222222222223,9.0,1
60,0,0,85.36363636363636,11.0,0
120,0,0,0.0,0.0,1
60,0,0,0.0,0.0,1
90,0,2,72.66666666666667,9.0,1
60,0,0,64.6,5.0,1
60,0,2,80.66666666666667,9.0,1
60,0,2,82.54545454545455,11.0,0
60,0,0,0.0,0.0,1
60,0,0,80.63636363636364,11.0,0
60,0,2,0.0,0.0,1
60,0,2,69.375,8.0,0
60,0,0,68.0909090909091,11.0,0
60,0,2,80.33333333333333,3.0,1
60,0,0,0.0,0.0,1
60,0,1,75.0,1.0,1
60,0,2,83.5,10.0,0
60,0,1,90.0,10.0,0
60,0,2,84.8,10.0,0
60,0,2,72.0909090909091,11.0,0
60,0,0,83.3,10.0,0
60,0,0,49.27272727272727,11.0,1
120,0,0,81.81818181818181,11.0,0
60,0,0,0.0,0.0,1
60,0,2,76.55555555555556,9.0,0
60,0,2,87.81818181818181,11.0,0
120,0,0,78.36363636363636,11.0,0
60,0,2,68.0,1.0,1
60,0,0,91.9090909090909,11.0,0
60,0,2,80.2,10.0,0
60,0,2,71.0,1.0,1
60,0,2,78.0909090909091,11.0,0
120,0,0,75.18181818181819,11.0,0
60,0,2,60.0,1.0,1
60,0,2,87.63636363636364,11.0,0
120,0,0,77.18181818181819,11.0,0
60,0,0,88.66666666666667,3.0,1
60,0,2,0.0,0.0,1
60,0,0,72.54545454545455,11.0,0
60,0,0,66.63636363636364,11.0,0
60,0,2,80.9090909090909,11.0,1
60,0,2,87.0,4.0,1
120,0,2,0.0,0.0,1
90,0,2,59.6,10.0,1
60,0,2,65.71428571428571,14.0,1
60,0,0,93.1818181818182,11.0,0
120,0,1,0.0,0.0,1
60,0,1,56.25,4.0,1
60,0,0,84.0,11.0,0
60,0,1,0.0,0.0,1
60,0,3,75.0,2.0,1
180,0,2,71.45454545454545,11.0,0
60,0,2,86.45454545454545,11.0,0
150,0,0,0.0,0.0,1
60,0,2,0.0,0.0,1
60,0,0,84.0,3.0,1
60,0,1,88.54545454545455,11.0,0
60,0,2,77.0909090909091,11.0,0
120,0,2,73.81818181818181,11.0,0
60,0,0,0.0,0.0,1
120,0,0,86.63636363636364,11.0,0
60,0,0,0.0,0.0,1
120,0,0,0.0,0.0,1
60,0,2,0.0,0.0,1
60,0,0,67.5,4.0,1
60,0,2,79.33333333333333,3.0,1
60,0,2,77.5,8.0,1
120,0,2,92.72727272727272,11.0,0
60,0,0,0.0,0.0,1
60,0,2,0.0,0.0,1
60,0,0,87.18181818181819,11.0,0
60,0,0,61.5,2.0,1
120,0,0,91.625,8.0,1
60,0,2,80.625,8.0,0
60,0,2,42.0,9.0,1
60,0,0,0.0,0.0,1
60,0,2,63.0,7.0,1
60,0,2,20.0,2.0,1
120,0,2,83.0909090909091,11.0,0
120,0,2,59.0,2.0,1
120,0,1,86.18181818181819,11.0,0
60,0,0,72.63636363636364,11.0,0
60,0,2,82.9090909090909,11.0,0
60,0,0,80.5,4.0,1
60,0,2,0.0,0.0,1
60,0,0,74.0909090909091,11.0,0
60,0,0,85.44444444444444,9.0,0
60,0,0,0.0,0.0,1
60,0,0,60.875,8.0,1
60,0,2,81.36363636363636,11.0,0
120,0,2,0.0,0.0,1
60,0,2,87.0,1.0,1
120,0,1,87.63636363636364,11.0,0
60,0,2,87.2,10.0,0
120,0,0,84.0909090909091,11.0,0
60,0,2,85.5,10.0,1
120,0,0,91.0,11.0,0
120,0,1,81.9090909090909,11.0,0
60,0,0,76.18181818181819,11.0,0
60,0,0,0.0,0.0,1
60,0,2,89.6,10.0,0
60,0,0,42.85714285714285,7.0,1
120,0,1,88.0909090909091,11.0,0
60,0,2,75.0,1.0,1
60,0,0,65.0,1.0,1
60,0,2,78.33333333333333,3.0,1
75,0,2,73.0,3.0,1
60,0,0,67.66666666666667,6.0,1
60,0,2,79.5,8.0,1
60,0,2,0.0,0.0,1
60,0,0,0.0,0.0,1
60,0,1,70.0,5.0,1
60,0,2,0.0,0.0,1
120,0,1,94.5,6.0,0
120,0,2,88.36363636363636,11.0,0
120,0,1,91.45454545454544,11.0,0
60,0,2,43.0,1.0,1
60,0,0,69.72727272727273,11.0,0
60,0,0,0.0,0.0,1
60,0,2,84.54545454545455,11.0,0
60,0,0,80.0,11.0,0
60,0,2,77.0,3.0,1
60,0,2,0.0,0.0,1
60,0,1,82.88888888888889,9.0,0
60,0,2,90.33333333333331,3.0,1
60,0,2,80.0,8.0,1
60,0,0,73.0,1.0,1
60,0,0,78.45454545454545,11.0,1
60,0,0,83.5,10.0,1
60,0,0,75.8,10.0,0
60,0,0,86.18181818181819,11.0,0
60,0,0,77.54545454545455,11.0,0
60,0,0,87.58333333333333,12.0,1
60,0,2,76.9090909090909,11.0,0
60,0,2,63.0,1.0,1
60,0,0,71.63636363636364,11.0,0
60,0,0,68.0909090909091,11.0,0
60,0,0,88.72727272727273,11.0,0
60,0,2,74.1,10.0,0
120,0,0,0.0,0.0,1
60,0,0,85.0,10.0,0
60,0,2,79.0,1.0,1
60,0,2,58.55555555555556,9.0,1
60,0,2,0.0,0.0,1
60,0,2,89.27272727272727,11.0,0
60,0,1,64.0909090909091,11.0,0
60,0,0,88.4,10.0,0
60,0,1,88.27272727272727,11.0,0
60,0,2,66.54545454545455,11.0,0
120,0,0,74.54545454545455,11.0,0
120,0,1,85.81818181818181,11.0,0
60,0,2,89.0,11.0,0
60,0,1,81.22222222222223,9.0,0
60,0,0,78.27272727272727,11.0,1
60,0,2,0.0,0.0,1
60,0,0,0.0,0.0,1
60,0,2,87.1,10.0,0
60,0,2,79.18181818181819,11.0,0
75,0,0,58.09090909090909,11.0,1
60,0,0,76.66666666666667,9.0,0
60,0,2,0.0,0.0,1
90,0,0,81.9,10.0,1
60,0,2,90.9,10.0,1
60,0,2,88.63636363636364,11.0,0
60,0,0,76.45454545454545,11.0,0
60,0,2,92.9090909090909,11.0,0
60,0,0,69.0,5.0,1
60,0,0,0.0,0.0,1
60,0,2,82.0909090909091,11.0,0
60,0,1,85.5,10.0,0
60,0,2,0.0,0.0,1
60,0,0,67.875,8.0,1
60,0,2,0.0,0.0,1
60,0,2,83.33333333333333,3.0,1
60,0,3,0.0,0.0,1
70,0,0,90.54545454545456,11.0,0
60,0,0,67.33333333333333,9.0,0
60,0,2,0.0,0.0,1
60,0,0,68.18181818181819,11.0,0
120,0,0,83.63636363636364,11.0,0
120,0,1,82.18181818181819,11.0,0
120,0,2,87.54545454545455,11.0,0
120,0,0,83.27272727272727,11.0,0
60,0,2,84.54545454545455,11.0,0
60,0,0,49.44444444444444,9.0,1
60,0,0,87.36363636363636,11.0,0
60,0,0,77.11111111111111,9.0,0
120,0,2,73.25,4.0,1
60,0,2,0.0,0.0,1
60,0,2,73.0,1.0,1
60,0,0,78.45454545454545,11.0,0
60,0,0,0.0,0.0,1
60,0,2,0.0,0.0,1
60,0,2,73.25,8.0,1
60,0,2,80.81818181818181,11.0,0
60,0,2,85.0,3.0,1
60,0,2,0.0,0.0,1
60,0,0,86.54545454545455,11.0,0
60,0,1,0.0,0.0,1
60,0,1,87.45454545454545,11.0,0
60,0,2,58.0,1.0,1
60,0,0,71.8,10.0,0
60,0,0,78.0,1.0,1
60,0,2,82.0,5.0,1
120,0,0,80.6,10.0,0
60,0,0,85.33333333333333,3.0,1
60,0,0,61.142857142857146,7.0,0
60,0,0,67.27272727272727,11.0,0
60,0,2,83.27272727272727,11.0,1
60,0,0,89.0,3.0,1
60,0,2,76.3,10.0,1
60,0,1,67.85714285714286,7.0,1
60,0,0,74.6,10.0,1
60,0,2,78.45454545454545,11.0,0
135,0,3,0.0,0.0,1
60,0,2,66.66666666666667,3.0,1
60,0,2,78.9,10.0,0
60,0,0,75.0,1.0,1
60,0,0,88.0,11.0,0
60,0,2,0.0,0.0,1
60,0,2,86.8,10.0,0
60,0,0,0.0,0.0,1
60,0,2,62.54545454545455,11.0,0
60,0,2,77.36363636363636,11.0,0
60,0,2,86.66666666666667,3.0,1
120,0,1,93.4,10.0,0
120,0,0,84.81818181818181,11.0,0
120,0,0,93.63636363636364,11.0,0
60,0,0,91.9090909090909,11.0,0
60,0,0,82.63636363636364,11.0,0
60,0,0,80.2,10.0,0
60,0,1,87.55555555555556,9.0,0
60,0,1,75.18181818181819,11.0,0
60,0,0,57.0,1.0,1
60,0,0,86.45454545454545,11.0,0
60,0,0,80.45454545454545,11.0,0
60,0,0,67.33333333333333,3.0,1
60,0,4,79.63636363636364,11.0,0
60,0,2,68.0,1.0,1
60,0,0,44.0,1.0,1
60,0,0,55.0,2.0,1
120,0,2,72.66666666666667,6.0,1
120,0,0,69.5,6.0,0
60,0,2,0.0,0.0,1
60,0,2,50.833333333333336,12.0,1
60,0,2,0.0,0.0,1
60,0,2,0.0,0.0,1
60,0,1,73.11111111111111,9.0,0
60,0,0,0.0,0.0,1
60,0,2,77.75,8.0,1
60,0,2,82.81818181818181,11.0,0
60,0,2,80.33333333333333,6.0,1
120,0,0,73.9090909090909,11.0,0
120,0,0,79.71428571428571,7.0,1
60,0,0,68.7,10.0,0
60,0,2,63.0,1.0,1
120,0,1,92.72727272727272,11.0,0
120,0,1,84.7,10.0,0
60,0,0,85.9090909090909,11.0,0
120,0,1,94.0,11.0,0
120,0,0,87.63636363636364,11.0,0
120,0,0,86.36363636363636,11.0,0
120,0,1,75.72727272727273,11.0,0
60,0,0,73.81818181818181,11.0,0
60,0,2,79.0,3.0,1
120,0,0,92.63636363636364,11.0,0
120,0,2,87.0909090909091,11.0,0
120,0,0,95.8181818181818,11.0,0
120,0,0,87.54545454545455,11.0,0
120,0,0,89.0,11.0,0
120,0,0,82.44444444444444,9.0,0
120,0,1,84.9090909090909,11.0,0
120,0,0,91.8,10.0,0
120,0,2,80.72727272727273,11.0,0
60,0,0,64.28571428571429,7.0,1
60,0,2,63.09090909090909,11.0,0
60,0,2,61.2,10.0,1
60,0,2,66.2,10.0,0
60,0,2,65.0,1.0,1
120,0,0,0.0,0.0,1
120,0,2,85.8,10.0,0
60,0,0,0.0,0.0,1
60,0,1,87.45454545454545,11.0,0
60,0,2,0.0,0.0,1
120,0,0,82.27272727272727,11.0,1
60,0,0,42.0,4.0,1
60,0,0,95.6,10.0,0
120,0,0,54.5,10.0,0
120,0,0,93.1818181818182,11.0,0
60,0,0,85.5,10.0,0
120,0,1,79.18181818181819,11.0,0
120,0,0,67.8,10.0,0
60,0,1,78.54545454545455,11.0,1
60,0,0,0.0,0.0,1
60,0,2,76.9090909090909,11.0,0
120,0,2,71.66666666666667,9.0,1
60,2,1,79.0,4.0,1
60,0,0,97.45454545454544,11.0,0
60,0,2,82.9090909090909,11.0,0
60,0,1,77.88888888888889,9.0,0
60,2,0,91.0,11.0,0
60,0,2,67.72727272727273,11.0,1
90,0,0,90.8181818181818,11.0,0
60,0,0,85.81818181818181,11.0,0
180,1,2,69.2,10.0,0
60,1,2,74.6,10.0,0
120,0,0,79.45454545454545,11.0,0
60,0,2,62.0,8.0,1
210,1,2,82.27272727272727,11.0,0
60,1,0,79.72727272727273,11.0,0
120,0,1,77.63636363636364,11.0,0
60,0,2,60.0,2.0,1
120,1,1,77.14285714285714,7.0,1
120,1,2,72.36363636363636,11.0,0
120,1,1,94.0,11.0,0
120,0,2,73.18181818181819,11.0,0
60,0,0,59.888888888888886,9.0,1
120,1,2,88.27272727272727,11.0,0
60,0,2,73.0,1.0,1
60,0,2,96.0,11.0,0
60,0,1,88.9090909090909,11.0,0
60,1,0,0.0,0.0,1
90,0,0,86.5,10.0,0
120,1,0,79.63636363636364,11.0,0
60,0,2,83.27272727272727,11.0,0
60,3,2,48.8,5.0,1
120,3,2,0.0,0.0,1
60,0,0,88.0,11.0,0
60,0,0,87.0,4.0,1
120,0,2,94.0,11.0,0
150,0,0,87.0,1.0,1
120,3,2,92.0,5.0,0
60,0,1,0.0,0.0,1
90,0,0,78.5,6.0,0
60,0,0,98.72727272727272,11.0,0
60,0,2,78.1,10.0,0
90,0,2,85.77777777777777,9.0,0
90,0,0,82.81818181818181,11.0,1
60,0,0,86.0,8.0,0
60,0,1,0.0,0.0,1
120,0,0,82.4,10.0,0
120,0,1,92.36363636363636,11.0,0
120,1,2,36.1,10.0,1
60,0,0,78.6,10.0,1
120,0,0,70.0,11.0,0
60,0,0,79.9090909090909,11.0,0
120,0,2,0.0,0.0,1
60,0,0,94.0909090909091,11.0,0
60,0,0,96.54545454545456,11.0,1
60,2,0,52.0,1.0,1
60,2,2,84.0,1.0,1
120,0,0,0.0,0.0,1
120,2,2,76.45454545454545,11.0,0
60,0,2,86.7,10.0,0
90,0,0,82.0909090909091,11.0,0
120,1,2,79.18181818181819,11.0,0
60,0,2,70.63636363636364,11.0,0
60,0,2,83.33333333333333,12.0,1
60,1,1,91.0,1.0,1
60,0,0,84.4,5.0,1
60,1,0,0.0,0.0,1
60,1,2,0.0,0.0,1
60,0,0,85.44444444444444,9.0,0
60,1,1,65.0,2.0,1
120,0,1,86.2,10.0,0
120,0,1,88.1,10.0,0
120,0,1,68.6,10.0,0
120,5,2,0.0,0.0,1
240,0,1,75.33333333333333,3.0,1
90,0,2,87.33333333333333,3.0,1
120,0,0,76.36363636363636,11.0,0
60,0,1,83.72727272727273,11.0,0
60,0,3,82.1,10.0,0
120,0,1,85.1,10.0,0
90,0,1,0.0,0.0,1
60,0,1,86.0,3.0,1
120,1,0,0.0,0.0,1
120,0,0,0.0,0.0,1
60,1,2,84.33333333333333,6.0,1
120,0,2,0.0,0.0,1
180,1,0,70.0,2.0,1
60,0,0,0.0,0.0,1
60,0,2,81.0,2.0,1
60,0,2,78.8,10.0,0
120,1,2,70.0,9.0,0
60,0,2,91.0,10.0,0
60,0,1,0.0,0.0,1
120,2,2,80.0,3.0,1
60,0,2,87.8,5.0,1
60,2,2,63.0,1.0,1
60,0,0,88.9,10.0,0
60,0,0,73.625,8.0,0
60,0,0,77.6,10.0,0
60,0,2,63.0,1.0,1
60,1,0,82.7,10.0,1
120,0,0,80.375,8.0,0
60,0,2,0.0,0.0,1
120,4,2,70.18181818181819,11.0,0
60,1,2,87.7,10.0,0
120,0,0,0.0,0.0,1
120,0,2,83.54545454545455,11.0,0
60,0,0,86.9,10.0,0
60,0,2,89.0,11.0,0
120,0,0,78.8,10.0,0
60,0,1,91.9090909090909,11.0,0
60,0,0,0.0,0.0,1
120,1,0,87.72727272727273,11.0,0
120,0,2,88.23529411764706,17.0,1
210,0,1,87.6,10.0,0
120,0,0,94.8181818181818,11.0,0
60,0,2,64.54545454545455,11.0,1
120,0,1,88.5,10.0,0
120,2,2,75.0909090909091,11.0,0
60,1,2,63.8,5.0,1
120,1,0,69.71428571428571,7.0,0
120,0,2,70.72727272727273,11.0,0
60,1,0,0.0,0.0,1
60,2,0,82.5,2.0,1
120,0,1,69.66666666666667,9.0,1
60,0,2,0.0,0.0,1
60,0,0,89.7,10.0,0
60,1,3,82.77777777777777,9.0,1
90,0,2,62.333333333333336,3.0,1
60,0,2,0.0,0.0,1
120,0,1,87.63636363636364,11.0,0
240,0,2,0.0,0.0,1
60,0,2,81.0,1.0,1
150,0,2,70.0,1.0,1
60,3,2,84.36363636363636,11.0,1
300,0,0,0.0,0.0,1
60,0,2,73.0,4.0,1
60,0,2,90.1818181818182,11.0,0
120,0,1,84.54545454545455,11.0,0
120,0,2,73.77777777777777,9.0,0
120,1,1,0.0,0.0,1
90,0,0,66.52941176470588,17.0,1
60,0,0,0.0,0.0,1
120,0,0,0.0,0.0,1
60,0,2,89.45454545454545,11.0,0
60,0,0,71.36363636363636,11.0,0
120,5,2,80.3,10.0,1
60,0,0,92.54545454545456,11.0,0
90,0,0,76.4,10.0,0
120,0,1,96.36363636363636,11.0,0
120,1,2,0.0,0.0,1
180,0,2,70.5,10.0,0
60,0,2,90.63636363636364,11.0,0
60,0,2,84.81818181818181,11.0,0
60,0,0,62.8,10.0,1
120,1,2,73.0,11.0,0
60,0,1,94.0,11.0,0
120,0,0,85.9090909090909,11.0,0
120,0,1,79.54545454545455,11.0,0
120,0,1,91.54545454545456,11.0,0
180,1,2,88.77777777777777,9.0,0
120,1,0,68.14285714285714,7.0,0
120,1,0,76.27272727272727,11.0,0
120,0,2,0.0,0.0,1
120,0,0,54.0,3.0,1
60,0,3,67.0,4.0,1
60,0,3,75.45454545454545,11.0,0
180,3,2,0.0,0.0,1
60,0,2,87.45454545454545,11.0,0
60,0,1,0.0,0.0,1
60,0,0,0.0,0.0,1
60,0,0,93.9090909090909,11.0,0
120,0,2,0.0,0.0,1
60,4,0,0.0,0.0,1
60,0,2,0.0,0.0,1
120,0,2,76.0909090909091,11.0,1
60,0,0,88.0,10.0,0
120,0,2,90.0,5.0,1
120,0,2,78.0,11.0,0
120,1,1,81.9,10.0,0
60,0,0,77.71428571428571,7.0,1
300,3,2,45.90909090909091,11.0,1
120,0,0,77.27272727272727,11.0,0
60,0,2,76.8,10.0,0
60,2,2,93.0,1.0,1
60,1,2,87.54545454545455,11.0,0
90,1,2,81.8,10.0,0
120,1,2,0.0,0.0,1
75,3,2,0.0,0.0,1
60,0,0,72.22222222222223,9.0,0
60,0,2,0.0,0.0,1
60,1,0,76.45454545454545,11.0,0
60,0,2,74.4,10.0,1
60,0,2,0.0,0.0,1
180,0,0,0.0,0.0,1
120,1,2,64.0,5.0,1
120,0,2,0.0,0.0,1
120,1,1,0.0,0.0,1
60,1,2,0.0,0.0,1
60,0,1,57.0,4.0,1
60,1,0,0.0,0.0,1
120,0,0,0.0,0.0,1
120,0,1,77.72727272727273,11.0,0
60,0,0,0.0,0.0,1
60,0,0,88.81818181818181,11.0,0
120,1,2,78.75,4.0,1
60,0,2,93.0,11.0,0
120,0,0,89.72727272727273,11.0,0
60,1,1,69.58333333333333,12.0,1
60,0,1,64.27272727272727,11.0,0
180,0,2,84.85714285714286,7.0,0
60,0,1,91.9090909090909,11.0,0
60,0,1,73.45454545454545,11.0,0
60,0,2,72.27272727272727,11.0,0
120,1,2,78.0,1.0,1
120,0,1,83.18181818181819,11.0,0
60,0,0,90.2,10.0,0
60,0,0,76.72727272727273,11.0,0
60,0,0,90.1818181818182,11.0,0
60,0,0,87.875,8.0,0
60,3,2,68.66666666666667,9.0,1
60,0,2,85.36363636363636,11.0,0
60,0,0,77.2,5.0,1
120,0,0,86.81818181818181,11.0,0
60,2,2,68.81818181818181,11.0,0
90,0,2,80.36363636363636,11.0,0
60,0,2,82.0,11.0,0
60,0,2,0.0,0.0,1
60,0,2,88.33333333333333,3.0,1
120,1,0,85.0909090909091,11.0,0
60,3,2,89.6,10.0,0
60,0,0,72.42857142857143,7.0,1
60,0,2,0.0,0.0,1
60,2,2,89.0909090909091,11.0,0
60,0,2,79.54545454545455,11.0,1
60,1,2,77.8,5.0,1
60,1,2,66.18181818181819,11.0,0
60,1,2,83.9090909090909,11.0,0
60,0,0,82.54545454545455,11.0,0
120,0,2,87.0,9.0,0
60,0,2,65.0,4.0,1
60,3,0,75.6875,16.0,1
60,2,0,0.0,0.0,1
60,2,2,85.15384615384616,13.0,1
60,0,0,79.36363636363636,11.0,0
60,1,2,78.2,5.0,1
60,0,0,91.27272727272728,11.0,0
180,0,2,0.0,0.0,1
60,0,2,68.5,10.0,0
60,1,2,92.0,10.0,0
120,0,0,81.36363636363636,11.0,0
60,1,2,0.0,0.0,1
60,0,2,65.0,1.0,1
60,1,0,67.54545454545455,11.0,0
60,0,2,75.55555555555556,9.0,0
60,0,2,58.5,4.0,1
60,1,2,73.63636363636364,11.0,0
60,1,1,68.0,4.0,1
120,0,0,74.0,10.0,0
60,1,2,66.75,4.0,1
60,3,2,80.0,1.0,0
60,0,2,0.0,0.0,1
60,0,2,0.0,0.0,1
90,0,2,0.0,0.0,1
120,1,1,89.0,11.0,1
60,1,2,79.5,4.0,1
60,0,2,72.45454545454545,11.0,0
120,0,0,74.66666666666667,3.0,1
60,0,0,74.5,10.0,0
60,1,0,88.27272727272727,11.0,0
150,1,0,88.0,10.0,0
60,0,0,81.77777777777777,9.0,0
60,0,0,88.63636363636364,11.0,0
60,1,2,80.0,1.0,1
60,0,3,94.63636363636364,11.0,0
60,0,4,53.09090909090909,11.0,0
60,1,2,64.0,1.0,1
60,0,2,80.36363636363636,11.0,0
120,0,2,82.18181818181819,11.0,0
60,0,0,69.44444444444444,9.0,1
120,0,0,0.0,0.0,1
180,2,1,0.0,0.0,1
120,0,0,80.54545454545455,11.0,0
180,1,2,73.0909090909091,11.0,1
240,0,2,87.1,10.0,1
60,1,1,69.54545454545455,11.0,0
60,0,2,84.81818181818181,11.0,0
60,0,0,85.22222222222223,9.0,1
60,1,1,83.7,10.0,1
210,0,1,0.0,0.0,1
150,0,2,48.285714285714285,21.0,1
60,0,0,0.0,0.0,1
60,0,0,87.7,10.0,0
120,0,2,73.6,5.0,1
120,1,2,67.25,8.0,1
60,1,3,71.14285714285714,7.0,1
120,0,1,0.0,0.0,1
60,0,0,89.54545454545455,11.0,0
60,0,2,64.0,1.0,1
60,0,1,80.6,10.0,0
60,0,2,0.0,0.0,1
60,1,0,76.8,10.0,0
120,2,2,68.63636363636364,11.0,0
120,0,0,93.0,11.0,0
60,0,1,73.3,10.0,0
60,2,2,70.0,1.0,1
90,1,2,90.16666666666669,6.0,1
60,0,0,74.72727272727273,11.0,0
120,1,0,83.93333333333334,15.0,1
60,0,1,90.72727272727272,11.0,0
60,1,2,60.27272727272727,11.0,0
60,0,1,83.72727272727273,11.0,0
120,2,2,0.0,0.0,1
60,1,2,75.2,10.0,0
60,0,2,79.33333333333333,3.0,1
60,0,0,89.0909090909091,11.0,0
60,0,2,80.45454545454545,11.0,0
120,1,0,72.4,10.0,0
120,0,0,77.7,10.0,0
120,0,2,0.0,0.0,1
60,0,0,89.5,4.0,1
90,0,0,89.81818181818181,11.0,0
120,0,0,83.18181818181819,11.0,0
240,0,0,75.11111111111111,9.0,1
90,0,0,78.1,10.0,0
60,2,1,96.8181818181818,11.0,0
60,0,2,94.0,11.0,0
90,0,2,72.63636363636364,11.0,0
150,1,0,0.0,0.0,1
60,1,0,60.5,2.0,1
60,2,2,71.8,5.0,1
60,1,2,90.0,11.0,1
60,1,2,0.0,0.0,1
75,0,2,72.7,10.0,0
60,0,0,74.66666666666667,12.0,1
60,0,2,75.0,1.0,1
60,0,1,88.45454545454545,11.0,0
120,1,1,73.2,10.0,1
120,0,0,0.0,0.0,1
60,1,0,72.9,10.0,0
60,2,2,65.0,2.0,1
210,0,0,74.0,2.0,1
120,0,0,0.0,0.0,1
120,0,2,65.0,1.0,1
60,1,2,77.33333333333333,3.0,1
60,2,0,91.0909090909091,11.0,0
180,1,1,51.55555555555556,9.0,1
60,0,0,87.63636363636364,11.0,0
60,2,2,56.833333333333336,6.0,1
60,0,0,88.18181818181819,11.0,0
120,2,2,73.45454545454545,11.0,0
60,0,0,78.55555555555556,9.0,0
210,0,0,67.5,2.0,1
60,1,0,87.5,2.0,1
120,0,2,85.0,11.0,0
60,0,2,86.9090909090909,11.0,0
60,0,2,78.72727272727273,11.0,0
60,0,0,82.45454545454545,11.0,0
60,0,2,88.72727272727273,11.0,0
120,1,2,59.63636363636363,11.0,0
60,2,0,0.0,0.0,1
60,1,0,72.0,1.0,1
60,0,0,83.7,10.0,0
60,3,2,80.0,5.0,1
60,0,2,67.83333333333333,6.0,1
90,0,0,53.0,1.0,1
120,3,2,87.66666666666667,3.0,1
60,2,2,50.0,1.0,1
120,2,2,0.0,0.0,1
60,1,2,0.0,0.0,1
180,1,1,92.54545454545456,11.0,1
60,0,2,81.0,11.0,0
60,0,2,0.0,0.0,1
60,0,2,85.33333333333333,3.0,1
60,1,2,70.0,2.0,1
120,0,2,0.0,0.0,1
60,0,1,82.75,4.0,1
60,0,0,63.0,5.0,1
60,0,2,87.0,3.0,1
60,1,2,80.2,10.0,0
120,2,0,0.0,0.0,1
120,1,0,82.6,5.0,1
60,2,0,83.9090909090909,11.0,0
60,0,0,91.72727272727272,11.0,0
60,0,2,78.72727272727273,11.0,0
60,1,0,77.0,10.0,0
120,0,2,83.27272727272727,11.0,0
60,1,2,76.18181818181819,11.0,0
270,1,2,0.0,0.0,1
60,0,1,83.81818181818181,11.0,0
120,0,0,78.27272727272727,11.0,0
120,1,2,82.375,8.0,1
60,3,2,0.0,0.0,1
120,2,2,62.25,4.0,1
60,0,2,87.18181818181819,11.0,0
60,1,1,72.0,10.0,1
90,0,1,81.9090909090909,11.0,0
60,1,2,0.0,0.0,1
90,0,0,85.33333333333333,3.0,1
60,0,0,83.85714285714286,7.0,1
60,0,1,65.8,5.0,1
60,3,1,63.0,1.0,1
60,0,2,72.81818181818181,11.0,0
120,0,2,60.0,1.0,1
60,0,0,80.1,10.0,0
120,0,0,69.0,10.0,0
60,2,0,0.0,0.0,1
60,0,0,87.0,11.0,0
60,1,0,78.0,11.0,0
60,0,0,0.0,0.0,1
120,0,0,0.0,0.0,1
120,0,0,67.2,10.0,0
60,0,1,73.44444444444444,9.0,0
60,1,0,84.6,5.0,1
90,1,0,0.0,0.0,1
60,0,0,86.88888888888889,9.0,0
60,0,2,80.22222222222223,9.0,0
60,0,0,84.66666666666667,3.0,1
90,2,0,72.3,10.0,1
60,0,1,83.18181818181819,11.0,0
60,1,1,59.25,4.0,1
60,0,0,78.81818181818181,11.0,0
60,2,2,87.5,2.0,1
90,0,2,80.0,2.0,1
210,0,0,87.8,10.0,0
60,1,0,77.25,8.0,0
210,1,2,46.0,2.0,1
60,0,0,0.0,0.0,1
180,0,2,0.0,0.0,1
60,0,2,0.0,0.0,1
60,1,0,45.0,1.0,1
120,0,2,0.0,0.0,1
60,2,2,0.0,0.0,1
655,0,2,0.0,0.0,1
60,1,2,0.0,0.0,1
120,1,1,91.9090909090909,11.0,0
120,0,1,0.0,0.0,1
60,2,2,77.5,2.0,1
60,0,0,73.18181818181819,11.0,0
120,2,2,49.0,1.0,1
60,0,2,92.3,10.0,0
60,0,0,0.0,0.0,1
165,0,0,85.72727272727273,11.0,0
60,0,0,85.0,10.0,0
60,0,2,81.2,10.0,0
60,1,2,78.27272727272727,11.0,0
60,0,2,0.0,0.0,1
120,2,1,77.55555555555556,9.0,0
150,0,0,81.5,2.0,1
180,0,0,87.27272727272727,11.0,0
120,1,0,82.7,10.0,0
60,0,2,65.0,1.0,1
60,0,2,77.0,1.0,1
90,1,2,81.0909090909091,11.0,0
60,1,0,66.16666666666667,6.0,1
90,1,0,65.42857142857143,7.0,1
130,2,2,0.0,0.0,1
60,1,2,90.5,4.0,1
60,0,2,79.9090909090909,11.0,0
60,0,2,65.81818181818181,11.0,1
90,0,0,79.0,10.0,0
60,1,2,69.25,4.0,1
60,0,0,77.75,8.0,1
60,1,0,0.0,0.0,1
60,2,2,71.33333333333333,3.0,1
180,0,0,81.22222222222223,9.0,1
120,0,2,83.44444444444444,9.0,0
60,0,1,81.11111111111111,9.0,0
60,0,0,74.8,5.0,1
60,0,2,83.0909090909091,11.0,0
90,0,0,91.1818181818182,11.0,0
60,1,0,86.22222222222223,9.0,1
120,0,0,91.54545454545456,11.0,0
120,0,0,74.5,2.0,1
120,0,2,84.72727272727273,11.0,0
60,0,0,90.45454545454544,11.0,0
60,0,0,0.0,0.0,1
120,2,2,0.0,0.0,1
60,0,2,0.0,0.0,1
60,0,0,72.8,10.0,1
60,0,2,75.0,7.0,0
70,1,2,84.8,10.0,1
60,2,0,77.5,2.0,1
120,0,0,61.4,10.0,1
60,0,0,87.8,10.0,0
60,2,2,68.72727272727273,11.0,1
60,0,0,82.45454545454545,11.0,0
60,0,0,81.9090909090909,11.0,0
60,1,0,76.18181818181819,11.0,1
60,3,0,80.54545454545455,11.0,0
60,1,2,71.71428571428571,7.0,1
60,0,2,0.0,0.0,1
120,0,0,94.0,5.0,1
120,0,0,87.45454545454545,11.0,0
60,1,2,0.0,0.0,1
60,0,0,0.0,0.0,1
60,0,0,82.54545454545455,11.0,0
120,1,1,0.0,0.0,1
60,2,0,84.81818181818181,11.0,0
60,2,0,94.0909090909091,11.0,0
120,0,2,59.125,8.0,1
60,0,2,0.0,0.0,1
60,0,0,69.875,8.0,0
60,1,0,85.36363636363636,11.0,0
60,0,0,91.1818181818182,11.0,0
60,0,0,85.36363636363636,11.0,0
60,1,2,61.63636363636363,11.0,0
90,1,0,0.0,0.0,1
60,0,0,62.85714285714285,7.0,0
120,0,2,73.0,1.0,1
60,0,2,89.0,2.0,1
120,0,0,81.72727272727273,11.0,0
180,0,0,82.7,10.0,0
60,3,0,81.36363636363636,11.0,0
180,1,0,88.57142857142857,7.0,1
60,0,2,93.8181818181818,11.0,0
60,0,0,83.9090909090909,11.0,0
60,0,0,82.36363636363636,11.0,0
60,1,2,0.0,0.0,1
120,0,1,58.5,2.0,1
60,1,1,73.4,10.0,0
60,3,2,0.0,0.0,1
60,0,1,0.0,0.0,1
60,0,0,88.27272727272727,11.0,0
330,1,2,88.45454545454545,11.0,0
90,0,0,86.36363636363636,11.0,0
60,0,0,60.63636363636363,11.0,0
60,0,1,58.42857142857143,7.0,1
120,1,0,80.33333333333333,9.0,1
60,0,0,71.0,4.0,1
60,1,2,0.0,0.0,1
120,1,0,86.0,7.0,1
120,0,0,0.0,0.0,1
120,0,2,84.54545454545455,11.0,0
120,0,1,76.5,10.0,0
60,1,2,71.2,10.0,1
60,0,1,57.75,8.0,0
60,3,0,80.75,4.0,1
120,1,2,89.7,10.0,0
60,1,2,0.0,0.0,1
210,0,0,85.375,8.0,0
120,1,2,88.72727272727273,11.0,1
120,2,2,69.4,10.0,0
60,2,1,82.42857142857143,7.0,1
90,1,2,69.6,10.0,1
180,0,2,76.6,10.0,0
120,0,2,81.33333333333333,3.0,1
60,0,2,78.77777777777777,9.0,0
120,0,0,91.54545454545456,11.0,0
120,0,2,84.1,10.0,0
60,0,2,93.0,11.0,0
120,0,2,0.0,0.0,1
60,1,2,68.45454545454545,11.0,0
90,0,0,76.18181818181819,11.0,0
120,2,2,76.33333333333333,12.0,1
60,0,0,88.45454545454545,11.0,0
60,0,1,71.2,10.0,0
120,0,0,83.0,11.0,0
60,0,1,74.8,10.0,0
120,2,2,0.0,0.0,1
120,0,0,88.6,10.0,0
90,0,0,84.36363636363636,11.0,0
120,0,2,0.0,0.0,1
60,0,2,86.81818181818181,11.0,0
60,0,2,78.9090909090909,11.0,0
60,0,0,77.27272727272727,11.0,0
60,3,2,70.0,1.0,1
60,1,0,0.0,0.0,1
60,0,2,69.9,10.0,0
60,0,2,92.1818181818182,11.0,0
60,1,2,91.5,8.0,0
60,1,2,67.0,1.0,1
60,2,2,92.0,3.0,1
120,2,2,0.0,0.0,1
60,2,2,77.0,11.0,0
60,1,0,78.0,12.0,1
60,0,2,56.0,1.0,1
60,2,0,0.0,0.0,1
90,1,2,0.0,0.0,1
60,0,0,74.45454545454545,11.0,0
60,2,2,0.0,0.0,1
75,0,0,0.0,0.0,1
120,0,2,65.75,4.0,1
60,0,0,83.27272727272727,11.0,0
60,0,0,73.7,10.0,1
90,0,2,72.0,1.0,1
60,1,0,74.45454545454545,11.0,0
120,0,2,75.81818181818181,11.0,0
120,0,0,79.54545454545455,11.0,0
60,2,0,86.8,10.0,1
60,3,2,77.63636363636364,11.0,0
60,1,2,79.66666666666667,9.0,0
60,2,2,67.33333333333333,15.0,0
120,1,0,84.5,4.0,1
100,0,2,0.0,0.0,1
150,2,2,0.0,0.0,1
60,1,2,66.2,5.0,1
60,1,2,95.0,2.0,1
120,0,2,0.0,0.0,1
120,1,3,0.0,0.0,1
60,0,0,56.0,1.0,1
60,0,0,83.72727272727273,11.0,0
60,1,0,85.81818181818181,11.0,0
120,0,0,78.0909090909091,11.0,0
60,0,0,78.75,4.0,1
60,1,0,62.81818181818182,11.0,0
60,0,2,68.18181818181819,11.0,1
120,0,2,66.54545454545455,11.0,0
300,1,2,77.0,1.0,1
60,1,2,76.2,10.0,1
120,0,0,96.0,3.0,1
60,0,2,70.0,2.0,1
210,0,0,86.66666666666667,3.0,1
60,1,2,0.0,0.0,1
60,0,1,81.2,10.0,0
210,2,0,80.5,4.0,1
60,0,1,59.333333333333336,3.0,1
60,0,2,74.7,10.0,0
60,0,2,79.8,5.0,0
60,1,2,65.0,1.0,1
60,1,0,66.54545454545455,11.0,1
210,0,2,72.63636363636364,11.0,0
60,0,1,89.63636363636364,11.0,0
60,0,2,87.36363636363636,11.0,0
60,0,0,86.9090909090909,11.0,0
60,0,0,71.33333333333333,6.0,1
60,0,2,86.81818181818181,11.0,0
120,1,2,68.55555555555556,9.0,1
90,0,2,78.0909090909091,11.0,0
60,0,0,0.0,0.0,1
75,0,0,86.7,10.0,0
60,0,0,87.88888888888889,9.0,0
60,1,2,0.0,0.0,1
60,1,2,0.0,0.0,1
120,0,2,70.0909090909091,11.0,0
60,0,0,88.66666666666667,3.0,1
180,0,2,73.14285714285714,7.0,1
120,0,3,78.11111111111111,9.0,0
60,1,1,75.81818181818181,11.0,0
60,0,0,84.72727272727273,11.0,0
120,0,0,82.27272727272727,11.0,0
180,0,0,0.0,0.0,1
60,0,2,76.0,10.0,0
60,1,2,41.25,4.0,1
60,0,0,90.8181818181818,11.0,0
120,1,2,0.0,0.0,1
60,0,0,81.81818181818181,11.0,0
60,0,2,74.0909090909091,11.0,1
60,0,2,63.5,10.0,0
60,0,0,80.54545454545455,11.0,0
60,0,0,0.0,0.0,1
60,0,2,79.14285714285714,7.0,1
60,0,1,81.54545454545455,11.0,0
60,0,2,79.88888888888889,9.0,0
60,0,0,0.0,0.0,1
60,0,0,93.9090909090909,11.0,0
60,0,2,70.54545454545455,11.0,0
120,1,0,0.0,0.0,1
60,1,2,68.14285714285714,7.0,0
120,0,0,74.375,8.0,0
150,0,2,0.0,0.0,1
120,0,2,54.0,1.0,1
60,0,0,81.63636363636364,11.0,0
70,1,0,70.0,9.0,1
120,1,2,69.6,5.0,1
60,1,2,83.45454545454545,11.0,0
60,0,2,0.0,0.0,1
60,1,2,76.0,3.0,1
60,1,0,82.18181818181819,11.0,0
120,0,0,84.3,10.0,0
60,1,0,0.0,0.0,1
60,0,2,0.0,0.0,1
60,0,2,88.0909090909091,11.0,0
120,0,0,72.0,5.0,1
60,0,0,75.81818181818181,11.0,0
60,0,2,80.3,10.0,0
60,0,0,71.72727272727273,11.0,0
60,0,2,0.0,0.0,1
60,0,0,0.0,0.0,1
60,0,2,63.5,2.0,1
60,0,0,85.72727272727273,11.0,0
90,0,2,64.81818181818181,11.0,1
120,0,1,95.7,10.0,0
120,0,2,84.6,10.0,1
120,0,0,81.6,10.0,0
60,0,0,78.72727272727273,11.0,0
120,0,2,84.27272727272727,11.0,0
60,0,0,81.72727272727273,11.0,0
120,0,0,68.45454545454545,11.0,0
60,1,2,0.0,0.0,1
60,0,2,80.11111111111111,9.0,0
60,2,0,69.875,8.0,0
60,1,2,78.0,1.0,1
60,0,0,84.77777777777777,9.0,1
60,0,2,69.72727272727273,11.0,0
120,0,3,88.8,10.0,0
60,0,2,85.9090909090909,11.0,0
60,1,0,75.8,10.0,0
60,1,2,0.0,0.0,1
60,1,2,65.25,8.0,0
60,1,0,91.9090909090909,11.0,0
120,0,0,55.72727272727273,11.0,0
120,0,0,67.83333333333333,6.0,1
60,0,2,70.0,2.0,1
120,0,2,0.0,0.0,1
60,2,0,80.71428571428571,7.0,1
240,0,1,81.5,2.0,1
180,0,2,82.2,10.0,0
60,1,0,62.77777777777778,9.0,1
120,0,0,57.0,1.0,1
60,0,2,92.0,11.0,0
60,0,2,0.0,0.0,1
120,0,1,80.3,10.0,0
120,1,2,85.5,6.0,1
60,1,2,55.11111111111112,9.0,0
120,1,0,80.72727272727273,11.0,0
60,0,2,0.0,0.0,1
60,0,2,84.0,4.0,1
120,1,1,0.0,0.0,1
120,0,0,0.0,0.0,1
120,0,0,0.0,0.0,1
60,0,2,68.9090909090909,11.0,0
60,0,2,65.0,11.0,1
60,0,2,59.18181818181818,11.0,0
180,1,2,84.75,16.0,1
60,1,0,66.57142857142857,7.0,0
120,1,0,78.6,10.0,0
60,1,2,81.3,10.0,0
60,0,1,80.0,10.0,0
60,0,2,0.0,0.0,1
60,0,0,62.4,10.0,0
60,2,2,46.16666666666666,6.0,1
60,0,2,81.5,10.0,1
60,0,2,68.75,4.0,1
120,0,0,71.0,11.0,0
120,1,0,76.0,3.0,1
90,0,0,80.81818181818181,11.0,0
60,0,2,56.5,4.0,1
60,0,0,83.0,3.0,1
60,0,2,0.0,0.0,1
120,2,3,70.0,1.0,1
60,0,0,0.0,0.0,1
60,0,0,87.6,10.0,0
120,0,2,71.0,1.0,1
60,0,2,74.625,8.0,0
60,1,2,0.0,0.0,1
60,1,2,70.0,1.0,1
60,2,3,74.0,1.0,1
120,0,0,93.875,8.0,1
120,0,0,76.4,5.0,1
180,0,0,69.55555555555556,9.0,1
60,0,2,91.5,4.0,1
120,1,0,89.2,5.0,1
60,1,2,90.0,11.0,0
60,0,0,59.8,5.0,1
60,0,2,77.0909090909091,11.0,1
180,0,2,83.54545454545455,11.0,1
60,0,0,0.0,0.0,1
120,0,2,0.0,0.0,1
60,1,2,83.0,4.0,1
90,0,0,45.75,4.0,1
120,0,0,74.54545454545455,11.0,0
60,1,0,85.5,10.0,0
60,1,2,85.28571428571429,7.0,1
90,0,1,69.0,9.0,0
150,0,2,89.5,2.0,1
60,2,2,55.5,10.0,1
60,0,2,79.72727272727273,11.0,0
60,0,0,85.81818181818181,11.0,0
120,0,2,54.8,5.0,1
120,0,0,0.0,0.0,1
60,0,1,76.0,3.0,1
60,1,0,75.54545454545455,11.0,0
60,0,0,70.25,4.0,1
60,0,2,75.18181818181819,11.0,0
120,0,0,68.125,8.0,0
60,2,2,77.45454545454545,11.0,1
60,1,0,0.0,0.0,1
60,0,2,78.9090909090909,11.0,0
180,0,2,59.25,4.0,1
120,0,1,0.0,0.0,1
180,0,1,0.0,0.0,1
60,0,2,83.0,10.0,0
60,0,2,69.0,11.0,0
120,0,0,0.0,0.0,1
60,0,2,0.0,0.0,1
60,0,0,0.0,0.0,1
150,0,0,0.0,0.0,1
60,0,2,87.0909090909091,11.0,1
120,2,2,0.0,0.0,1
60,0,2,70.28571428571429,7.0,1
60,2,0,91.63636363636364,11.0,0
60,0,0,0.0,0.0,1
120,0,0,0.0,0.0,1
60,0,0,89.1,10.0,0
60,0,2,89.81818181818181,11.0,0
60,1,2,92.8,5.0,1
60,0,2,0.0,0.0,1
60,1,2,0.0,0.0,1
120,1,0,66.22222222222223,9.0,0
60,1,2,63.54545454545455,11.0,0
60,0,2,75.45454545454545,11.0,0
60,0,2,90.0,11.0,0
60,0,2,77.3,10.0,0
60,0,2,77.9090909090909,11.0,0
180,1,0,87.875,8.0,1
60,0,3,0.0,0.0,1
60,0,2,0.0,0.0,1
120,0,2,89.0909090909091,11.0,0
60,0,0,92.27272727272728,11.0,0
60,0,0,59.30769230769231,13.0,1
60,0,2,67.0,1.0,1
240,0,2,0.0,0.0,1
60,0,2,86.18181818181819,11.0,0
60,0,2,76.9090909090909,11.0,1
120,0,2,0.0,0.0,1
120,0,1,82.0,11.0,0
60,0,0,0.0,0.0,1
120,0,2,70.83333333333333,6.0,0
60,0,2,90.8181818181818,11.0,0
120,1,0,0.0,0.0,1
120,0,0,73.44444444444444,9.0,0
120,2,2,60.76923076923077,13.0,1
60,0,1,80.0,11.0,0
60,0,2,76.0909090909091,11.0,0
60,0,0,85.36363636363636,11.0,0
120,0,0,84.0,3.0,1
60,0,0,79.0909090909091,11.0,0
60,0,0,84.54545454545455,11.0,0
120,1,2,60.5,10.0,0
60,0,2,80.0,1.0,1
60,0,0,90.1818181818182,11.0,0
60,0,2,83.55555555555556,9.0,0
60,0,2,85.0,11.0,1
60,0,2,86.54545454545455,11.0,0
120,0,1,89.45454545454545,11.0,0
120,0,1,88.72727272727273,11.0,1
60,0,2,0.0,0.0,1
60,1,0,0.0,0.0,1
180,0,0,79.54545454545455,11.0,0
60,0,1,82.27272727272727,11.0,0
60,0,2,70.75,8.0,0
60,1,2,38.5,2.0,1
120,0,1,74.83333333333333,18.0,0
60,0,0,86.81818181818181,11.0,0
60,0,0,0.0,0.0,1
60,0,0,74.18181818181819,11.0,0
60,0,0,60.0,1.0,1
60,1,0,0.0,0.0,1
60,0,0,95.0,11.0,0
60,2,2,54.333333333333336,3.0,1
60,1,1,83.66666666666667,9.0,1
60,0,2,89.72727272727273,11.0,0
60,0,2,74.28571428571429,7.0,1
75,0,2,87.22222222222223,9.0,0
60,2,0,80.66666666666667,3.0,1
60,0,0,88.85714285714286,7.0,1
60,0,2,72.0,11.0,0
60,0,2,84.81818181818181,11.0,0
120,1,0,73.14285714285714,7.0,1
60,0,2,0.0,0.0,1
60,1,0,46.90909090909091,11.0,1
60,1,0,75.0,1.0,1
60,0,2,0.0,0.0,1
60,2,0,65.81818181818181,11.0,0
390,0,2,0.0,0.0,1
60,0,2,0.0,0.0,1
60,1,2,0.0,0.0,1
120,0,2,38.5,6.0,1
60,0,1,72.66666666666667,3.0,1
60,0,0,61.66666666666666,6.0,1
60,1,2,80.0909090909091,11.0,1
60,0,1,90.0,11.0,0
60,0,2,82.77777777777777,9.0,0
60,0,2,75.0,3.0,1
60,0,0,81.54545454545455,11.0,0
60,0,0,0.0,0.0,1
60,0,2,68.0,11.0,0
60,0,0,92.1,10.0,0
60,0,0,60.2,5.0,1
60,0,2,83.27272727272727,11.0,0
60,0,0,84.2,10.0,0
120,0,2,84.72727272727273,11.0,0
60,0,1,69.0,8.0,0
60,0,0,85.45454545454545,11.0,0
60,1,1,73.5,12.0,1
60,0,2,83.0,11.0,1
60,0,2,87.81818181818181,11.0,0
60,0,2,85.0,10.0,0
60,1,2,76.0,7.0,1
60,0,0,84.63636363636364,11.0,0
120,1,2,0.0,0.0,1
60,0,2,0.0,0.0,1
60,0,2,72.0909090909091,11.0,0
60,0,0,75.1,10.0,0
60,1,2,74.81818181818181,11.0,1
60,0,0,70.18181818181819,11.0,0
60,1,2,73.18181818181819,11.0,0
120,0,0,0.0,0.0,1
60,1,0,73.0,6.0,1
60,0,0,73.33333333333333,9.0,0
60,0,2,77.36363636363636,11.0,0
120,0,0,79.27272727272727,11.0,0
120,0,0,0.0,0.0,1
60,1,2,0.0,0.0,1
60,0,1,79.0,9.0,0
60,0,2,86.36363636363636,11.0,1
60,0,2,63.8,10.0,0
60,0,0,64.0,1.0,1
60,0,2,0.0,0.0,1
60,0,2,73.9,10.0,0
60,0,2,66.1,10.0,1
60,0,0,78.5,10.0,0
120,0,0,84.66666666666667,3.0,1
60,0,2,84.0,11.0,0
60,1,2,0.0,0.0,1
60,0,0,0.0,0.0,1
60,1,3,0.0,0.0,1
120,0,0,44.5,2.0,1
60,1,0,89.33333333333333,9.0,0
120,0,0,54.44444444444444,9.0,1
60,0,2,79.54545454545455,11.0,0
75,0,0,75.0,7.0,0
60,0,2,93.0,11.0,0
60,0,2,90.0,10.0,0
120,0,0,62.66666666666666,9.0,1
60,1,2,91.36363636363636,11.0,0
60,0,0,85.36363636363636,11.0,0
120,0,0,79.0909090909091,11.0,0
60,0,2,0.0,0.0,1
60,1,2,66.63636363636364,11.0,0
90,0,2,0.0,0.0,1
270,1,0,64.7,10.0,1
60,0,2,93.8181818181818,11.0,0
60,0,0,81.63636363636364,11.0,1
60,0,2,83.0,3.0,1
90,1,0,0.0,0.0,1
60,0,0,56.8,10.0,1
60,0,2,65.83333333333333,6.0,1
60,1,2,76.81818181818181,11.0,0
60,0,0,87.18181818181819,11.0,0
60,1,2,64.28571428571429,14.0,1
60,0,0,82.0909090909091,11.0,0
60,0,2,0.0,0.0,1
60,0,2,75.0,2.0,1
60,0,2,74.55555555555556,9.0,0
60,0,0,75.81818181818181,11.0,0
60,0,0,81.81818181818181,11.0,0
60,1,2,0.0,0.0,1
120,0,0,0.0,0.0,1
150,0,2,55.0,1.0,1
120,0,0,79.54545454545455,11.0,0
60,1,0,81.63636363636364,11.0,0
60,0,1,0.0,0.0,1
60,0,2,62.72727272727273,11.0,1
60,0,2,80.875,8.0,1
120,1,2,55.0,1.0,1
120,0,3,0.0,0.0,1
60,0,2,72.54545454545455,11.0,0
60,0,0,78.63636363636364,11.0,0
60,1,1,84.36363636363636,11.0,0
60,0,0,79.0,11.0,1
75,0,2,72.45454545454545,11.0,0
60,0,2,73.9090909090909,11.0,0
120,0,0,86.5,4.0,1
60,1,0,62.0,18.0,1
60,0,0,77.27272727272727,11.0,1
60,0,2,85.0909090909091,11.0,0
60,0,0,79.0,1.0,1
60,1,0,93.3,10.0,0
120,1,2,72.6,10.0,0
60,0,2,88.63636363636364,11.0,1
60,0,2,0.0,0.0,1
60,1,2,66.81818181818181,11.0,0
90,0,0,81.0,11.0,0
60,0,2,81.0,11.0,0
60,1,2,87.5,10.0,0
180,0,2,78.54545454545455,11.0,1
120,0,2,0.0,0.0,1
60,0,0,79.63636363636364,11.0,1
60,0,2,78.27272727272727,11.0,0
60,0,2,76.72727272727273,11.0,0
60,0,0,70.0,1.0,1
60,1,2,71.77777777777777,9.0,0
60,0,1,80.36363636363636,11.0,0
60,0,0,88.63636363636364,11.0,0
120,0,0,87.27272727272727,11.0,0
60,1,2,80.54545454545455,11.0,0
60,0,2,0.0,0.0,1
120,0,1,58.0,1.0,1
60,0,0,81.5,10.0,0
120,0,2,0.0,0.0,1
120,0,2,72.5,10.0,0
60,0,1,84.54545454545455,11.0,0
180,0,2,56.0,1.0,1
60,0,2,81.77777777777777,9.0,1
120,0,2,41.0,1.0,1
120,0,1,86.85714285714286,7.0,1
120,0,0,85.18181818181819,11.0,0
90,0,2,68.0,1.0,1
60,0,2,93.36363636363636,11.0,0
60,1,2,89.0,11.0,0
60,0,0,87.0909090909091,11.0,0
60,0,2,0.0,0.0,1
60,0,0,45.5,2.0,1
60,0,2,88.2,10.0,0
60,1,2,67.81818181818181,11.0,0
60,0,0,84.63636363636364,11.0,0
60,0,0,95.16666666666669,6.0,1
60,0,0,86.9090909090909,11.0,0
60,0,2,80.0,1.0,1
120,0,2,0.0,0.0,1
60,0,2,82.0,11.0,0
120,0,2,69.36363636363636,11.0,1
120,0,0,81.8,5.0,1
60,0,2,85.55555555555556,9.0,0
60,0,0,80.81818181818181,11.0,0
60,0,2,65.5,10.0,1
60,0,0,59.0,1.0,1
60,0,2,76.36363636363636,11.0,0
60,0,0,78.8,10.0,1
60,0,0,81.0,1.0,1
60,0,1,80.7,10.0,0
120,0,0,58.2,5.0,1
180,0,0,78.63636363636364,11.0,0
60,0,1,81.72727272727273,11.0,0
60,0,0,79.1,10.0,0
60,0,1,81.28571428571429,7.0,1
60,0,0,78.27272727272727,11.0,0
120,1,2,54.0,3.0,1
60,0,0,84.81818181818181,11.0,0
60,0,2,80.66666666666667,3.0,1
210,0,0,0.0,0.0,1
60,0,2,0.0,0.0,1
120,0,2,66.72727272727273,11.0,0
60,0,2,45.0,10.0,1
120,0,0,91.1,10.0,0
120,0,0,75.0,2.0,1
60,0,0,88.0,11.0,0
150,0,2,75.9090909090909,11.0,0
60,0,1,87.3,10.0,0
60,0,1,78.33333333333333,3.0,1
60,0,0,83.9090909090909,11.0,0
60,0,0,87.54545454545455,11.0,0
120,0,2,0.0,0.0,1
60,0,2,79.45454545454545,11.0,0
60,0,1,0.0,0.0,1
60,0,2,73.0909090909091,11.0,0
120,0,0,82.72727272727273,11.0,0
60,0,2,85.4,5.0,1
120,0,2,0.0,0.0,1
60,0,0,0.0,0.0,1
60,0,2,62.5,2.0,1
60,0,2,69.14285714285714,7.0,1
60,0,0,76.72727272727273,11.0,0
60,0,0,64.45454545454545,11.0,0
60,0,0,81.18181818181819,11.0,0
60,0,0,49.54545454545455,11.0,1
60,0,2,89.27272727272727,11.0,0
60,0,0,87.27272727272727,11.0,0
60,0,2,80.6,10.0,0
60,0,2,79.4,10.0,0
60,0,4,80.11111111111111,9.0,0
90,0,0,75.27272727272727,11.0,0
120,0,0,0.0,0.0,1
90,0,0,68.11111111111111,9.0,1
60,0,0,70.66666666666667,9.0,1
120,0,2,0.0,0.0,1
60,0,0,83.44444444444444,9.0,1
75,0,0,85.4,10.0,0
60,0,2,0.0,0.0,1
60,0,0,71.11111111111111,9.0,0
120,0,2,0.0,0.0,1
120,0,2,0.0,0.0,1
60,0,0,65.4,5.0,1
180,0,2,65.0,1.0,1
120,0,0,93.27272727272728,11.0,0
330,0,2,0.0,0.0,1
60,0,2,74.81818181818181,11.0,0
120,0,1,69.72727272727273,11.0,0
60,0,0,92.36363636363636,11.0,0
120,0,0,0.0,0.0,1
60,0,0,85.54545454545455,11.0,0
60,0,2,79.5,10.0,0
60,0,0,84.0,11.0,0
60,0,0,55.11111111111112,9.0,0
60,0,1,89.27272727272727,11.0,0
120,0,0,76.55555555555556,9.0,1
60,0,0,80.0,11.0,0
150,0,2,84.72727272727273,11.0,1
60,0,0,84.33333333333333,9.0,0
60,0,2,61.142857142857146,7.0,0
60,0,2,84.3,10.0,0
60,0,0,81.5,10.0,0
60,0,0,93.54545454545456,11.0,0
60,0,2,56.8,5.0,1
120,0,0,82.72727272727273,11.0,0
120,0,2,72.44444444444444,9.0,1
60,0,2,0.0,0.0,1
60,0,0,76.375,8.0,1
60,0,1,70.0,8.0,0
90,0,1,87.72727272727273,11.0,0
60,0,0,69.45454545454545,11.0,0
60,0,2,88.11111111111111,9.0,0
60,0,0,79.0,11.0,0
120,0,2,0.0,0.0,1
120,0,2,78.0,10.0,0
120,0,0,94.72727272727272,11.0,0
60,0,0,52.11111111111112,9.0,1
60,0,2,0.0,0.0,1
60,0,0,73.77777777777777,9.0,1
60,0,2,89.0,10.0,0
60,0,0,80.2,10.0,0
120,0,0,82.33333333333333,9.0,0
120,0,1,0.0,0.0,1
120,0,0,83.6923076923077,13.0,1
120,0,0,63.7,10.0,0
120,0,1,60.81818181818182,11.0,0
60,0,2,0.0,0.0,1
90,0,2,79.18181818181819,11.0,0
60,0,1,84.6,5.0,1
60,0,2,70.8,5.0,1
60,0,0,87.0,11.0,0
60,0,2,78.6,10.0,0
120,0,0,65.33333333333333,6.0,1
60,0,2,0.0,0.0,1
60,0,0,79.18181818181819,11.0,0
60,0,1,87.45454545454545,11.0,0
90,0,0,84.72727272727273,11.0,0
60,0,2,90.1818181818182,11.0,0
60,0,0,88.9090909090909,11.0,0
90,0,3,67.36363636363636,11.0,0
180,0,2,0.0,0.0,1
120,0,0,86.0909090909091,11.0,0
75,0,2,65.3,10.0,0
60,0,0,84.5,8.0,0
60,0,0,38.0,1.0,1
60,0,0,88.72727272727273,11.0,0
60,0,0,88.36363636363636,11.0,0
60,0,2,70.72727272727273,11.0,0
120,0,2,0.0,0.0,1
60,0,2,69.125,8.0,0
105,0,2,0.0,0.0,1
60,0,0,69.54545454545455,11.0,0
75,0,0,0.0,0.0,1
60,0,1,84.0,10.0,0
60,0,2,80.27272727272727,11.0,0
60,0,0,85.0909090909091,11.0,0
135,0,2,88.8,10.0,1
60,0,0,72.9090909090909,11.0,0
60,0,2,0.0,0.0,1
60,0,2,0.0,0.0,1
60,0,1,83.9,10.0,0
60,0,2,79.18181818181819,11.0,1
90,0,2,0.0,0.0,1
60,0,0,76.0,11.0,0
60,0,0,0.0,0.0,1
120,0,0,71.81818181818181,11.0,0
60,0,2,82.375,8.0,0
60,0,0,86.45454545454545,11.0,0
120,0,2,0.0,0.0,1
60,0,0,83.27272727272727,11.0,0
60,0,2,0.0,0.0,1
60,0,0,86.45454545454545,11.0,0
60,0,0,81.0909090909091,11.0,0
120,0,0,59.0,1.0,1
60,0,2,72.0,5.0,1
120,0,2,0.0,0.0,1
60,0,0,80.0,3.0,1
120,0,2,75.0,6.0,1
60,0,0,64.27272727272727,11.0,0
180,0,0,90.36363636363636,11.0,0
60,0,0,84.85714285714286,7.0,0
120,0,0,80.75,4.0,1
60,0,0,83.45454545454545,11.0,0
60,0,2,81.63636363636364,11.0,0
60,0,0,71.0,11.0,1
60,0,0,0.0,0.0,1
120,0,0,82.0,11.0,0
120,0,2,79.75,4.0,1
60,0,1,84.0,11.0,0
60,0,2,62.0,11.0,0
120,0,2,0.0,0.0,1
120,0,0,88.2,10.0,0
120,0,0,68.5,6.0,1
60,0,0,52.333333333333336,3.0,1
60,0,0,80.0,11.0,0
60,0,2,78.9090909090909,11.0,0
120,0,0,85.6,5.0,1
60,0,2,66.8,5.0,0
120,0,2,79.0,3.0,1
60,0,0,0.0,0.0,1
60,0,2,66.36363636363636,11.0,1
60,0,2,0.0,0.0,1
60,0,2,0.0,0.0,1
120,0,0,0.0,0.0,1
60,0,0,86.81818181818181,11.0,0
60,0,0,0.0,0.0,1
60,0,1,72.0,10.0,0
60,0,2,70.33333333333333,3.0,1
60,0,2,71.3,10.0,0
120,0,2,0.0,0.0,1
90,0,2,55.0,1.0,1
60,0,0,90.45454545454544,11.0,0
60,0,0,83.18181818181819,11.0,0
60,0,0,79.9090909090909,11.0,0
60,0,0,0.0,0.0,1
180,0,0,78.5,2.0,1
60,0,2,0.0,0.0,1
120,0,0,89.0909090909091,11.0,0
60,0,1,75.0909090909091,11.0,0
120,0,2,0.0,0.0,1
60,0,0,83.18181818181819,11.0,0
60,0,2,64.44444444444444,9.0,0
60,0,1,76.27272727272727,11.0,1
60,0,2,71.0,11.0,0
120,0,2,54.25,8.0,1
120,0,2,52.66666666666666,3.0,1
60,0,2,0.0,0.0,1
120,0,0,92.0,11.0,0
120,0,0,87.72727272727273,11.0,0
60,0,2,0.0,0.0,1
60,0,0,82.8,10.0,0
60,0,0,87.27272727272727,11.0,0
60,0,2,58.18181818181818,11.0,0
120,0,2,0.0,0.0,1
120,0,2,0.0,0.0,1
60,0,0,96.0,11.0,0
120,0,0,86.9,10.0,0
60,0,2,81.54545454545455,11.0,0
180,0,2,0.0,0.0,1
60,0,0,87.27272727272727,11.0,0
60,0,0,0.0,0.0,1
60,0,2,71.11111111111111,9.0,1
60,0,2,0.0,0.0,1
120,0,0,77.14285714285714,7.0,1
60,0,3,0.0,0.0,1
60,0,0,64.0,1.0,1
120,0,2,0.0,0.0,1
180,0,0,76.72727272727273,11.0,0
120,0,2,0.0,0.0,1
60,0,2,81.63636363636364,11.0,0
120,0,0,65.6,5.0,1
120,0,2,42.66666666666666,9.0,1
120,0,2,83.0,11.0,0
120,0,2,0.0,0.0,1
60,0,2,63.77777777777778,9.0,1
120,0,2,83.4,10.0,0
60,0,2,78.9090909090909,11.0,0
60,0,0,0.0,0.0,1
180,0,0,0.0,0.0,1
60,0,2,0.0,0.0,1
180,0,2,100.0,5.0,1
60,0,0,82.36363636363636,11.0,0
60,0,2,0.0,0.0,1
60,0,2,89.9090909090909,11.0,0
60,0,1,0.0,0.0,1
60,0,2,0.0,0.0,1
120,0,1,87.0,1.0,1
120,0,2,64.88888888888889,9.0,1
60,0,2,84.4,10.0,0
60,0,0,86.5,6.0,1
120,0,0,0.0,0.0,1
120,0,0,0.0,0.0,1
120,0,2,0.0,0.0,1
120,0,2,79.7,10.0,0
60,0,1,70.75,4.0,1
120,0,2,85.54545454545455,11.0,1
60,0,0,76.72727272727273,11.0,0
60,0,2,0.0,0.0,1
60,0,0,81.875,8.0,1
180,0,0,0.0,0.0,1
60,0,1,81.0,11.0,0
60,0,0,0.0,0.0,1
60,0,2,74.66666666666667,3.0,1
60,0,2,52.0,1.0,1
120,0,2,75.18181818181819,11.0,0
150,0,2,78.0,11.0,1
180,0,0,81.8,10.0,1
60,0,0,85.0,10.0,0
60,0,0,77.11111111111111,9.0,0
60,0,2,62.0,1.0,1
60,0,0,71.42857142857143,7.0,0
60,0,2,89.0,3.0,1
120,0,2,0.0,0.0,1
120,0,2,0.0,0.0,1
60,0,2,0.0,0.0,1
60,0,2,0.0,0.0,1
60,0,1,83.63636363636364,11.0,0
120,0,0,88.9090909090909,11.0,0
60,0,2,77.9,10.0,0
60,0,1,0.0,0.0,1
60,0,2,0.0,0.0,1
120,0,0,69.8,10.0,0
150,0,0,75.0,9.0,0
120,0,2,77.0909090909091,11.0,0
60,0,2,67.66666666666667,9.0,1
90,0,0,63.8,10.0,0
60,0,2,0.0,0.0,1
60,0,2,62.09090909090909,11.0,1
120,0,2,62.63636363636363,11.0,1
60,0,2,43.5,2.0,1
60,0,2,78.0,9.0,0
120,0,2,59.333333333333336,3.0,1
120,0,0,0.0,0.0,1
60,0,0,87.0,11.0,0
120,0,2,49.5,2.0,1
120,0,0,92.9090909090909,11.0,0
60,0,2,83.72727272727273,11.0,0
120,0,2,0.0,0.0,1
120,0,0,77.2,5.0,1
150,0,0,57.66666666666666,9.0,0
120,0,1,0.0,0.0,1
120,0,0,87.81818181818181,11.0,0
60,0,2,82.0,4.0,1
60,0,2,74.5,2.0,1
60,0,0,87.36363636363636,11.0,0
120,0,2,78.36363636363636,11.0,0
120,0,1,0.0,0.0,1
120,0,0,75.33333333333333,6.0,1
60,0,0,73.44444444444444,9.0,0
60,0,2,0.0,0.0,1
60,0,0,75.36363636363636,11.0,0
120,0,0,84.18181818181819,11.0,0
120,0,0,0.0,0.0,1
60,0,2,85.54545454545455,11.0,0
60,0,2,66.36363636363636,11.0,1
60,0,0,86.9090909090909,11.0,0
60,0,0,0.0,0.0,1
60,0,1,80.66666666666667,3.0,1
120,0,2,0.0,0.0,1
60,0,2,0.0,0.0,1
120,0,2,0.0,0.0,1
135,0,2,70.42857142857143,7.0,1
60,0,0,0.0,0.0,1
120,0,2,0.0,0.0,1
60,0,2,80.63636363636364,11.0,0
60,0,2,0.0,0.0,1
60,0,0,80.54545454545455,11.0,0
120,0,2,0.0,0.0,1
60,0,2,0.0,0.0,1
60,0,0,65.2,10.0,0
60,0,2,77.45454545454545,11.0,0
75,0,2,59.0,10.0,0
90,0,2,74.81818181818181,11.0,0
60,0,2,0.0,0.0,1
60,0,1,77.81818181818181,11.0,0
120,0,2,87.81818181818181,11.0,0
60,0,0,0.0,0.0,1
60,0,2,0.0,0.0,1
60,0,0,95.1818181818182,11.0,0
60,0,2,73.0,10.0,0
120,0,2,77.6,5.0,1
60,0,0,90.0,1.0,1
120,0,0,77.9090909090909,11.0,0
60,0,2,70.85714285714286,7.0,1
60,0,2,64.8,10.0,0
60,0,0,87.1,10.0,0
120,0,1,0.0,0.0,1
120,0,0,71.5,10.0,1
60,0,2,0.0,0.0,1
75,0,0,73.72727272727273,11.0,0
60,0,1,88.72727272727273,11.0,0
120,0,0,81.36363636363636,11.0,0
60,0,1,83.0,4.0,1
60,0,2,58.4,5.0,1
90,0,2,0.0,0.0,1
120,0,2,80.75,4.0,1
60,0,2,85.72727272727273,11.0,0
120,0,2,81.2,10.0,1
60,0,0,74.9090909090909,11.0,1
75,0,2,81.2,10.0,1
75,0,2,0.0,0.0,1
75,0,0,0.0,0.0,1
60,0,0,65.375,8.0,0
120,0,1,78.54545454545455,11.0,0
60,0,2,75.0,1.0,1
60,0,2,61.375,8.0,0
60,0,2,0.0,0.0,1
60,0,0,80.0,3.0,1
120,0,2,0.0,0.0,1
120,0,0,0.0,0.0,1
60,0,2,56.0,1.0,1
60,0,0,89.45454545454545,11.0,0
120,0,2,0.0,0.0,1
120,0,2,77.5,6.0,1
60,0,2,81.36363636363636,11.0,1
120,0,0,49.2,5.0,1
60,0,2,80.0,4.0,1
60,0,2,72.875,8.0,1
120,0,2,91.36363636363636,11.0,0
120,0,0,93.54545454545456,11.0,0
60,0,0,76.25,8.0,0
75,0,0,77.54545454545455,11.0,0
60,0,2,0.0,0.0,1
60,0,0,71.71428571428571,7.0,0
60,0,0,0.0,0.0,1
60,0,0,0.0,0.0,1
60,0,1,82.8,10.0,0
120,0,1,0.0,0.0,1
60,0,0,85.36363636363636,11.0,0
60,0,2,81.27272727272727,11.0,0
60,0,2,81.9090909090909,11.0,0
120,0,2,77.66666666666667,3.0,1
60,0,0,65.5,10.0,0
60,0,0,86.9,10.0,0
60,0,1,0.0,0.0,1
60,0,2,59.81818181818182,11.0,1
60,0,0,72.81818181818181,11.0,0
60,0,2,72.63636363636364,11.0,0
180,0,1,85.0,11.0,0
120,0,0,0.0,0.0,1
60,0,0,76.0,10.0,0
60,0,2,0.0,0.0,1
60,0,2,67.0,10.0,0
60,0,0,0.0,0.0,1
60,0,0,79.2,10.0,0
60,0,1,0.0,0.0,1
60,0,2,52.09090909090909,11.0,1
120,0,0,72.9090909090909,11.0,1
60,0,2,79.9,10.0,1
60,0,0,92.36363636363636,11.0,0
60,0,2,0.0,0.0,1
60,0,0,74.3,10.0,0
60,0,2,0.0,0.0,1
120,0,0,72.75,8.0,1
60,0,2,83.0,3.0,1
120,0,2,0.0,0.0,1
60,0,0,0.0,0.0,1
60,0,0,0.0,0.0,1
90,0,1,0.0,0.0,1
60,0,1,88.9090909090909,11.0,0
120,0,2,84.9,10.0,0
120,0,2,69.0,8.0,0
60,0,0,0.0,0.0,1
60,0,2,67.0,1.0,1
90,0,2,89.72727272727273,11.0,0
90,0,0,89.4,10.0,0
60,0,0,83.36363636363636,11.0,0
60,0,2,0.0,0.0,1
180,0,2,90.3,10.0,0
60,0,2,67.36363636363636,11.0,0
60,0,2,0.0,0.0,1
60,0,0,88.36363636363636,11.0,0
60,0,0,57.90909090909091,11.0,1
120,0,2,60.0,10.0,0
60,0,0,80.45454545454545,11.0,0
60,0,0,0.0,0.0,1
60,0,2,59.0,1.0,1
60,0,2,68.25,8.0,1
60,0,2,0.0,0.0,1
60,0,2,0.0,0.0,1
60,0,2,70.5,10.0,1
120,0,2,0.0,0.0,1
60,0,2,53.5,8.0,0
60,0,2,0.0,0.0,1
120,0,0,62.0,8.0,1
120,0,0,0.0,0.0,1
60,0,0,70.5,4.0,1
120,0,2,85.0,2.0,1
120,0,0,88.9,10.0,0
60,0,0,88.45454545454545,11.0,0
60,0,2,0.0,0.0,1
120,0,2,0.0,0.0,1
60,0,2,30.2,5.0,1
60,0,2,79.81818181818181,11.0,0
60,0,2,87.9090909090909,11.0,0
120,0,0,84.36363636363636,11.0,0
120,0,2,0.0,0.0,1
60,0,2,0.0,0.0,1
60,0,2,75.33333333333333,9.0,0
60,0,2,0.0,0.0,1
60,0,0,0.0,0.0,1
60,0,0,86.6,10.0,0
60,0,1,78.18181818181819,11.0,0
60,0,2,0.0,0.0,1
120,0,2,84.22222222222223,9.0,0
60,0,2,78.88888888888889,9.0,0
60,0,2,87.63636363636364,11.0,0
60,0,2,0.0,0.0,1
60,0,2,79.18181818181819,11.0,0
120,0,1,0.0,0.0,1
120,0,2,64.28571428571429,7.0,1
60,0,0,0.0,0.0,1
60,0,0,74.5,8.0,1
60,0,2,68.0,3.0,1
60,0,0,59.5,10.0,0
60,0,0,75.57142857142857,7.0,1
120,0,0,81.7,10.0,1
120,0,0,74.45454545454545,11.0,0
60,0,2,0.0,0.0,1
90,0,2,75.0,1.0,1
60,0,1,73.18181818181819,11.0,0
60,0,2,74.9090909090909,11.0,0
60,0,1,0.0,0.0,1
120,0,2,36.0,2.0,1
60,0,0,86.42857142857143,7.0,1
120,0,2,79.0909090909091,11.0,0
60,0,0,87.22222222222223,9.0,0
120,0,2,65.0,6.0,1
120,0,0,80.0909090909091,11.0,0
60,0,2,56.5,2.0,1
60,0,0,88.0,9.0,0
120,0,0,0.0,0.0,1
120,0,2,65.0,1.0,1
60,0,0,0.0,0.0,1
120,0,2,76.0,7.0,1
120,0,0,0.0,0.0,1
60,0,0,88.72727272727273,11.0,0
60,0,2,78.0,3.0,1
120,0,2,0.0,0.0,1
180,0,2,0.0,0.0,1
120,0,2,0.0,0.0,1
60,0,2,91.27272727272728,11.0,0
60,0,2,71.9,10.0,1
60,0,0,76.66666666666667,3.0,1
60,0,0,82.81818181818181,11.0,0
120,0,2,0.0,0.0,1
120,0,0,89.6,10.0,0
120,0,2,0.0,0.0,1
120,0,0,67.6,5.0,0
60,0,0,85.0909090909091,11.0,0
180,0,0,85.18181818181819,11.0,0
60,0,0,69.2,10.0,0
60,0,2,0.0,0.0,1
120,0,2,0.0,0.0,1
60,0,0,86.8,10.0,0
60,0,4,89.45454545454545,11.0,0
60,0,0,70.81818181818181,11.0,0
60,0,0,74.45454545454545,11.0,0
60,0,2,83.0,11.0,0
120,0,2,88.0909090909091,11.0,0
120,0,0,75.5,4.0,1
60,0,2,78.0,4.0,1
60,0,2,0.0,0.0,1
120,0,2,71.8,10.0,0
60,0,2,35.833333333333336,6.0,1
120,0,2,85.36363636363636,11.0,0
60,0,0,85.27272727272727,11.0,0
60,0,2,0.0,0.0,1
60,0,2,0.0,0.0,1
60,0,2,0.0,0.0,1
60,0,2,0.0,0.0,1
60,0,2,76.0,9.0,0
60,0,2,66.85714285714286,7.0,1
120,0,2,83.18181818181819,11.0,0
60,0,0,65.0,1.0,1
120,0,2,0.0,0.0,1
120,0,2,0.0,0.0,1
120,0,0,77.45454545454545,11.0,0
120,0,1,74.5,4.0,1
120,0,2,0.0,0.0,1
60,0,2,0.0,0.0,1
60,0,0,89.45454545454545,11.0,0
60,0,1,92.27272727272728,11.0,0
180,0,0,0.0,0.0,1
60,0,2,71.36363636363636,11.0,0
120,0,1,80.27272727272727,11.0,0
60,0,1,49.0,1.0,1
180,0,0,0.0,0.0,1
120,0,0,0.0,0.0,1
120,0,2,0.0,0.0,1
90,0,2,87.27272727272727,11.0,0
60,0,0,86.63636363636364,11.0,0
60,0,0,84.36363636363636,11.0,0
90,0,2,84.0,3.0,1
60,0,1,93.8181818181818,11.0,0
90,0,1,79.33333333333333,9.0,0
60,0,1,0.0,0.0,1
120,0,0,0.0,0.0,1
60,0,0,90.45454545454544,11.0,0
60,0,2,61.45454545454545,11.0,0
120,0,2,58.0,1.0,1
60,0,1,86.4,10.0,0
120,0,2,67.0909090909091,11.0,0
60,0,1,0.0,0.0,1
60,0,1,0.0,0.0,1
120,0,0,74.5,8.0,1
180,0,2,0.0,0.0,1
60,0,2,82.0909090909091,11.0,0
60,0,2,60.16666666666666,6.0,1
60,0,0,81.9090909090909,11.0,0
60,0,1,85.33333333333333,3.0,1
120,0,1,79.0,11.0,0
60,0,2,0.0,0.0,1
60,0,3,74.75,4.0,1
60,0,2,72.4,10.0,0
60,0,0,83.4,10.0,0
60,0,2,63.66666666666666,6.0,1
60,0,2,0.0,0.0,1
120,0,2,54.0,4.0,1
90,0,0,0.0,1.0,1
60,0,2,78.66666666666667,3.0,1
120,0,0,80.77777777777777,9.0,0
60,0,2,84.45454545454545,11.0,0
60,0,2,76.27272727272727,11.0,0
60,0,2,80.8,5.0,1
120,0,1,81.63636363636364,11.0,0
60,0,2,81.57142857142857,7.0,1
60,0,0,75.8,10.0,0
60,0,0,83.72727272727273,11.0,0
60,0,2,59.375,8.0,1
60,0,0,72.6,10.0,0
60,0,0,80.5,10.0,0
60,0,2,0.0,0.0,1
60,0,0,0.0,0.0,1
60,0,0,85.0,11.0,0
60,0,0,88.0909090909091,11.0,0
120,0,0,83.8,10.0,0
120,0,0,81.5,10.0,0
60,0,0,79.0,11.0,0
120,0,0,73.1,10.0,1
60,0,2,0.0,0.0,1
60,0,0,0.0,0.0,1
120,0,2,36.66666666666666,3.0,1
60,0,2,74.36363636363636,11.0,0
120,0,0,85.72727272727273,11.0,0
120,0,2,64.0,1.0,1
60,0,0,0.0,0.0,1
60,0,2,0.0,0.0,1
60,0,2,66.85714285714286,7.0,1
60,0,2,75.66666666666667,3.0,1
60,0,2,76.75,4.0,1
60,0,1,82.27272727272727,11.0,0
60,0,2,67.9090909090909,11.0,0
60,0,2,0.0,0.0,1
60,0,2,74.36363636363636,11.0,0
180,0,2,78.45454545454545,11.0,0
120,0,2,70.18181818181819,11.0,0
120,0,0,0.0,0.0,1
120,0,0,81.33333333333333,9.0,0
60,0,1,91.1818181818182,11.0,0
60,0,1,78.72727272727273,11.0,0
60,0,0,85.72727272727273,11.0,0
60,0,0,68.45454545454545,11.0,0
120,0,2,60.0,6.0,0
60,0,2,0.0,0.0,1
60,0,2,0.0,0.0,1
120,0,0,0.0,0.0,1
60,0,2,74.36363636363636,11.0,0
60,0,3,84.44444444444444,9.0,1
120,0,0,88.63636363636364,11.0,0
60,0,3,0.0,0.0,1
60,0,1,79.45454545454545,11.0,0
60,0,2,81.375,8.0,1
120,0,2,0.0,0.0,1
60,0,1,81.81818181818181,11.0,0
120,0,0,76.0,9.0,0
90,0,2,42.0,1.0,1
60,0,2,0.0,0.0,1
60,0,0,79.0,3.0,1
60,0,2,58.0,1.0,1
120,0,1,72.63636363636364,11.0,0
60,0,0,83.44444444444444,9.0,0
75,0,2,87.18181818181819,11.0,0
60,0,2,70.0,1.0,1
60,0,2,82.66666666666667,3.0,1
60,0,2,0.0,0.0,1
60,0,2,77.8,10.0,0
60,0,2,75.81818181818181,11.0,0
60,0,0,70.36363636363636,11.0,0
60,0,0,67.45454545454545,11.0,1
60,0,0,0.0,0.0,1
60,0,0,83.72727272727273,11.0,0
120,0,0,82.5,2.0,1
60,0,0,80.63636363636364,11.0,0
60,0,0,83.18181818181819,11.0,0
60,0,2,70.7,10.0,0
60,0,2,78.9090909090909,11.0,0
75,0,2,76.0,10.0,0
60,0,2,0.0,0.0,1
60,0,0,49.0,3.0,1
60,0,2,64.6,5.0,1
60,0,2,77.27272727272727,11.0,0
60,0,2,79.45454545454545,11.0,0
60,0,2,84.125,8.0,0
75,0,2,76.18181818181819,11.0,0
60,0,0,86.18181818181819,11.0,0
60,0,2,85.45454545454545,11.0,0
90,0,0,82.66666666666667,9.0,0
60,0,0,93.9,10.0,0
90,0,2,83.0909090909091,11.0,0
60,0,0,89.77777777777777,9.0,0
60,0,2,0.0,0.0,1
120,0,0,83.8,10.0,0
60,0,0,70.25,4.0,1
120,0,2,61.4,5.0,1
60,0,0,81.54545454545455,11.0,0
120,0,1,0.0,0.0,1
60,0,1,0.0,0.0,1
60,0,0,0.0,0.0,1
60,0,2,78.63636363636364,11.0,0
60,0,0,87.54545454545455,11.0,0
60,0,2,69.4,5.0,1
120,0,2,89.27272727272727,11.0,0
60,0,3,0.0,0.0,1
60,0,0,89.36363636363636,11.0,0
120,0,2,88.81818181818181,11.0,0
60,0,0,70.5,2.0,1
120,0,0,74.0,11.0,0
120,0,0,0.0,0.0,1
60,0,0,85.0,10.0,0
180,0,2,0.0,0.0,1
60,0,2,46.66666666666666,6.0,1
120,0,0,84.1,10.0,0
120,0,2,68.4,5.0,1
180,0,2,89.45454545454545,11.0,1
60,0,2,64.66666666666667,6.0,1
60,0,2,0.0,0.0,1
60,0,2,83.63636363636364,11.0,0
60,0,1,88.18181818181819,11.0,0
180,0,0,74.0,1.0,1
120,0,0,0.0,0.0,1
60,0,2,59.125,8.0,1
120,0,1,0.0,0.0,1
60,0,0,79.36363636363636,11.0,0
60,0,0,72.85714285714286,7.0,1
60,0,1,80.54545454545455,11.0,0
60,0,1,0.0,0.0,1
120,0,2,0.0,0.0,1
90,0,1,80.77777777777777,9.0,0
60,0,0,57.333333333333336,9.0,1
120,0,0,87.0,2.0,1
60,0,0,80.3,10.0,1
60,0,2,0.0,0.0,1
120,0,2,70.8,10.0,1
60,0,0,78.9,10.0,0
60,0,0,58.0,1.0,1
120,0,0,0.0,0.0,1
120,0,2,0.0,0.0,1
120,0,2,78.0,11.0,0
60,0,2,60.90909090909091,11.0,0
60,0,0,80.36363636363636,11.0,0
120,0,0,68.0,1.0,1
60,0,0,79.81818181818181,11.0,0
60,0,2,0.0,0.0,1
60,0,2,58.66666666666666,3.0,1
120,0,0,81.54545454545455,11.0,0
120,0,0,82.14285714285714,7.0,1
60,0,0,0.0,0.0,1
60,0,2,74.0,2.0,1
60,0,0,0.0,0.0,1
60,0,2,78.0,9.0,0
60,0,2,71.71428571428571,7.0,0
60,0,0,0.0,0.0,1
60,0,1,79.0909090909091,11.0,0
90,0,0,77.45454545454545,11.0,0
60,0,0,0.0,0.0,1
60,0,0,58.0,11.0,0
60,0,0,73.5,2.0,1
60,0,2,95.0909090909091,11.0,0
60,0,1,62.5,2.0,1
60,0,1,90.8181818181818,11.0,0
60,0,0,73.72727272727273,11.0,0
60,0,0,66.0,11.0,0
60,0,0,93.2,10.0,0
60,0,1,88.27272727272727,11.0,0
60,0,0,0.0,0.0,1
60,0,1,83.54545454545455,11.0,1
60,0,2,0.0,0.0,1
60,0,0,85.0,2.0,1
60,0,0,0.0,0.0,1
60,0,0,0.0,0.0,1
120,0,0,88.45454545454545,11.0,0
60,0,1,86.0,4.0,1
120,0,2,49.63636363636363,11.0,1
60,0,1,86.44444444444444,9.0,0
60,0,2,74.0,4.0,1
60,0,0,83.54545454545455,11.0,0
120,0,2,84.8,5.0,1
120,0,2,65.0,1.0,1
60,0,2,90.45454545454544,11.0,0
60,0,0,87.25,4.0,1
60,0,0,91.63636363636364,11.0,0
120,0,0,0.0,0.0,1
60,0,0,0.0,0.0,1
60,0,0,83.66666666666667,6.0,1
60,0,0,83.18181818181819,11.0,0
120,0,2,83.63636363636364,11.0,0
120,0,2,0.0,0.0,1
120,0,0,81.0,1.0,1
120,0,2,74.55555555555556,9.0,1
60,0,2,60.66666666666666,3.0,1
60,0,2,81.5,8.0,1
60,0,2,75.18181818181819,11.0,0
120,0,1,87.0,11.0,0
120,0,2,68.14285714285714,7.0,1
60,0,0,82.36363636363636,11.0,0
120,0,2,85.45454545454545,11.0,0
120,0,0,84.27272727272727,11.0,0
60,0,0,85.8,10.0,0
120,0,0,0.0,0.0,1
60,0,2,65.0,1.0,1
60,0,0,79.45454545454545,11.0,0
60,0,0,88.81818181818181,11.0,0
120,0,2,78.5,10.0,0
60,0,0,67.0,9.0,0
120,0,0,56.11111111111112,9.0,1
60,0,2,0.0,0.0,1
120,0,2,67.44444444444444,9.0,0
60,0,2,0.0,0.0,1
120,0,0,81.18181818181819,11.0,0
60,0,2,65.0,1.0,1
60,0,2,60.0,1.0,1
60,0,2,30.0,1.0,1
90,0,2,0.0,0.0,1
60,0,2,73.0,11.0,0
60,0,0,67.0909090909091,11.0,0
90,0,0,80.6,10.0,0
60,0,2,59.0,6.0,0
120,0,0,93.9090909090909,11.0,0
120,0,0,0.0,0.0,1
60,0,0,78.7,10.0,0
120,0,0,83.0,10.0,0
120,0,1,81.18181818181819,11.0,0
60,0,2,73.54545454545455,11.0,1
60,0,0,60.0,3.0,0
60,0,2,80.45454545454545,11.0,0
120,0,2,77.875,8.0,1
60,0,1,86.27272727272727,11.0,0
60,0,0,85.77777777777777,9.0,0
60,0,0,67.375,8.0,0
120,0,2,75.0,1.0,1
60,0,2,0.0,0.0,1
120,0,0,60.0,1.0,1
60,0,0,72.5,2.0,1
60,0,2,0.0,0.0,1
60,0,1,0.0,0.0,1
60,0,0,0.0,0.0,1
120,0,0,82.8,5.0,1
120,0,2,70.0,1.0,1
120,0,2,60.8,5.0,1
120,0,0,77.0,4.0,1
60,0,2,72.81818181818181,11.0,0
60,0,0,87.9090909090909,11.0,0
60,0,1,82.54545454545455,11.0,0
60,0,0,79.72727272727273,11.0,0
60,0,0,80.72727272727273,11.0,0
60,0,2,79.0,1.0,1
60,0,0,71.81818181818181,11.0,0
60,0,0,72.72727272727273,11.0,1
60,0,1,89.81818181818181,11.0,0
120,0,2,79.27272727272727,11.0,0
60,0,2,90.66666666666669,3.0,1
60,0,2,0.0,0.0,1
120,0,0,76.72727272727273,11.0,0
120,0,2,0.0,0.0,1
60,0,1,0.0,0.0,1
120,0,2,0.0,0.0,1
60,0,0,0.0,0.0,1
120,0,2,80.27272727272727,11.0,0
120,0,1,77.54545454545455,11.0,0
180,0,2,83.0,1.0,1
120,0,0,65.0,5.0,1
60,0,0,88.66666666666667,3.0,1
120,0,1,79.75,4.0,1
120,0,2,0.0,0.0,1
60,0,0,93.8,10.0,0
60,0,2,0.0,0.0,1
60,0,2,69.5,2.0,1
60,0,0,0.0,0.0,1
60,0,0,95.36363636363636,11.0,0
60,0,0,79.63636363636364,11.0,0
120,0,2,70.0,1.0,1
60,0,2,70.0,1.0,1
60,0,2,79.0909090909091,11.0,0
120,0,2,0.0,0.0,1
60,0,0,0.0,0.0,1
60,0,2,69.0,1.0,1
60,0,0,78.0,11.0,0
60,0,0,84.18181818181819,11.0,0
120,0,0,59.0,1.0,1
60,0,2,77.0,3.0,1
120,0,1,83.81818181818181,11.0,0
60,0,0,94.27272727272728,11.0,0
60,0,2,85.88888888888889,9.0,0
60,0,0,96.0909090909091,11.0,0
90,0,0,0.0,0.0,1
60,0,0,74.63636363636364,11.0,0
60,0,2,63.25,4.0,1
120,0,1,0.0,0.0,1
60,0,2,79.27272727272727,11.0,0
60,0,2,73.45454545454545,11.0,0
60,0,2,76.63636363636364,11.0,0
120,0,1,81.125,8.0,1
60,0,2,72.875,8.0,1
60,0,2,69.25,4.0,1
60,0,1,82.7,10.0,0
60,0,0,81.0909090909091,11.0,0
60,0,0,91.0,10.0,1
60,0,0,72.81818181818181,11.0,0
60,0,2,82.63636363636364,11.0,0
60,0,2,74.27272727272727,11.0,1
180,0,2,51.42857142857143,7.0,1
60,0,2,78.66666666666667,6.0,1
60,0,1,87.9090909090909,11.0,0
120,0,2,46.90909090909091,11.0,1
60,0,2,71.45454545454545,11.0,0
60,0,2,60.0,1.0,1
120,0,0,83.7,10.0,0
60,0,2,81.6,10.0,0
60,0,2,82.72727272727273,11.0,0
60,0,1,76.6,5.0,1
90,0,2,75.7,10.0,0
60,0,1,86.72727272727273,11.0,0
60,0,2,86.5,4.0,1
60,0,1,80.27272727272727,11.0,0
120,0,2,45.0,1.0,1
60,0,0,0.0,0.0,1
120,0,0,71.0,1.0,1
60,0,2,69.0,1.0,1
120,0,0,58.2,5.0,1
60,0,2,64.25,4.0,1
60,0,2,70.0,6.0,1
60,0,1,70.8,5.0,1
240,0,0,85.125,8.0,1
60,0,2,0.0,0.0,1
60,0,0,0.0,0.0,1
60,0,2,85.0909090909091,11.0,0
60,0,2,74.81818181818181,11.0,0
120,0,1,88.45454545454545,11.0,0
120,0,1,79.0,9.0,0
120,0,2,0.0,0.0,1
120,0,0,65.0,5.0,1
60,0,0,80.25,8.0,0
60,0,1,94.5,10.0,0
120,0,0,85.72727272727273,11.0,0
60,0,0,72.2,5.0,1
60,0,0,79.5,10.0,1
60,0,0,78.63636363636364,11.0,0
60,0,0,0.0,0.0,1
60,0,2,84.22222222222223,9.0,0
120,0,0,74.4,10.0,0
120,0,0,82.9090909090909,11.0,0
60,0,0,0.0,0.0,1
120,0,2,0.0,0.0,1
60,0,2,81.63636363636364,11.0,0
120,0,0,90.36363636363636,11.0,0
60,0,1,93.36363636363636,11.0,0
60,0,2,0.0,0.0,1
120,0,2,61.75,4.0,1
60,0,2,60.4,5.0,0
60,0,2,66.66666666666667,3.0,1
60,0,2,83.63636363636364,11.0,0
120,0,0,0.0,0.0,1
120,0,2,58.875,8.0,1
60,0,0,79.81818181818181,11.0,0
120,0,1,0.0,0.0,1
60,0,0,79.33333333333333,9.0,1
120,0,1,85.2,10.0,0
60,0,2,80.6,10.0,0
120,0,2,0.0,0.0,1
60,0,0,87.5,10.0,0
60,0,0,73.44444444444444,9.0,0
60,0,2,88.54545454545455,11.0,0
60,0,2,77.5,10.0,0
60,0,2,89.81818181818181,11.0,0
60,0,0,87.27272727272727,11.0,0
60,0,2,0.0,0.0,1
120,0,0,90.45454545454544,11.0,0
60,0,2,84.6,10.0,0
60,0,0,0.0,0.0,1
60,0,0,63.0,10.0,0
120,0,0,69.63636363636364,11.0,0
60,0,2,0.0,0.0,1
60,0,2,46.888888888888886,9.0,1
60,0,2,57.0,1.0,1
60,0,0,85.55555555555556,9.0,0
60,0,1,80.36363636363636,11.0,0
60,0,0,76.45454545454545,11.0,0
60,0,2,70.54545454545455,11.0,1
60,0,2,52.333333333333336,3.0,1
60,0,0,71.9090909090909,11.0,0
60,0,2,74.63636363636364,11.0,1
60,0,2,63.5,8.0,0
60,0,2,64.66666666666667,3.0,1
120,0,0,78.27272727272727,11.0,1
60,0,2,79.4,10.0,0
60,0,2,69.5,10.0,0
60,0,0,87.1,10.0,0
60,0,2,74.8,10.0,0
120,0,2,85.3,10.0,0
60,0,1,61.81818181818182,11.0,0
120,0,0,84.5,8.0,1
120,0,2,0.0,0.0,1
60,0,0,80.0,1.0,1
60,0,2,54.8,5.0,1
60,0,2,71.7,10.0,0
60,0,4,97.8181818181818,11.0,0
120,0,2,0.0,0.0,1
60,0,0,0.0,0.0,1
120,0,2,71.0,6.0,1
60,0,2,60.42857142857143,7.0,1
60,0,0,64.8,10.0,0
60,0,2,0.0,0.0,1
60,0,0,80.18181818181819,11.0,0
60,0,0,57.27272727272727,11.0,1
60,0,0,55.0,1.0,1
120,0,2,0.0,0.0,1
60,0,0,79.9090909090909,11.0,0
60,0,2,68.45454545454545,11.0,0
60,0,1,63.0,1.0,1
120,0,0,80.45454545454545,11.0,0
60,0,0,89.45454545454545,11.0,0
120,0,0,80.7,10.0,0
120,0,0,78.63636363636364,11.0,0
60,0,3,0.0,0.0,1
120,0,0,70.625,8.0,1
120,0,0,69.0,7.0,0
150,0,1,79.0,1.0,1
60,0,2,81.9090909090909,11.0,0
60,0,2,49.0,8.0,0
60,0,0,75.9090909090909,11.0,0
60,0,2,75.27272727272727,11.0,0
60,0,2,80.36363636363636,11.0,0
60,0,0,0.0,0.0,1
60,0,2,79.0909090909091,11.0,0
60,0,2,63.3,10.0,0
60,0,0,89.0,9.0,0
60,0,2,0.0,0.0,1
60,0,2,79.4,10.0,0
120,0,1,91.36363636363636,11.0,0
120,0,0,80.9090909090909,11.0,0
60,0,2,0.0,0.0,1
60,0,1,0.0,0.0,1
120,0,2,59.16666666666666,6.0,1
60,0,0,90.85714285714286,7.0,0
60,0,2,73.0,11.0,0
60,0,2,90.0,1.0,1
60,0,0,87.0,2.0,1
60,0,2,0.0,0.0,1
120,0,0,60.0,1.0,1
60,0,2,0.0,0.0,1
60,0,2,37.2,5.0,1
150,0,1,0.0,0.0,1
120,0,0,75.54545454545455,11.0,0
180,0,0,71.0,1.0,1
120,0,2,75.0,9.0,1
120,0,0,74.33333333333333,3.0,1
120,0,0,38.5,2.0,1
60,0,0,69.45454545454545,11.0,1
60,0,2,81.45454545454545,11.0,0
60,0,3,0.0,0.0,1
120,0,0,0.0,0.0,1
60,0,1,76.4,10.0,0
60,0,0,65.85714285714286,7.0,1
60,0,0,70.81818181818181,11.0,0
60,0,2,78.45454545454545,11.0,0
60,0,0,73.18181818181819,11.0,0
60,0,0,84.54545454545455,11.0,0
120,0,2,74.0,3.0,1
180,0,2,82.0,10.0,1
60,0,0,0.0,0.0,1
60,0,2,85.9090909090909,11.0,0
90,0,3,0.0,0.0,1
60,0,0,87.54545454545455,11.0,0
60,0,0,82.0,11.0,0
120,0,0,88.45454545454545,11.0,0
60,0,0,76.27272727272727,11.0,0
60,0,0,87.45454545454545,11.0,0
60,0,2,83.63636363636364,11.0,0
120,0,2,0.0,0.0,1
60,0,2,0.0,0.0,1
60,0,0,88.1,10.0,0
60,0,2,77.9090909090909,11.0,0
120,0,0,0.0,0.0,1
120,0,0,0.0,0.0,1
120,0,0,72.27272727272727,11.0,0
60,0,0,87.45454545454545,11.0,0
60,0,2,79.66666666666667,3.0,1
60,0,0,67.33333333333333,6.0,1
60,0,2,81.45454545454545,11.0,0
60,0,0,71.72727272727273,11.0,0
60,0,0,65.36363636363636,11.0,0
120,0,2,60.0,1.0,1
120,0,2,61.8,10.0,1
120,0,0,84.54545454545455,11.0,0
120,0,2,68.0,1.0,1
120,0,0,74.0,2.0,1
60,0,0,80.6,10.0,0
60,0,2,85.18181818181819,11.0,0
60,0,0,75.5,10.0,1
120,0,2,0.0,0.0,1
150,0,2,0.0,0.0,1
60,0,2,68.0,1.0,1
60,0,2,73.0,1.0,1
60,0,0,88.8,10.0,0
60,0,2,0.0,0.0,1
120,0,2,84.33333333333333,9.0,1
60,0,0,69.2,5.0,1
60,0,2,82.77777777777777,9.0,0
60,0,0,80.0,11.0,0
60,0,2,75.33333333333333,3.0,1
60,0,1,57.333333333333336,9.0,1
60,0,1,89.36363636363636,11.0,0
60,0,1,69.0909090909091,11.0,0
60,0,1,79.0909090909091,11.0,0
60,0,0,66.375,8.0,0
60,0,2,39.5,2.0,1
60,0,2,0.0,0.0,1
60,0,0,64.9,10.0,0
60,0,0,66.875,8.0,0
120,0,1,57.0,2.0,1
60,0,3,60.0,2.0,1
60,0,0,87.54545454545455,11.0,0
60,1,0,73.3,10.0,0
60,0,0,0.0,0.0,1
60,0,1,88.54545454545455,11.0,0
60,0,2,74.0909090909091,11.0,0
60,0,2,0.0,0.0,1
60,0,0,79.33333333333333,6.0,1
60,0,0,74.0,9.0,0
120,0,0,0.0,0.0,1
60,0,0,67.0,11.0,0
120,0,2,70.66666666666667,3.0,1
60,0,0,65.77777777777777,9.0,0
60,0,2,82.0,3.0,1
60,0,2,0.0,0.0,1
60,0,2,0.0,0.0,1
60,0,0,79.27272727272727,11.0,0
60,0,3,0.0,0.0,1
60,0,1,86.63636363636364,11.0,0
60,0,0,0.0,0.0,1
60,0,1,91.36363636363636,11.0,0
60,0,3,0.0,0.0,1
60,0,1,0.0,0.0,1
60,0,0,40.0,1.0,1
120,0,0,75.25,8.0,1
120,0,0,0.0,0.0,1
120,0,0,70.75,8.0,1
60,0,0,81.5,4.0,1
60,0,0,85.18181818181819,11.0,0
60,0,0,69.33333333333333,3.0,1
60,0,0,74.81818181818181,11.0,0
60,0,0,74.54545454545455,11.0,0
60,0,2,80.36363636363636,11.0,0
120,0,2,0.0,0.0,1
60,0,0,60.0,1.0,1
60,0,1,36.0,2.0,1
60,0,1,87.0,11.0,0
60,0,3,0.0,0.0,1
60,0,2,77.5,4.0,1
60,0,0,80.4,10.0,0
120,0,0,84.73333333333333,15.0,1
60,0,0,90.3,10.0,0
60,0,2,0.0,0.0,1
120,0,0,85.0,10.0,0
60,0,2,84.81818181818181,11.0,0
60,0,2,83.3,10.0,0
60,0,0,78.9,10.0,0
75,0,0,0.0,0.0,1
60,0,0,73.6,10.0,0
180,0,2,75.44444444444444,9.0,0
60,0,0,84.54545454545455,11.0,0
60,0,2,89.63636363636364,11.0,0
60,0,0,93.6,10.0,0
60,0,0,79.27272727272727,11.0,0
60,0,0,77.88888888888889,9.0,0
60,0,0,92.5,10.0,0
60,0,0,65.6,5.0,0
120,0,1,89.9090909090909,11.0,0
120,0,1,78.81818181818181,11.0,0
120,0,1,90.54545454545456,11.0,0
120,0,2,75.0,10.0,0
120,0,1,91.4,10.0,0
60,0,2,73.9090909090909,11.0,0
60,0,2,0.0,0.0,1
60,0,2,82.81818181818181,11.0,0
60,0,0,0.0,0.0,1
60,0,0,87.66666666666667,9.0,0
120,0,0,76.16666666666667,12.0,1
60,0,0,80.36363636363636,11.0,0
60,0,2,80.0,11.0,0
60,0,0,77.63636363636364,11.0,0
60,0,0,79.57142857142857,7.0,1
60,0,0,0.0,0.0,1
60,0,0,82.54545454545455,11.0,0
60,0,2,69.0,1.0,1
60,0,2,81.72727272727273,11.0,0
120,0,0,75.92307692307692,13.0,1
60,0,2,68.9090909090909,11.0,0
60,0,1,90.8181818181818,11.0,0
60,0,0,71.81818181818181,11.0,0
60,0,2,0.0,0.0,1
60,0,2,80.36363636363636,11.0,0
60,0,1,62.0,1.0,1
60,0,0,78.44444444444444,9.0,0
60,0,0,87.0,11.0,0
120,0,1,92.2,10.0,0
120,0,1,86.3,10.0,0
60,0,0,81.75,8.0,0
60,0,0,82.2,10.0,0
60,0,2,73.33333333333333,6.0,1
60,0,0,79.63636363636364,11.0,0
60,0,1,67.66666666666667,3.0,1
180,0,4,92.8181818181818,11.0,0
120,0,0,94.63636363636364,11.0,0
120,0,0,88.45454545454545,11.0,0
120,0,1,94.0909090909091,11.0,0
120,0,1,77.4,5.0,1
120,0,0,74.3,10.0,0
60,0,0,0.0,0.0,1
120,0,0,86.45454545454545,11.0,0
60,0,1,80.0,9.0,0
120,0,0,76.9090909090909,11.0,0
60,0,1,67.5,10.0,0
60,0,1,79.54545454545455,11.0,0
120,0,1,0.0,0.0,1
60,0,0,85.375,8.0,0
120,0,1,92.6,10.0,0
60,0,0,84.54545454545455,11.0,0
60,0,2,80.9090909090909,11.0,0
120,0,2,84.54545454545455,11.0,0
180,1,2,71.3,10.0,0
75,3,1,79.0,4.0,1
120,2,1,83.54545454545455,11.0,0
60,0,2,85.36363636363636,11.0,0
60,0,2,90.27272727272728,11.0,0
120,0,2,77.0,11.0,0
120,0,1,77.66666666666667,3.0,1
60,1,2,78.0909090909091,11.0,0
150,0,0,94.0,10.0,1
120,0,2,79.0,2.0,1
60,0,2,76.44444444444444,9.0,0
60,0,0,87.63636363636364,11.0,0
120,0,1,77.2,10.0,0
120,0,0,84.9090909090909,11.0,0
60,0,0,85.72727272727273,11.0,0
60,0,2,80.33333333333333,9.0,0
120,0,2,66.08333333333333,12.0,1
60,1,2,60.0,2.0,1
60,0,2,83.5,10.0,0
60,0,2,51.5,2.0,1
60,0,2,75.6,10.0,0
120,0,2,88.72727272727273,11.0,1
60,1,0,92.63636363636364,11.0,0
60,0,0,86.9090909090909,11.0,0
60,1,2,78.81818181818181,11.0,0
60,0,0,83.45454545454545,11.0,0
90,0,2,0.0,0.0,1
60,0,2,84.5,4.0,1
60,2,2,84.72727272727273,11.0,0
60,0,0,91.36363636363636,11.0,0
60,0,2,81.72727272727273,11.0,0
60,0,3,59.5,2.0,1
90,0,0,0.0,0.0,1
120,3,2,77.0,1.0,1
60,4,2,48.8,5.0,1
60,0,0,78.875,8.0,1
60,0,0,77.7,10.0,0
120,0,0,82.4,10.0,0
60,0,2,85.0909090909091,11.0,0
60,0,0,0.0,0.0,1
120,0,0,85.72727272727273,11.0,1
60,5,2,90.0,2.0,1
60,0,2,75.63636363636364,11.0,0
60,1,2,78.18181818181819,11.0,0
60,2,2,69.0,4.0,1
60,0,2,72.0,1.0,1
60,1,2,76.81818181818181,11.0,0
60,0,1,74.0,9.0,0
60,0,2,70.4,5.0,1
60,0,0,0.0,0.0,1
75,1,1,0.0,0.0,1
60,0,1,90.8181818181818,11.0,0
60,0,2,83.2,10.0,0
120,1,0,79.1,10.0,1
60,0,2,83.45454545454545,11.0,0
60,0,2,86.0909090909091,11.0,0
60,0,2,68.45454545454545,11.0,0
60,0,2,86.0,4.0,1
120,0,2,85.6,10.0,0
120,2,0,87.4,10.0,0
60,0,2,84.0,11.0,0
120,1,0,85.4,10.0,1
60,0,2,80.66666666666667,3.0,1
120,0,0,76.2,10.0,0
60,0,1,82.75,4.0,1
60,0,2,92.4,10.0,0
60,0,2,70.72727272727273,11.0,1
60,0,0,85.72727272727273,11.0,0
120,0,0,91.9090909090909,11.0,0
60,0,1,1.0,1.0,1
60,0,0,84.7,10.0,0
60,0,3,61.66666666666666,3.0,1
60,1,0,0.0,0.0,1
120,1,2,0.0,0.0,1
60,0,0,78.0,3.0,1
90,0,1,74.4,10.0,0
60,0,2,0.0,0.0,1
60,1,2,77.0,11.0,0
120,1,0,64.0,3.0,1
60,0,1,78.6,10.0,1
60,2,0,82.5,2.0,1
60,1,1,74.66666666666667,3.0,1
60,0,2,68.5,2.0,1
60,0,3,76.66666666666667,3.0,1
180,0,0,62.16666666666666,6.0,0
180,1,0,80.5,4.0,1
60,0,0,0.0,0.0,1
180,0,2,86.33333333333333,3.0,1
60,5,0,0.0,0.0,1
60,0,0,92.44444444444444,9.0,0
60,1,2,74.75,4.0,1
180,0,0,63.63636363636363,11.0,0
120,0,1,0.0,0.0,1
180,1,1,91.0,3.0,1
60,0,2,0.0,0.0,1
120,0,0,91.63636363636364,11.0,0
60,0,2,0.0,0.0,1
120,0,0,80.0,3.0,1
60,0,2,95.0,11.0,0
60,0,2,82.63636363636364,11.0,0
120,0,2,83.0,11.0,0
60,2,2,39.0,1.0,1
220,0,0,79.0,4.0,1
60,0,0,85.81818181818181,11.0,0
60,0,1,83.71428571428571,7.0,0
60,1,0,80.85714285714286,7.0,1
60,3,2,0.0,0.0,1
60,0,0,90.72727272727272,11.0,0
60,1,2,84.63636363636364,11.0,0
60,0,0,82.5,2.0,1
60,0,2,66.9090909090909,11.0,0
60,0,2,76.0,10.0,0
120,0,1,89.54545454545455,11.0,0
120,0,0,75.72727272727273,11.0,0
60,0,0,79.0,11.0,0
195,1,2,83.0,3.0,1
180,0,1,65.33333333333333,9.0,0
60,0,2,75.0,11.0,1
180,0,2,85.45454545454545,11.0,0
60,0,2,87.4,10.0,0
60,0,2,61.4,5.0,1
60,0,1,85.0,11.0,0
120,0,0,83.18181818181819,11.0,0
60,1,2,0.0,1.0,1
60,0,1,83.0,2.0,1
90,0,2,92.0909090909091,11.0,0
120,1,0,82.81818181818181,11.0,0
90,0,0,68.9375,16.0,0
120,0,2,84.0,1.0,1
60,0,0,84.54545454545455,11.0,0
75,0,1,90.1818181818182,11.0,0
60,0,1,92.45454545454544,11.0,0
120,0,2,65.0,10.0,1
60,0,2,0.0,0.0,1
120,0,2,89.88888888888889,9.0,1
60,0,2,0.0,0.0,1
180,0,1,0.0,0.0,1
240,0,1,0.0,0.0,1
60,0,2,57.36363636363637,11.0,1
60,1,2,88.23529411764706,17.0,0
90,1,2,0.0,0.0,1
60,0,2,70.18181818181819,11.0,1
120,0,2,0.0,0.0,1
60,0,2,0.0,0.0,1
60,2,2,63.8,5.0,1
60,1,3,72.3,10.0,1
60,0,2,72.36363636363636,11.0,1
60,1,2,0.0,0.0,1
180,0,0,90.54545454545456,11.0,0
180,1,1,90.45454545454544,11.0,0
60,0,2,61.6,5.0,1
60,1,2,55.0,1.0,1
120,0,0,69.4,5.0,1
60,0,2,71.4,10.0,0
60,0,1,80.0,1.0,1
60,0,2,61.2,10.0,0
180,0,0,68.9090909090909,11.0,0
60,0,2,61.4,5.0,1
60,0,0,0.0,0.0,1
60,0,0,67.9090909090909,11.0,1
120,0,2,86.22222222222223,9.0,0
60,2,2,58.142857142857146,7.0,1
60,1,1,0.0,0.0,1
60,0,2,57.0,11.0,1
60,1,2,84.0,10.0,0
165,1,0,83.0,11.0,0
120,0,0,84.9090909090909,11.0,0
240,4,1,0.0,0.0,1
60,2,2,73.45454545454545,11.0,0
90,1,0,66.52941176470588,17.0,0
60,0,0,83.72727272727273,11.0,0
60,0,0,85.54545454545455,11.0,0
60,0,0,90.63636363636364,11.0,0
60,0,2,93.2,5.0,1
120,0,0,0.0,0.0,1
60,0,0,79.33333333333333,3.0,1
180,0,2,0.0,0.0,1
150,0,0,0.0,0.0,1
120,0,2,0.0,0.0,1
60,0,0,89.81818181818181,11.0,0
120,0,0,83.81818181818181,11.0,0
120,0,2,84.36363636363636,11.0,0
120,0,0,0.0,0.0,1
60,1,2,60.0,1.0,1
120,3,2,59.5,2.0,1
60,0,2,0.0,0.0,1
60,0,2,46.333333333333336,3.0,1
120,0,0,46.0,1.0,1
60,0,1,86.0,11.0,0
60,0,2,88.5,10.0,0
75,2,0,0.0,0.0,1
120,0,2,62.90909090909091,11.0,0
60,0,2,68.0,11.0,1
60,0,2,0.0,0.0,1
120,1,2,0.0,0.0,1
60,2,0,86.5,2.0,1
120,4,2,69.16666666666667,12.0,1
60,0,0,77.0,1.0,1
90,0,0,84.83333333333333,6.0,1
60,1,2,73.0,5.0,1
120,0,2,67.33333333333333,6.0,1
120,0,1,82.63636363636364,11.0,0
60,1,2,83.18181818181819,11.0,0
120,0,1,82.1,10.0,0
60,0,2,84.0,10.0,0
60,2,2,75.1,10.0,0
120,0,0,84.81818181818181,11.0,0
150,0,2,0.0,0.0,1
120,1,2,0.0,0.0,1
120,2,2,78.75,4.0,1
60,0,2,0.0,0.0,1
60,0,2,76.0,4.0,1
60,2,2,62.54545454545455,11.0,0
120,1,0,92.27272727272728,11.0,0
60,0,1,76.7,10.0,0
120,2,2,66.4,5.0,1
60,2,2,81.0,5.0,1
60,0,2,0.0,0.0,1
60,1,0,89.77777777777777,9.0,0
60,3,2,77.0,5.0,1
120,1,0,75.9,10.0,0
120,0,0,85.72727272727273,11.0,0
120,0,2,0.0,0.0,1
150,2,2,99.33333333333331,3.0,1
75,0,4,88.9090909090909,11.0,0
120,1,2,91.22222222222224,9.0,1
120,0,0,87.0909090909091,11.0,0
120,1,2,67.36363636363636,11.0,1
60,0,2,65.5,4.0,1
120,1,1,84.6,10.0,0
60,0,0,82.66666666666667,9.0,0
60,0,0,61.18181818181818,11.0,0
120,0,0,75.5,10.0,0
60,0,0,77.45454545454545,11.0,0
240,0,2,78.77777777777777,9.0,0
60,0,0,92.54545454545456,11.0,0
240,1,1,69.0,10.0,1
120,0,0,82.6,10.0,0
60,0,2,88.0909090909091,11.0,0
60,0,0,90.3,10.0,0
120,0,0,86.81818181818181,11.0,0
120,1,0,93.1818181818182,11.0,0
120,1,0,0.0,0.0,1
60,0,0,81.45454545454545,11.0,0
60,0,0,82.9,10.0,0
90,0,2,88.5,2.0,1
60,1,2,69.25,8.0,0
120,1,0,68.66666666666667,3.0,1
60,0,1,80.9,10.0,0
135,0,0,83.7,10.0,0
60,0,2,81.4,10.0,0
60,0,2,0.0,0.0,1
60,0,3,68.8,10.0,1
60,0,2,86.9,10.0,0
120,0,0,0.0,0.0,1
60,0,2,0.0,0.0,1
120,0,2,88.4,10.0,0
60,0,0,86.54545454545455,11.0,0
60,0,0,89.18181818181819,11.0,0
60,0,0,87.63636363636364,11.0,0
90,0,0,75.11111111111111,9.0,0
120,3,2,81.0,11.0,0
120,0,1,73.7,10.0,0
180,2,2,73.0909090909091,11.0,1
60,0,2,86.45454545454545,11.0,0
60,0,0,76.8,10.0,0
240,1,2,87.1,10.0,0
120,2,2,70.6,5.0,1
60,0,2,75.33333333333333,6.0,1
150,1,2,48.285714285714285,21.0,1
60,0,0,81.36363636363636,11.0,0
120,0,2,86.6,5.0,1
60,1,2,80.0,4.0,1
60,0,0,84.9090909090909,11.0,0
60,0,2,78.22222222222223,9.0,0
60,0,1,94.0,10.0,0
120,0,2,85.54545454545455,11.0,0
120,2,0,83.93333333333334,15.0,0
120,0,2,56.2,5.0,1
120,3,2,57.0,4.0,1
90,0,0,0.0,0.0,1
120,0,2,66.1,10.0,0
180,4,2,75.0,9.0,1
240,1,0,75.11111111111111,9.0,1
75,0,1,89.27272727272727,11.0,0
60,0,0,0.0,0.0,1
150,2,0,0.0,0.0,1
150,0,0,80.2,5.0,1
120,1,2,74.375,8.0,1
120,3,3,10.555555555555555,9.0,1
60,0,0,0.0,0.0,1
120,3,2,0.0,0.0,1
60,0,1,70.0909090909091,11.0,0
60,0,0,85.25,8.0,1
60,0,2,63.44444444444444,9.0,1
150,5,0,80.0,3.0,1
60,0,2,0.0,0.0,1
120,0,4,0.0,0.0,1
90,0,2,85.45454545454545,11.0,0
60,0,1,87.77777777777777,9.0,0
60,0,1,0.0,0.0,1
60,1,2,0.0,0.0,1
60,0,2,87.44444444444444,9.0,0
60,1,0,73.1,10.0,0
120,0,1,0.0,0.0,1
120,2,0,81.36363636363636,11.0,0
120,0,0,59.7,10.0,0
120,3,1,46.5,4.0,1
60,0,0,71.4,10.0,0
60,0,1,90.5,10.0,0
120,2,2,54.875,8.0,1
60,0,0,79.1,10.0,0
60,0,2,71.25,8.0,1
120,0,2,0.0,0.0,1
60,0,0,0.0,0.0,1
60,0,0,82.8,5.0,1
60,0,1,0.0,0.0,1
150,0,2,87.42857142857143,7.0,1
60,2,0,0.0,0.0,1
180,2,1,82.375,8.0,0
60,0,0,79.0,2.0,1
120,0,0,90.54545454545456,11.0,0
60,0,1,62.72727272727273,11.0,1
60,2,2,0.0,0.0,1
60,0,0,68.16666666666667,6.0,0
120,1,2,0.0,0.0,1
60,0,0,75.6,10.0,1
150,0,0,87.81818181818181,11.0,0
60,3,0,76.0,11.0,1
60,0,2,60.63636363636363,11.0,1
180,0,0,0.0,0.0,1
120,1,2,83.9090909090909,11.0,0
60,1,2,0.0,0.0,1
120,0,0,84.0,11.0,0
60,0,2,60.6,5.0,1
60,0,0,74.63636363636364,11.0,0
60,0,2,78.9090909090909,11.0,0
120,0,0,80.9090909090909,11.0,0
60,0,0,82.5,6.0,0
90,0,1,81.18181818181819,11.0,0
60,0,2,65.9090909090909,11.0,0
60,0,2,49.833333333333336,6.0,0
120,1,2,0.0,0.0,1
60,0,0,85.4,10.0,0
120,1,4,92.36363636363636,11.0,0
120,6,0,82.27272727272727,11.0,0
120,0,0,90.72727272727272,11.0,0
120,0,2,70.5,4.0,1
60,0,0,90.72727272727272,11.0,0
60,1,0,85.83333333333333,18.0,0
60,0,0,0.0,0.0,1
120,0,2,0.0,0.0,1
60,1,2,89.75,4.0,1
60,1,0,77.0,5.0,1
120,0,2,70.22222222222223,9.0,1
60,0,2,72.0,1.0,1
180,0,0,0.0,0.0,1
60,1,1,0.0,0.0,1
60,0,1,0.0,0.0,1
120,2,1,77.0,1.0,1
120,0,2,0.0,0.0,1
120,1,2,0.0,0.0,1
90,0,0,77.72727272727273,11.0,0
120,1,0,84.63636363636364,11.0,0
60,2,0,75.0,2.0,1
60,0,0,73.0,11.0,0
60,1,2,68.4,5.0,1
60,0,1,89.66666666666667,3.0,1
120,1,2,73.54545454545455,11.0,0
60,2,0,84.72727272727273,11.0,0
180,1,2,48.2,5.0,1
180,1,0,68.2,10.0,0
60,0,0,86.1,10.0,0
120,1,3,0.0,0.0,1
75,1,1,64.9,10.0,1
60,2,0,74.5,4.0,1
120,1,0,82.2,5.0,1
60,0,2,67.9090909090909,11.0,0
120,1,2,76.77777777777777,9.0,0
120,2,0,90.75,8.0,1
120,0,1,93.33333333333331,9.0,0
60,0,2,51.0,3.0,1
60,0,2,56.90909090909091,11.0,0
60,0,0,74.0,1.0,1
120,0,0,93.28571428571428,7.0,0
180,4,2,0.0,0.0,1
60,0,2,82.18181818181819,11.0,0
60,0,2,0.0,0.0,1
60,0,1,0.0,0.0,1
210,0,0,57.77777777777778,9.0,0
60,0,0,85.63636363636364,11.0,0
60,0,2,0.0,0.0,1
60,0,2,73.54545454545455,11.0,0
60,0,1,76.0,11.0,0
120,0,0,89.63636363636364,11.0,0
60,0,0,83.9090909090909,11.0,0
60,0,2,0.0,0.0,1
75,0,1,77.54545454545455,11.0,0
90,0,0,72.0909090909091,11.0,0
150,1,2,0.0,0.0,1
120,0,2,83.6,5.0,1
120,0,2,81.7,10.0,0
60,2,2,90.0,1.0,1
120,3,2,0.0,0.0,1
120,2,0,0.0,0.0,1
60,2,0,0.0,0.0,1
60,0,0,80.7,10.0,0
120,0,0,81.54545454545455,11.0,0
60,0,3,0.0,0.0,1
90,0,2,83.27272727272727,11.0,0
120,0,1,53.0,1.0,1
60,0,2,86.75,4.0,1
180,0,2,0.0,0.0,1
90,0,2,90.0,11.0,0
60,0,2,86.2,10.0,0
60,0,2,73.0,1.0,1
120,0,2,64.81818181818181,11.0,0
120,0,1,81.0,10.0,0
60,0,1,82.9,10.0,0
120,0,0,80.9090909090909,11.0,0
60,0,0,70.22222222222223,9.0,1
60,2,2,79.3,10.0,0
60,0,0,77.0,10.0,0
60,0,1,0.0,0.0,1
60,1,2,84.33333333333333,3.0,1
120,0,0,85.7,10.0,0
60,0,0,80.8,10.0,0
240,2,0,91.375,16.0,1
75,0,0,79.0,5.0,1
210,1,0,74.0,1.0,1
180,1,0,84.6,10.0,0
120,3,2,65.33333333333333,3.0,1
60,0,0,0.0,0.0,1
120,1,2,0.0,0.0,1
60,0,0,84.1,10.0,0
60,2,0,90.0,11.0,0
60,0,2,0.0,0.0,1
60,1,2,72.63636363636364,11.0,0
120,0,2,63.11111111111112,9.0,1
60,2,2,86.66666666666667,6.0,1
120,0,2,87.6,10.0,0
120,2,2,88.72727272727273,11.0,0
60,0,1,0.0,0.0,1
120,4,2,60.0,1.0,1
90,2,0,89.72727272727273,11.0,0
60,0,2,85.27272727272727,11.0,0
120,0,2,69.0,2.0,1
60,0,2,0.0,0.0,1
60,0,0,57.81818181818182,11.0,0
120,0,2,0.0,0.0,1
60,2,0,65.4,5.0,1
60,0,0,82.54545454545455,11.0,0
60,0,2,85.0909090909091,11.0,0
60,1,0,57.0,1.0,1
60,1,2,63.5,8.0,1
120,0,0,90.36363636363636,11.0,0
60,0,2,0.0,0.0,1
90,1,0,0.0,0.0,1
60,2,2,0.0,0.0,1
90,0,2,72.66666666666667,3.0,1
60,0,0,82.75,4.0,1
60,1,2,88.5,8.0,0
120,1,0,69.55555555555556,9.0,1
60,0,2,86.1,10.0,0
60,0,1,76.0,7.0,1
120,0,0,80.81818181818181,11.0,0
60,1,1,84.9090909090909,11.0,0
180,2,2,81.4,5.0,1
120,0,0,71.72727272727273,11.0,0
60,0,1,92.9090909090909,11.0,0
60,0,2,87.8,10.0,0
180,0,3,76.25,8.0,0
60,1,1,78.33333333333333,3.0,1
120,0,0,75.27272727272727,11.0,0
60,1,2,0.0,0.0,1
60,0,0,88.33333333333333,3.0,1
180,0,0,81.4,10.0,0
120,0,2,80.44444444444444,9.0,1
60,0,0,74.0909090909091,11.0,0
120,0,0,78.27272727272727,11.0,0
60,1,0,78.33333333333333,6.0,1
120,0,2,86.42857142857143,7.0,1
120,0,1,83.0909090909091,11.0,0
210,0,2,0.0,0.0,1
60,0,0,75.9090909090909,11.0,0
60,0,0,83.1,10.0,1
60,0,1,92.1818181818182,11.0,0
120,0,2,0.0,0.0,1
60,0,2,79.72727272727273,11.0,0
120,2,0,78.86666666666666,15.0,1
300,2,2,77.0,1.0,1
60,0,2,31.285714285714285,7.0,1
60,0,0,0.0,0.0,1
120,0,2,78.875,8.0,0
180,2,2,67.38461538461539,13.0,1
120,0,0,68.33333333333333,9.0,1
60,0,2,85.44444444444444,9.0,0
90,2,2,72.47368421052632,19.0,1
130,0,2,65.9090909090909,11.0,0
120,1,2,69.55555555555556,9.0,0
90,1,2,0.0,0.0,1
120,0,0,88.0,9.0,0
180,0,2,70.0,1.0,1
120,0,0,88.54545454545455,11.0,0
120,2,2,73.5,6.0,1
60,0,1,82.54545454545455,11.0,0
60,0,2,81.63636363636364,11.0,0
60,0,2,80.0,4.0,1
120,0,2,0.0,0.0,1
180,1,0,0.0,0.0,1
60,0,0,0.0,0.0,1
120,1,2,86.85714285714286,7.0,1
195,0,2,79.45454545454545,11.0,0
60,0,2,89.54545454545455,11.0,0
60,0,0,67.8,10.0,1
270,0,2,71.36363636363636,11.0,0
120,0,0,95.2,10.0,0
180,0,0,91.9,10.0,0
120,1,0,0.0,0.0,1
60,0,2,0.0,0.0,1
180,0,0,77.2,10.0,0
120,2,0,0.0,0.0,1
120,0,2,87.0,2.0,1
60,0,2,82.22222222222223,9.0,0
120,1,0,0.0,0.0,1
180,0,0,0.0,0.0,1
60,0,0,94.0,4.0,1
60,0,0,71.7,10.0,1
60,0,0,73.4,10.0,0
120,1,2,84.6,10.0,0
120,1,0,0.0,0.0,1
60,2,0,59.0,1.0,1
60,0,2,80.0,1.0,1
60,0,0,0.0,0.0,1
120,1,0,0.0,0.0,1
60,0,0,62.0,1.0,1
60,0,0,0.0,0.0,1
120,1,0,57.0,1.0,1
60,0,2,73.66666666666667,3.0,1
60,0,2,92.0909090909091,11.0,0
90,0,2,53.54545454545455,11.0,1
60,0,0,0.0,0.0,1
60,0,2,69.0,4.0,1
120,0,0,44.0,5.0,1
60,0,0,81.0,1.0,1
60,0,0,81.44444444444444,9.0,0
120,0,0,91.8181818181818,11.0,0
120,1,0,78.9090909090909,22.0,0
120,0,2,0.0,0.0,1
60,2,2,65.36363636363636,11.0,1
60,0,0,74.0,6.0,1
120,0,2,70.45454545454545,11.0,1
150,0,1,62.0,9.0,1
60,0,2,78.27272727272727,11.0,0
120,2,2,73.18181818181819,11.0,0
60,1,0,64.1,10.0,0
120,2,2,65.66666666666667,6.0,1
120,0,1,0.0,0.0,1
60,0,2,0.0,0.0,1
60,0,0,55.16666666666666,6.0,1
120,0,0,73.8,5.0,0
60,0,2,88.0,4.0,1
120,0,2,55.18181818181818,11.0,1
180,1,2,88.77777777777777,9.0,0
60,1,2,0.0,0.0,1
60,0,2,80.5,10.0,1
120,1,0,0.0,0.0,1
120,0,0,88.45454545454545,11.0,0
60,2,0,35.0,1.0,1
60,0,2,74.2,10.0,0
60,1,2,83.0,1.0,1
60,0,0,90.63636363636364,11.0,0
60,0,0,0.0,0.0,1
120,3,2,60.76923076923077,13.0,1
60,0,0,88.81818181818181,11.0,0
180,1,2,80.5,4.0,1
120,0,2,88.81818181818181,11.0,0
180,1,2,72.45454545454545,11.0,0
60,0,0,77.0,1.0,1
120,1,2,88.71428571428571,21.0,1
60,0,0,78.7,10.0,0
240,0,2,0.0,0.0,1
60,0,0,72.81818181818181,11.0,1
120,1,2,0.0,0.0,1
120,1,2,0.0,0.0,1
60,0,2,0.0,0.0,1
120,1,1,73.63636363636364,11.0,0
150,0,0,64.88888888888889,9.0,1
180,0,2,0.0,0.0,1
60,0,0,86.0,11.0,0
90,0,2,89.25,8.0,1
120,0,0,86.0,11.0,0
90,0,2,81.9090909090909,11.0,1
60,0,2,80.28571428571429,7.0,1
120,0,2,84.4,10.0,1
120,0,2,46.8,5.0,1
60,1,2,0.0,0.0,1
60,0,1,85.11111111111111,9.0,0
60,0,0,76.0,3.0,1
120,1,0,96.0,9.0,0
180,1,2,75.2,10.0,0
60,0,2,85.18181818181819,11.0,0
180,0,0,86.45454545454545,11.0,0
60,0,0,84.11111111111111,9.0,0
60,0,0,86.45454545454545,11.0,0
90,0,3,88.0909090909091,11.0,0
60,0,2,72.9090909090909,11.0,0
180,1,0,63.0,1.0,1
60,0,2,75.0909090909091,11.0,0
60,1,0,92.0,4.0,1
120,1,2,82.5,6.0,1
120,0,1,80.3,10.0,0
120,0,2,93.63636363636364,11.0,0
60,0,2,74.77777777777777,9.0,0
60,0,0,0.0,0.0,1
120,2,0,68.27272727272727,11.0,0
180,1,0,85.22222222222223,9.0,0
240,2,0,64.7,10.0,1
180,0,2,72.0,1.0,1
120,2,0,0.0,0.0,1
60,1,0,0.0,0.0,1
60,0,0,70.0909090909091,11.0,0
180,2,2,0.0,0.0,1
60,0,2,84.7,10.0,0
60,1,2,71.2,20.0,1
60,0,2,73.81818181818181,11.0,0
60,1,2,81.0,15.0,0
120,0,0,63.0,1.0,1
60,0,0,70.8,5.0,1
60,0,2,0.0,0.0,1
120,0,2,86.9,10.0,0
120,0,2,76.125,8.0,1
60,1,0,60.0,3.0,1
60,0,2,71.54545454545455,11.0,1
90,0,3,80.0,1.0,1
120,1,2,65.0,3.0,1
90,1,0,43.22222222222222,18.0,1
90,0,2,0.0,0.0,1
60,0,0,91.0909090909091,11.0,0
60,0,2,76.0,4.0,1
120,1,2,64.72727272727273,11.0,0
120,1,2,77.25,16.0,1
120,1,0,95.72727272727272,11.0,0
180,1,2,78.54545454545455,11.0,0
60,0,0,58.5,8.0,1
60,0,1,76.33333333333333,6.0,1
120,2,0,84.22222222222223,9.0,1
60,0,0,40.0,1.0,1
90,0,1,84.0,3.0,1
120,2,2,0.0,0.0,1
60,0,2,0.0,0.0,1
60,0,0,91.0,1.0,1
60,0,0,70.6,5.0,1
180,1,2,65.71428571428571,14.0,1
120,0,0,81.77777777777777,9.0,0
120,1,1,74.9090909090909,11.0,0
60,1,2,0.0,0.0,1
60,0,0,91.36363636363636,11.0,0
180,0,0,89.18181818181819,11.0,0
150,1,0,0.0,0.0,1
60,0,2,44.0,3.0,1
60,0,2,60.16666666666666,6.0,1
60,0,2,72.7,10.0,1
60,0,2,63.75,8.0,1
60,0,0,70.8,10.0,0
120,2,0,87.58333333333333,12.0,0
130,0,1,77.11111111111111,9.0,1
120,1,0,81.9,10.0,1
120,1,2,85.0909090909091,11.0,0
60,0,0,78.36363636363636,11.0,0
60,0,0,0.0,0.0,1
60,1,1,94.0909090909091,11.0,0
120,0,0,0.0,0.0,1
60,0,3,54.0,1.0,1
60,0,0,80.0,11.0,0
60,0,1,76.36363636363636,11.0,0
150,0,0,83.0,10.0,0
120,0,0,78.375,8.0,1
120,0,0,70.54545454545455,11.0,0
60,0,0,86.63636363636364,11.0,0
60,1,2,50.833333333333336,12.0,1
60,0,2,90.1818181818182,11.0,0
60,1,2,80.33333333333333,6.0,1
120,1,1,78.9,10.0,0
60,0,1,0.0,0.0,1
120,1,0,75.0,2.0,1
120,0,0,85.72727272727273,11.0,0
120,0,0,77.63636363636364,11.0,0
120,1,2,0.0,0.0,1
60,0,0,77.0,11.0,0
180,1,0,88.0909090909091,11.0,0
60,0,2,0.0,0.0,1
60,0,2,0.0,0.0,1
60,0,0,0.0,0.0,1
60,0,2,0.0,0.0,1
60,0,0,64.0,2.0,1
60,0,2,85.5,4.0,1
60,0,2,73.81818181818181,11.0,0
60,0,0,83.81818181818181,11.0,0
75,0,0,78.81818181818181,11.0,0
120,1,2,78.18181818181819,11.0,0
60,0,2,0.0,0.0,1
90,0,2,0.0,0.0,1
75,0,2,74.0,8.0,1
120,0,0,72.27272727272727,11.0,0
120,1,0,89.72727272727273,11.0,0
60,0,3,0.0,0.0,1
120,0,0,0.0,0.0,1
120,0,2,73.7,10.0,0
120,0,0,0.0,0.0,1
60,0,2,77.0,5.0,1
60,0,0,84.0,4.0,1
180,1,2,65.0,1.0,1
60,0,2,78.3,10.0,0
120,0,2,75.0,1.0,1
60,0,0,54.0,10.0,0
60,0,0,79.55555555555556,9.0,0
60,0,0,80.27272727272727,11.0,0
120,1,2,72.44444444444444,9.0,0
60,0,0,0.0,0.0,1
60,0,0,79.7,10.0,0
60,0,2,83.63636363636364,11.0,0
60,0,2,80.27272727272727,11.0,0
120,1,2,40.0,1.0,1
120,1,0,83.6923076923077,13.0,0
120,1,2,75.9090909090909,11.0,0
60,0,2,72.8,10.0,0
60,0,2,79.8,5.0,1
120,0,2,0.0,0.0,1
90,0,0,71.0,11.0,0
180,1,2,0.0,0.0,1
60,0,2,88.54545454545455,11.0,0
60,0,2,75.54545454545455,11.0,0
60,0,2,86.36363636363636,11.0,0
120,0,2,64.0909090909091,11.0,0
60,0,2,81.0909090909091,11.0,0
60,0,2,83.6,10.0,0
60,0,1,0.0,0.0,1
180,1,2,0.0,0.0,1
60,0,2,72.5,4.0,1
120,0,2,83.0,9.0,1
60,0,0,92.45454545454544,11.0,0
60,0,0,95.54545454545456,11.0,0
60,0,1,0.0,0.0,1
60,0,2,77.6,10.0,0
120,1,2,88.8,10.0,0
180,1,2,68.81818181818181,11.0,0
180,1,2,0.0,0.0,1
120,0,2,72.81818181818181,11.0,0
120,0,0,66.7,10.0,0
120,0,1,75.0,11.0,0
120,0,1,70.11111111111111,9.0,1
180,1,1,90.27272727272728,11.0,0
210,0,0,0.0,0.0,1
240,0,2,0.0,0.0,1
180,1,2,0.0,0.0,1
120,0,1,0.0,0.0,1
120,0,0,78.75,4.0,1
120,0,0,89.7,10.0,0
120,1,2,45.0,11.0,0
180,1,0,82.9,10.0,0
120,0,0,85.54545454545455,11.0,0
120,0,2,87.25,4.0,1
120,0,2,79.8,10.0,0
60,0,0,69.54545454545455,11.0,0
60,0,2,0.0,0.0,1
120,0,2,0.0,0.0,1
150,0,2,0.0,0.0,1
120,0,0,72.27272727272727,11.0,0
150,1,2,0.0,0.0,1
120,0,2,73.0,1.0,1
60,0,0,84.0,3.0,1
120,0,0,52.333333333333336,3.0,1
120,0,0,66.0,11.0,0
120,1,2,79.81818181818181,11.0,0
120,0,2,72.0,1.0,1
60,0,2,46.0,1.0,1
60,0,3,0.0,0.0,1
120,1,2,85.54545454545455,11.0,0
120,0,2,96.0,11.0,0
150,1,1,0.0,0.0,1
120,1,2,90.0,2.0,1
120,1,2,85.72727272727273,11.0,0
60,0,1,76.9090909090909,11.0,0
120,1,2,49.5,2.0,1
120,0,1,77.0,4.0,1
120,0,2,79.8,5.0,1
120,1,2,80.0,10.0,0
120,1,2,70.42857142857143,7.0,1
120,1,2,0.0,0.0,1
60,0,0,70.81818181818181,11.0,0
60,0,0,79.77777777777777,9.0,1
180,0,0,97.0,10.0,0
240,0,0,61.81818181818182,11.0,0
120,0,0,0.0,0.0,1
180,0,2,81.18181818181819,11.0,0
120,1,2,60.66666666666666,3.0,1
120,1,2,0.0,0.0,1
120,0,2,0.0,0.0,1
120,0,2,91.85714285714286,7.0,1
120,0,0,65.55555555555556,9.0,1
60,0,2,60.0,11.0,1
60,0,3,0.0,0.0,1
180,1,2,0.0,0.0,1
120,1,2,85.0,2.0,1
120,0,1,85.27272727272727,11.0,0
60,0,0,78.63636363636364,11.0,0
120,0,0,0.0,0.0,1
120,0,0,82.45454545454545,11.0,0
120,0,0,72.5,4.0,1
60,0,2,82.4,10.0,0
120,1,2,0.0,0.0,1
270,0,0,0.0,0.0,1
60,0,0,0.0,0.0,1
120,0,2,0.0,0.0,1
120,0,0,94.1818181818182,11.0,0
120,0,2,69.0909090909091,11.0,0
60,0,0,76.875,8.0,0
120,0,0,83.72727272727273,11.0,0
120,0,2,93.55555555555556,9.0,0
120,0,0,86.81818181818181,11.0,0
120,0,0,79.25,8.0,0
60,0,2,0.0,0.0,1
60,0,0,87.72727272727273,11.0,0
120,1,2,61.0,5.0,1
60,0,0,80.7,10.0,0
120,0,2,0.0,0.0,1
240,0,2,54.0,3.0,1
120,1,1,74.5,4.0,1
120,0,2,0.0,0.0,1
120,0,0,79.0,10.0,0
120,0,0,87.2,10.0,0
120,0,2,85.2,10.0,0
60,0,0,94.0,11.0,0
60,0,2,56.36363636363637,11.0,1
120,0,3,0.0,0.0,1
60,0,1,0.0,0.0,1
120,1,2,54.0,4.0,1
60,0,0,46.75,4.0,1
90,0,2,71.66666666666667,6.0,1
180,0,2,0.0,0.0,1
120,0,0,72.0,7.0,1
120,1,2,55.66666666666666,3.0,1
60,0,2,78.0,4.0,1
120,0,0,88.54545454545455,11.0,0
120,0,2,82.33333333333333,3.0,1
180,0,0,74.0,10.0,0
240,0,0,56.22222222222222,9.0,1
60,0,0,0.0,0.0,1
60,0,0,86.81818181818181,11.0,0
60,0,1,71.18181818181819,11.0,0
120,1,0,0.0,0.0,1
180,1,2,89.45454545454545,11.0,0
70,0,1,92.9090909090909,11.0,0
180,0,0,79.9,10.0,0
60,0,0,0.0,0.0,1
120,0,2,81.8,10.0,0
120,1,2,0.0,0.0,1
75,0,2,0.0,0.0,1
180,0,0,72.77777777777777,9.0,1
120,0,2,32.333333333333336,3.0,1
150,0,0,77.9,10.0,0
180,0,0,0.0,0.0,1
120,0,2,85.4,5.0,1
120,0,0,70.16666666666667,6.0,1
120,0,2,81.1,10.0,1
120,0,2,82.5,2.0,1
60,0,1,74.0,2.0,1
120,0,0,72.4,10.0,0
120,0,0,81.81818181818181,11.0,0
120,0,0,92.72727272727272,11.0,0
120,0,0,0.0,0.0,1
60,0,0,84.0909090909091,11.0,0
60,0,1,78.9,10.0,0
120,1,2,77.875,8.0,1
120,1,0,93.45454545454544,11.0,0
60,0,2,69.0,9.0,0
180,0,1,0.0,0.0,1
120,0,1,0.0,0.0,1
120,1,2,0.0,0.0,1
60,0,0,81.0909090909091,11.0,0
150,0,2,74.75,4.0,1
180,1,0,81.81818181818181,11.0,0
120,0,2,0.0,0.0,1
180,1,2,83.0,1.0,1
60,0,1,83.7,10.0,0
120,1,2,74.5,10.0,0
120,0,2,40.5,2.0,1
120,0,2,85.36363636363636,11.0,0
90,0,0,79.27272727272727,11.0,0
60,0,2,76.63636363636364,11.0,0
120,1,2,46.90909090909091,11.0,1
60,0,2,75.42857142857143,7.0,1
60,0,2,49.0,1.0,1
60,0,2,64.6,5.0,1
60,0,0,89.11111111111111,9.0,0
60,0,2,87.25,4.0,1
120,0,2,87.25,8.0,0
60,0,2,0.0,0.0,1
60,0,2,0.0,0.0,1
60,0,2,76.0,3.0,1
60,0,0,83.45454545454545,11.0,0
60,0,2,0.0,0.0,1
120,0,2,82.9090909090909,11.0,0
120,0,0,80.0,3.0,1
60,0,0,0.0,0.0,1
120,1,0,78.27272727272727,11.0,0
60,0,0,0.0,0.0,1
120,0,0,0.0,0.0,1
120,1,1,72.375,8.0,1
120,0,0,84.7,10.0,0
60,0,2,85.72727272727273,11.0,0
120,0,0,50.8,5.0,1
60,0,0,0.0,0.0,1
120,0,0,0.0,0.0,1
120,0,0,57.36363636363637,11.0,0
120,1,2,70.1,10.0,0
60,0,2,0.0,0.0,1
60,0,2,0.0,0.0,1
75,0,1,83.0,11.0,0
120,0,0,0.0,0.0,1
120,1,0,0.0,0.0,1
120,0,0,86.25,4.0,1
90,0,2,83.72727272727273,11.0,0
120,0,1,91.72727272727272,11.0,0
120,0,0,75.5,8.0,1
60,0,2,62.9,10.0,0
120,0,0,0.0,0.0,1
120,1,0,0.0,0.0,1
180,0,2,0.0,0.0,1
60,0,3,0.0,0.0,1
60,0,1,79.18181818181819,11.0,0
60,0,2,0.0,0.0,1
60,0,3,74.125,8.0,0
180,1,2,82.0,10.0,1
60,0,2,74.1,10.0,1
120,0,1,0.0,0.0,1
120,1,0,0.0,0.0,1
60,0,0,85.45454545454545,11.0,0
60,0,0,79.22222222222223,9.0,0
180,0,1,89.81818181818181,11.0,0
120,0,2,87.18181818181819,11.0,0
60,0,2,0.0,0.0,1
60,0,1,0.0,0.0,1
120,1,2,0.0,0.0,1
120,1,2,84.33333333333333,9.0,1
120,0,2,70.7,10.0,0
60,0,2,87.8,10.0,0
120,0,0,0.0,0.0,1
60,0,2,77.4,5.0,1
60,0,2,66.7,10.0,0
60,0,2,1.0,1.0,1
120,0,2,0.0,0.0,1
180,0,0,0.0,0.0,1
120,1,1,69.8,10.0,0
120,1,0,70.75,8.0,1
60,0,2,84.5,4.0,1
90,0,1,77.72727272727273,11.0,0
60,0,2,84.5,10.0,0
120,0,2,72.66666666666667,3.0,1
120,0,0,0.0,0.0,1
60,0,2,0.0,0.0,1
120,0,2,0.0,0.0,1
120,0,2,0.0,0.0,1
60,0,2,74.83333333333333,6.0,1
120,0,2,0.0,0.0,1
60,0,0,0.0,0.0,1
60,0,1,84.0,11.0,0
60,0,0,0.0,0.0,1
60,0,2,74.0,7.0,1
120,0,0,69.0,2.0,1
60,0,0,72.3,10.0,1
60,0,2,0.0,0.0,1
60,0,0,0.0,0.0,1
60,0,2,0.0,0.0,1
60,0,2,87.4,5.0,1
60,0,0,87.54545454545455,11.0,0
60,0,0,84.54545454545455,11.0,0
60,0,0,77.18181818181819,11.0,0
60,0,0,91.1,10.0,0
75,0,0,86.45454545454545,11.0,0
60,0,1,82.55555555555556,9.0,0
60,0,2,58.66666666666666,9.0,1
60,0,0,85.0,11.0,0
60,0,2,38.0,1.0,1
120,1,0,76.16666666666667,12.0,0
60,0,2,81.0,11.0,0
120,1,0,75.92307692307692,13.0,0
60,0,0,73.8,10.0,1
60,0,2,95.33333333333331,6.0,1
60,0,0,77.8,10.0,0
60,0,2,87.63636363636364,11.0,0
60,0,2,0.0,0.0,1
60,0,1,0.0,0.0,1
60,0,2,0.0,0.0,1
60,0,1,0.0,0.0,1
75,0,2,69.3,10.0,1
120,0,0,76.7,10.0,0
60,0,2,77.18181818181819,11.0,0
120,0,1,91.2,10.0,0
60,0,0,77.8,5.0,1
120,0,2,67.16666666666667,6.0,1
60,0,0,78.5,4.0,1
60,0,2,88.55555555555556,9.0,0
60,0,3,0.0,0.0,1
60,0,1,74.9090909090909,11.0,0
60,0,2,85.2,10.0,0
60,0,1,0.0,0.0,1
60,0,2,64.0,1.0,1
60,0,2,88.77777777777777,9.0,0
60,0,0,0.0,0.0,1
60,0,0,81.7,10.0,0
60,0,1,60.81818181818182,11.0,0
60,0,0,72.36363636363636,11.0,0
90,0,2,72.18181818181819,11.0,0
120,0,0,0.0,0.0,1
60,0,0,78.18181818181819,11.0,0
60,0,2,0.0,0.0,1
60,0,2,0.0,0.0,1
60,0,2,0.0,0.0,1
120,0,1,88.45454545454545,11.0,0
60,0,2,0.0,0.0,1
60,0,0,90.33333333333331,9.0,0
60,0,1,91.63636363636364,11.0,0
60,0,0,85.72727272727273,11.0,0
60,0,2,93.0,9.0,0
60,0,0,80.0,10.0,0
60,0,0,76.9090909090909,11.0,0
60,0,0,83.85714285714286,7.0,1
60,0,0,92.54545454545456,11.0,0
60,0,2,91.1,10.0,0
60,0,0,79.6,10.0,0
60,0,0,67.88888888888889,9.0,0
60,0,0,84.44444444444444,9.0,0
60,0,3,62.0,3.0,1
60,0,2,70.81818181818181,11.0,0
60,0,0,89.45454545454545,11.0,0
60,0,0,0.0,0.0,1
60,0,2,87.33333333333333,9.0,0
60,0,0,74.0,9.0,0
60,0,2,0.0,0.0,1
60,0,2,81.4,10.0,0
60,0,0,73.75,8.0,1
60,0,0,0.0,0.0,1
60,0,2,48.0,1.0,1
120,0,0,86.81818181818181,11.0,0
60,0,0,82.25,4.0,1
60,0,0,85.0,9.0,0
60,0,2,0.0,0.0,1
120,0,2,46.0,1.0,1
60,0,2,0.0,0.0,1
120,0,2,82.0,8.0,1
60,0,2,0.0,0.0,1
60,0,1,0.0,0.0,1
60,0,0,79.0,1.0,1
60,0,0,88.33333333333333,9.0,0
60,0,0,71.0,6.0,1
120,0,2,59.81818181818182,11.0,0
60,0,0,86.7,10.0,0
60,0,2,72.0,11.0,1
60,0,2,0.0,0.0,1
60,0,0,0.0,0.0,1
90,0,2,0.0,0.0,1
60,0,2,71.7,10.0,0
60,0,0,83.18181818181819,11.0,0
60,0,2,87.88888888888889,9.0,0
60,0,1,69.0,3.0,1
60,0,2,85.0,7.0,1
120,0,2,0.0,0.0,1
60,0,2,73.66666666666667,3.0,1
60,0,2,67.75,8.0,1
60,0,2,65.0,10.0,0
60,0,2,90.9090909090909,11.0,0
60,0,0,57.66666666666666,9.0,1
60,0,2,80.25,4.0,1
60,0,2,80.66666666666667,9.0,1
120,0,0,81.4,5.0,1
60,0,0,65.0,1.0,1
120,0,0,62.81818181818182,11.0,0
60,0,0,76.0,10.0,0
60,0,2,44.66666666666666,6.0,1
60,0,0,41.833333333333336,6.0,1
75,0,2,73.45454545454545,11.0,0
60,0,0,84.0909090909091,11.0,0
60,0,2,64.27272727272727,11.0,0
60,0,2,78.5,2.0,1
60,0,0,0.0,0.0,1
60,0,0,0.0,0.0,1
60,0,1,40.0,1.0,1
60,0,2,0.0,0.0,1
60,0,2,0.0,0.0,1
60,0,0,70.0,1.0,1
60,0,0,93.0,11.0,0
60,0,2,83.1,10.0,0
60,0,2,59.75,8.0,1
60,0,2,88.9090909090909,11.0,0
60,0,1,87.8,10.0,0
60,0,0,85.0,1.0,1
60,0,2,0.0,0.0,1
120,0,0,0.0,0.0,1
60,0,0,0.0,0.0,1
60,0,0,76.36363636363636,11.0,0
120,0,2,0.0,0.0,1
60,0,0,0.0,0.0,1
60,0,2,0.0,0.0,1
90,0,2,77.0,3.0,1
60,0,0,89.9,10.0,1
60,0,0,86.0909090909091,11.0,0
120,0,2,65.0,6.0,1
120,0,0,0.0,0.0,1
60,0,2,0.0,0.0,1
60,0,2,0.0,0.0,1
60,0,2,0.0,0.0,1
90,0,0,76.81818181818181,11.0,1
60,0,0,0.0,0.0,1
60,0,0,75.77777777777777,9.0,0
60,0,0,83.54545454545455,11.0,0
60,0,2,0.0,0.0,1
120,0,2,65.0,1.0,1
60,0,2,60.6,10.0,0
120,0,1,52.0,1.0,1
60,0,2,70.66666666666667,6.0,1
60,0,0,90.5,10.0,0
60,0,0,77.0,1.0,1
120,0,2,0.0,0.0,1
60,0,2,66.27272727272727,11.0,0
60,0,2,74.0,4.0,1
60,0,0,80.33333333333333,3.0,1
60,0,1,78.63636363636364,11.0,0
120,0,1,87.0,5.0,1
60,0,1,0.0,0.0,1
120,0,1,0.0,0.0,1
60,0,0,85.66666666666667,3.0,1
60,0,2,0.0,0.0,1
60,0,2,91.63636363636364,11.0,1
60,0,2,72.18181818181819,11.0,0
60,0,0,87.63636363636364,11.0,0
60,0,0,81.75,4.0,1
60,0,0,76.0,11.0,0
120,0,0,71.6,10.0,0
60,0,0,0.0,0.0,1
60,0,2,40.0,1.0,1
60,0,1,0.0,0.0,1
60,0,2,77.77777777777777,9.0,0
60,0,2,53.0,3.0,1
60,0,2,0.0,0.0,1
60,0,2,55.0,1.0,1
120,0,2,91.72727272727272,11.0,0
120,0,0,0.0,0.0,1
60,0,0,84.22222222222223,9.0,0
60,0,2,57.5,8.0,0
60,0,0,87.18181818181819,11.0,0
90,0,0,0.0,0.0,1
60,0,2,52.09090909090909,11.0,1
60,0,2,0.0,0.0,1
60,0,0,78.45454545454545,11.0,0
60,0,2,66.4,10.0,0
60,0,2,0.0,0.0,1
120,0,2,0.0,0.0,1
60,0,0,80.0,11.0,0
60,0,2,80.5,10.0,0
60,0,1,83.3,10.0,0
120,0,2,0.0,0.0,1
60,0,2,74.45454545454545,11.0,0
60,0,2,84.2,10.0,0
60,0,0,46.333333333333336,6.0,1
60,0,2,68.45454545454545,11.0,0
60,0,0,85.33333333333333,3.0,1
60,0,1,81.7,10.0,1
60,0,1,80.0909090909091,11.0,0
60,0,2,65.125,8.0,1
60,0,2,0.0,0.0,1
60,0,3,0.0,0.0,1
60,0,0,0.0,0.0,1
60,0,0,83.33333333333333,9.0,0
60,0,2,0.0,0.0,1
120,0,0,0.0,0.0,1
60,0,0,73.2,10.0,0
90,0,0,78.55555555555556,9.0,0
60,0,0,62.0,1.0,1
60,0,2,90.0,11.0,0
120,0,2,0.0,0.0,1
120,0,2,82.0,11.0,0
60,0,0,85.33333333333333,3.0,1
60,0,1,0.0,0.0,1
90,0,0,64.0,1.0,1
60,0,0,82.27272727272727,11.0,0
60,0,0,86.45454545454545,11.0,0
120,0,0,0.0,0.0,1
120,0,1,86.36363636363636,11.0,0
60,0,2,0.0,0.0,1
120,0,0,79.18181818181819,11.0,0
120,0,0,0.0,0.0,1
60,0,0,68.81818181818181,11.0,1
60,0,2,80.44444444444444,9.0,1
120,0,2,59.09090909090909,11.0,1
120,0,2,0.0,0.0,1
60,0,2,70.42857142857143,7.0,1
60,0,0,84.125,8.0,1
60,0,2,0.0,0.0,1
60,0,2,70.0,1.0,1
60,0,0,74.9090909090909,11.0,0
60,0,0,89.0909090909091,11.0,0
60,0,0,67.33333333333333,3.0,1
60,0,0,87.8,10.0,0
60,0,2,69.0,1.0,1
60,0,2,0.0,0.0,1
120,0,1,72.54545454545455,11.0,0
120,0,2,66.45454545454545,11.0,0
60,0,0,74.85714285714286,7.0,1
60,0,0,87.9090909090909,11.0,0
60,0,0,56.72727272727273,11.0,1
60,0,2,84.0,8.0,1
60,0,2,69.1,10.0,0
60,0,3,0.0,0.0,1
60,0,2,57.66666666666666,6.0,0
120,0,2,0.0,0.0,1
120,0,2,65.83333333333333,6.0,1
60,0,2,80.625,8.0,0
120,0,0,0.0,0.0,1
60,0,0,94.1818181818182,11.0,0
60,0,1,70.81818181818181,11.0,0
60,0,2,72.33333333333333,3.0,1
60,0,0,64.45454545454545,11.0,0
60,0,0,78.45454545454545,11.0,1
60,0,2,79.5,10.0,0
60,0,2,51.25,4.0,1
120,0,0,0.0,0.0,1
120,0,0,70.8,10.0,0
120,0,1,80.27272727272727,11.0,0
60,0,0,71.11111111111111,9.0,0
60,0,0,90.0,11.0,0
60,0,2,86.7,10.0,0
120,0,0,0.0,0.0,1
60,0,2,0.0,0.0,1
60,0,2,83.25,8.0,0
120,0,1,0.0,0.0,1
60,0,2,52.0,1.0,1
60,0,2,95.27272727272728,11.0,0
120,0,2,0.0,0.0,1
60,0,2,71.1,10.0,0
120,0,2,0.0,0.0,1
60,0,0,68.375,8.0,1
120,0,0,0.0,0.0,1
90,0,0,63.0,1.0,1
60,0,2,0.0,0.0,1
60,0,0,76.5,2.0,1
180,0,0,0.0,0.0,1
90,0,2,68.36363636363636,11.0,0
60,0,1,74.0,3.0,1
60,0,0,67.33333333333333,3.0,1
60,0,0,86.88888888888889,9.0,0
60,0,2,82.81818181818181,11.0,0
60,0,2,0.0,0.0,1
60,0,2,80.25,4.0,1
60,0,2,0.0,0.0,1
60,0,0,43.0,1.0,1
60,0,2,71.0,5.0,1
60,0,2,0.0,0.0,1
60,0,0,85.14285714285714,7.0,1
60,0,2,79.63636363636364,11.0,0
60,0,0,0.0,0.0,1
60,0,0,78.2,5.0,1
60,0,0,74.18181818181819,11.0,0
60,0,0,82.66666666666667,3.0,1
120,0,0,0.0,0.0,1
60,0,2,72.27272727272727,11.0,0
60,0,0,80.0,6.0,0
60,0,2,85.45454545454545,11.0,0
60,0,2,88.36363636363636,11.0,0
60,0,2,0.0,0.0,1
60,0,0,81.2,10.0,0
60,0,1,72.16666666666667,6.0,1
60,0,0,87.4,10.0,0
60,0,0,70.45454545454545,11.0,1
60,0,2,60.333333333333336,9.0,0
60,0,2,0.0,0.0,1
60,0,1,49.333333333333336,6.0,1
60,0,0,91.5,10.0,0
60,0,2,0.0,0.0,1
60,0,2,68.5,2.0,1
60,0,2,66.5,10.0,0
60,0,2,82.2,10.0,0
60,0,0,75.75,4.0,1
60,0,1,50.0,2.0,1
60,0,2,0.0,0.0,1
60,0,2,78.88888888888889,9.0,0
60,0,0,79.72727272727273,11.0,0
60,0,0,88.0,11.0,0
120,0,2,0.0,0.0,1
60,0,0,86.8,10.0,0
60,0,2,0.0,0.0,1
60,0,0,0.0,0.0,1
60,0,2,0.0,0.0,1
120,0,1,76.27272727272727,11.0,0
60,0,2,82.5,2.0,1
60,0,2,0.0,0.0,1
60,0,0,0.0,0.0,1
120,0,2,63.1,10.0,1
60,0,1,83.4,10.0,0
60,0,2,0.0,0.0,1
120,0,2,66.85714285714286,7.0,1
60,0,0,72.9090909090909,11.0,0
60,0,3,87.63636363636364,11.0,0
60,0,2,0.0,0.0,1
60,0,0,63.0,1.0,1
60,0,2,84.83333333333333,6.0,1
120,0,0,72.33333333333333,3.0,1
60,0,0,88.45454545454545,11.0,0
60,0,2,82.72727272727273,11.0,0
60,0,2,87.2,10.0,0
60,0,0,85.3,10.0,0
60,0,2,90.45454545454544,11.0,0
60,0,2,80.63636363636364,11.0,0
60,0,2,80.6,10.0,0
120,0,0,70.45454545454545,11.0,0
60,0,2,71.875,8.0,1
60,0,2,0.0,0.0,1
60,0,0,69.0909090909091,11.0,0
60,0,0,83.27272727272727,11.0,0
60,0,2,93.0,6.0,1
60,0,2,71.0,3.0,1
60,0,2,42.0,3.0,1
60,0,2,0.0,0.0,1
60,0,2,0.0,0.0,1
60,0,0,88.54545454545455,11.0,0
60,0,2,0.0,0.0,1
60,0,2,87.5,8.0,0
60,0,0,0.0,0.0,1
60,0,0,82.36363636363636,11.0,0
60,0,0,80.63636363636364,11.0,0
60,0,0,0.0,0.0,1
60,0,2,76.66666666666667,3.0,1
60,0,2,0.0,0.0,1
60,0,2,0.0,0.0,1
60,0,2,0.0,0.0,1
60,0,0,91.63636363636364,11.0,0
60,0,0,73.28571428571429,7.0,0
60,0,0,0.0,0.0,1
60,0,2,0.0,0.0,1
60,0,0,0.0,0.0,1
60,0,0,49.375,8.0,1
60,0,0,61.36363636363637,11.0,0
60,0,0,80.4,10.0,0
60,0,2,82.54545454545455,11.0,0
60,0,0,59.72727272727273,11.0,1
60,0,2,86.42857142857143,7.0,0
60,0,3,0.0,0.0,1
120,0,0,78.0909090909091,11.0,0
120,0,0,84.8,10.0,0
60,0,2,72.22222222222223,9.0,1
60,0,2,81.63636363636364,11.0,0
60,0,0,87.63636363636364,11.0,0
60,0,2,0.0,0.0,1
60,0,0,88.5,8.0,0
90,0,1,0.0,0.0,1
60,0,2,0.0,0.0,1
60,0,0,0.0,0.0,1
60,0,0,94.4,10.0,0
160,0,2,0.0,0.0,1
60,0,0,83.22222222222223,9.0,0
60,0,2,0.0,0.0,1
60,0,1,60.0,1.0,1
60,0,0,83.0,11.0,0
60,0,0,80.45454545454545,11.0,0
120,0,0,87.72727272727273,11.0,1
60,0,2,31.4,5.0,1
120,0,0,82.9090909090909,11.0,0
60,0,0,0.0,0.0,1
60,0,0,89.81818181818181,11.0,0
60,0,3,70.5,10.0,0
60,0,2,82.5,2.0,1
120,0,0,89.72727272727273,11.0,0
60,0,0,58.42857142857143,7.0,0
120,0,2,0.0,0.0,1
60,0,2,64.66666666666667,3.0,1
60,0,0,79.55555555555556,9.0,0
60,0,0,0.0,0.0,1
60,0,2,68.45454545454545,11.0,0
60,0,0,58.54545454545455,11.0,1
60,0,0,84.0,11.0,0
60,0,0,84.3,10.0,1
60,0,0,0.0,0.0,1
60,0,1,67.63636363636364,11.0,0
60,0,1,87.9090909090909,11.0,0
60,0,0,81.0,11.0,0
60,0,0,76.81818181818181,11.0,0
60,0,0,75.6,5.0,1
60,0,2,86.81818181818181,11.0,0
60,0,0,77.72727272727273,11.0,1
60,0,2,85.27272727272727,11.0,0
60,0,0,0.0,0.0,1
60,0,2,85.54545454545455,11.0,0
60,0,0,48.0,1.0,1
120,0,0,0.0,0.0,1
60,0,2,0.0,0.0,1
60,0,2,82.55555555555556,9.0,1
60,0,1,81.5,10.0,0
60,0,2,0.0,0.0,1
60,0,0,0.0,0.0,1
120,0,1,67.6,5.0,1
60,0,0,81.27272727272727,11.0,0
60,0,2,74.0,5.0,1
60,0,0,77.5,8.0,1
60,0,2,80.45454545454545,11.0,0
60,0,2,74.0,1.0,1
120,0,1,90.36363636363636,11.0,0
120,0,3,79.0,5.0,1
60,0,0,92.63636363636364,11.0,0
60,0,2,74.3,10.0,0
60,0,0,58.333333333333336,3.0,1
60,0,0,86.3,10.0,0
60,0,1,0.0,0.0,1
60,0,2,0.0,0.0,1
60,0,0,80.0,3.0,1
60,0,3,0.0,0.0,1
120,0,2,56.0,1.0,1
60,0,2,86.81818181818181,11.0,0
60,0,2,68.0,11.0,0
60,0,2,57.0,1.0,1
60,0,1,70.2,10.0,1
60,0,1,80.55555555555556,9.0,0
150,0,2,54.63636363636363,11.0,1
60,0,1,81.3,10.0,0
60,0,0,81.0,3.0,1
60,0,0,68.375,8.0,1
60,0,0,77.9090909090909,11.0,0
60,0,0,64.0,1.0,1
60,0,2,71.71428571428571,7.0,1
60,0,0,77.81818181818181,11.0,1
60,0,2,59.0,1.0,1
60,0,2,60.18181818181818,11.0,0
60,0,0,89.2,10.0,0
60,0,1,0.0,0.0,1
60,0,2,67.0,5.0,1
60,0,0,73.0,2.0,1
60,0,2,82.0,1.0,1
60,0,0,0.0,0.0,1
60,0,2,75.1,10.0,1
60,0,2,91.0,10.0,0
60,0,1,0.0,0.0,1
60,0,0,85.8,10.0,0
60,0,0,0.0,0.0,1
60,0,0,68.72727272727273,11.0,1
60,0,1,0.0,0.0,1
60,0,0,84.63636363636364,11.0,0
60,0,1,0.0,0.0,1
90,0,0,78.0,9.0,1
60,0,2,76.9,10.0,0
60,0,0,54.0,4.0,1
60,0,2,79.54545454545455,11.0,0
60,0,0,89.0,11.0,0
60,0,2,68.6,10.0,1
120,0,0,0.0,0.0,1
60,0,1,76.0,5.0,1
60,0,0,0.0,0.0,1
60,0,2,0.0,0.0,1
120,0,0,82.27272727272727,11.0,0
120,0,1,75.85714285714286,7.0,0
120,0,2,74.0,11.0,0
120,0,2,0.0,0.0,1
60,0,2,89.8,10.0,0
60,0,2,87.4,10.0,0
60,0,2,72.66666666666667,9.0,1
60,0,2,0.0,0.0,1
60,0,2,87.5,4.0,1
60,0,2,0.0,0.0,1
60,0,2,77.45454545454545,11.0,1
60,0,3,83.0909090909091,11.0,0
60,0,0,78.1,10.0,0
60,0,2,0.0,0.0,1
60,0,2,73.66666666666667,9.0,1
60,0,0,84.9,10.0,0
60,0,1,87.72727272727273,11.0,0
60,0,2,80.54545454545455,11.0,0
120,0,0,86.6,10.0,0
60,0,0,80.45454545454545,11.0,0
60,0,2,61.0,3.0,1
60,0,0,40.0,1.0,1
60,0,0,64.77777777777777,9.0,1
60,0,0,81.66666666666667,9.0,0
60,0,0,56.0,10.0,1
120,0,0,91.36363636363636,11.0,0
60,0,2,90.6,10.0,0
60,0,2,76.18181818181819,11.0,0
60,0,2,67.0,10.0,0
60,0,0,75.36363636363636,11.0,0
60,0,2,71.54545454545455,11.0,1
60,0,0,83.55555555555556,9.0,0
60,0,2,81.0,3.0,1
60,0,2,83.6,10.0,0
60,0,2,0.0,0.0,1
60,0,2,0.0,0.0,1
60,0,0,79.22222222222223,9.0,0
60,0,2,0.0,0.0,1
120,0,0,54.0,2.0,1
60,0,1,74.66666666666667,3.0,1
60,0,0,75.81818181818181,11.0,0
60,0,0,0.0,0.0,1
120,0,0,81.36363636363636,11.0,1
60,0,2,94.0909090909091,11.0,0
60,0,3,85.0,11.0,0
60,0,2,67.75,8.0,1
120,0,2,0.0,0.0,1
60,0,0,0.0,0.0,1
60,0,0,81.72727272727273,11.0,0
60,0,0,73.66666666666667,9.0,1
120,0,0,82.75,4.0,1
60,0,3,79.18181818181819,11.0,0
60,0,2,83.75,4.0,1
60,0,2,91.8181818181818,11.0,0
60,0,2,88.0,1.0,1
60,0,0,71.0,1.0,1
60,0,2,64.45454545454545,11.0,0
120,0,1,72.54545454545455,11.0,0
60,0,0,80.36363636363636,11.0,0
60,0,2,0.0,0.0,1
60,0,2,62.81818181818182,11.0,0
60,0,0,56.833333333333336,6.0,1
120,0,0,83.83333333333333,6.0,1
60,0,0,80.75,4.0,1
60,0,2,77.45454545454545,11.0,0
60,0,0,83.25,8.0,1
120,0,1,92.3,10.0,0
60,0,0,92.8181818181818,11.0,0
60,0,0,92.0,11.0,0
60,0,2,92.1818181818182,11.0,0
60,0,0,81.5,10.0,0
60,0,2,0.0,0.0,1
120,0,2,0.0,0.0,1
60,0,0,88.72727272727273,11.0,0
60,0,2,86.5,4.0,1
60,0,0,81.22222222222223,9.0,1
60,0,0,80.0,1.0,1
60,0,2,69.66666666666667,3.0,1
60,0,0,84.1,10.0,0
60,0,0,74.44444444444444,9.0,0
60,0,2,66.0,5.0,1
60,0,0,80.1,10.0,0
60,0,2,57.0,1.0,1
60,0,2,93.54545454545456,11.0,0
120,0,0,87.5,2.0,1
120,0,0,77.66666666666667,3.0,1
60,0,2,59.0,1.0,1
60,0,2,86.63636363636364,11.0,0
120,0,0,1.0,1.0,1
120,0,0,76.6,5.0,1
60,0,2,44.333333333333336,9.0,0
60,0,2,70.0909090909091,11.0,1
120,0,0,70.36363636363636,11.0,0
60,0,0,71.45454545454545,11.0,1
60,0,0,77.22222222222223,9.0,0
60,0,0,79.18181818181819,11.0,0
60,0,2,65.0,1.0,1
60,0,0,73.5,10.0,1
60,0,0,0.0,0.0,1
60,0,0,87.27272727272727,11.0,0
60,0,2,0.0,0.0,1
60,0,2,76.0,11.0,0
60,0,0,59.0,1.0,1
60,0,2,61.333333333333336,6.0,0
60,0,2,75.0,11.0,0
60,0,2,83.7,10.0,0
60,0,0,77.0,6.0,1
60,0,2,0.0,0.0,1
60,0,2,79.66666666666667,3.0,1
60,0,2,33.44444444444444,9.0,1
60,0,0,84.0,3.0,1
120,0,2,69.0,1.0,1
120,0,2,76.7,10.0,0
60,0,0,79.42857142857143,7.0,1
180,0,2,0.0,0.0,1
60,0,0,85.18181818181819,11.0,0
60,0,1,69.0,4.0,1
60,0,1,67.0,11.0,0
60,0,0,85.72727272727273,11.0,0
60,0,0,86.1,10.0,0
60,0,0,88.54545454545455,11.0,0
60,0,2,0.0,0.0,1
60,0,2,63.63636363636363,11.0,1
60,0,2,0.0,0.0,1
60,0,0,77.72727272727273,11.0,0
60,0,0,69.5,10.0,0
60,0,0,75.0909090909091,11.0,0
60,0,1,70.0,1.0,1
60,0,0,0.0,0.0,1
60,0,2,0.0,0.0,1
60,0,2,0.0,0.0,1
60,0,2,0.0,0.0,1
60,0,2,72.5,10.0,0
60,0,2,81.18181818181819,11.0,0
120,0,1,83.8,5.0,0
120,0,0,88.72727272727273,11.0,0
60,0,0,74.54545454545455,11.0,0
60,0,0,86.14285714285714,7.0,1
60,0,3,67.63636363636364,11.0,0
60,0,0,84.63636363636364,11.0,0
60,0,0,84.2,10.0,0
120,0,1,82.27272727272727,11.0,0
60,0,1,77.81818181818181,11.0,0
60,0,2,0.0,0.0,1
60,0,0,68.72727272727273,11.0,0
60,0,0,61.5,4.0,1
60,0,2,0.0,0.0,1
60,0,0,0.0,0.0,1
120,0,0,86.9,10.0,0
60,0,2,0.0,0.0,1
120,0,0,91.3,10.0,0
60,0,0,66.45454545454545,11.0,0
60,0,0,81.36363636363636,11.0,0
60,0,2,76.9,10.0,0
60,0,1,0.0,0.0,1
60,0,0,84.0,10.0,0
60,0,2,82.54545454545455,11.0,1
60,0,0,0.0,0.0,1
60,0,1,92.5,10.0,0
60,0,2,87.45454545454545,11.0,0
60,0,0,93.1818181818182,11.0,0
60,0,2,71.5,10.0,0
60,0,1,70.7,10.0,0
60,0,2,0.0,0.0,1
60,0,1,76.0,11.0,0
60,0,1,94.1,10.0,0
60,0,0,78.45454545454545,11.0,0
60,0,2,78.63636363636364,11.0,0
60,0,0,91.27272727272728,11.0,0
120,0,1,82.55555555555556,9.0,0
120,0,1,80.0909090909091,11.0,0
60,0,0,86.0,11.0,0
60,0,0,92.8,10.0,0
60,0,0,79.36363636363636,11.0,0
60,0,0,77.27272727272727,11.0,0
60,0,0,0.0,0.0,1
60,0,2,66.125,8.0,1
60,0,1,58.333333333333336,6.0,0
60,0,0,58.75,4.0,1
60,0,0,76.72727272727273,11.0,0
60,0,0,73.72727272727273,11.0,0
120,0,1,100.0,3.0,1
60,0,0,83.45454545454545,11.0,0
60,0,0,86.45454545454545,11.0,0
60,0,2,66.72727272727273,11.0,0
60,0,3,76.1,10.0,0
60,0,0,79.3,10.0,0
60,0,0,82.81818181818181,11.0,0
60,0,0,80.0,10.0,0
60,0,0,56.2,5.0,1
60,0,0,88.5,10.0,0
60,0,2,84.66666666666667,3.0,1
60,0,1,0.0,0.0,1
60,0,1,0.0,0.0,1
60,0,0,0.0,0.0,1
120,0,1,90.63636363636364,11.0,0
60,0,2,85.36363636363636,11.0,0
60,0,1,84.0909090909091,11.0,0
60,0,0,70.8,10.0,0
60,0,0,74.7,10.0,0
60,2,0,47.0,1.0,1
60,0,0,82.5,6.0,1
60,0,0,84.3,10.0,0
90,0,0,0.0,0.0,1
60,0,0,92.45454545454544,11.0,0
120,1,2,67.72727272727273,11.0,1
60,0,2,89.9,10.0,0
60,0,1,82.33333333333333,6.0,1
60,0,1,68.5,6.0,1
120,1,2,79.0,2.0,1
60,0,0,77.1,10.0,1
60,1,2,86.0909090909091,11.0,0
60,0,0,92.0909090909091,11.0,0
60,0,2,80.5,10.0,0
60,0,2,91.0,6.0,1
60,0,2,83.81818181818181,11.0,0
120,2,2,62.0,8.0,1
60,0,2,77.9090909090909,11.0,0
120,1,2,66.08333333333333,12.0,0
120,1,0,89.6,10.0,0
120,1,0,82.33333333333333,9.0,0
60,0,1,85.0,4.0,1
60,0,0,87.63636363636364,11.0,0
60,0,0,56.45454545454545,11.0,1
60,0,2,81.9,10.0,0
120,0,0,75.0,2.0,1
60,0,0,95.5,10.0,0
120,1,2,88.72727272727273,11.0,0
60,0,1,92.27272727272728,11.0,0
60,0,1,79.0909090909091,11.0,0
60,2,1,0.0,0.0,1
120,0,2,0.0,0.0,1
60,0,1,87.4,10.0,0
60,0,1,93.36363636363636,11.0,0
60,0,1,86.33333333333333,3.0,1
60,0,2,72.0,1.0,1
120,0,0,84.2,10.0,0
60,1,2,0.0,0.0,1
120,1,0,85.72727272727273,11.0,0
60,0,0,0.0,0.0,1
120,2,2,0.0,0.0,1
60,0,0,83.0909090909091,11.0,0
60,1,1,77.0909090909091,11.0,0
120,2,0,79.1,10.0,0
60,0,2,84.63636363636364,11.0,0
60,0,2,84.85714285714286,7.0,1
60,0,2,81.66666666666667,9.0,0
60,0,0,92.36363636363636,11.0,0
120,0,2,83.28571428571429,7.0,0
60,0,2,73.81818181818181,11.0,0
60,0,0,91.33333333333331,6.0,1
60,0,1,91.54545454545456,11.0,0
120,0,2,68.3,10.0,0
60,5,2,0.0,0.0,1
60,0,1,85.9090909090909,11.0,0
150,0,1,86.81818181818181,11.0,1
60,0,2,56.71428571428572,7.0,1
60,0,2,80.0,11.0,0
60,0,0,0.0,0.0,1
60,0,0,87.81818181818181,11.0,0
60,0,2,77.0,5.0,1
180,2,0,80.5,4.0,1
60,1,0,96.54545454545456,11.0,1
60,0,2,0.0,0.0,1
60,0,0,77.0909090909091,11.0,0
180,2,2,83.33333333333333,12.0,1
300,0,0,72.2,5.0,1
120,0,0,0.0,0.0,1
60,0,3,69.81818181818181,11.0,0
60,0,0,89.72727272727273,11.0,0
60,0,2,90.33333333333331,3.0,1
60,0,1,83.9,10.0,0
120,0,0,81.72727272727273,11.0,0
60,0,0,89.18181818181819,11.0,0
120,1,0,89.9090909090909,11.0,0
60,0,0,75.0,3.0,1
60,1,2,0.0,0.0,1
90,1,2,0.0,0.0,1
60,0,2,79.0,1.0,1
60,0,0,76.5,8.0,0
120,4,2,0.0,0.0,1
60,2,2,0.0,0.0,1
60,0,2,0.0,0.0,1
120,2,2,84.33333333333333,6.0,1
120,0,2,84.0,6.0,1
60,0,2,0.0,0.0,1
60,0,0,80.0,1.0,1
60,0,2,0.0,0.0,1
90,0,0,75.83333333333333,6.0,1
120,0,0,0.0,0.0,1
150,0,2,0.0,0.0,1
60,0,1,84.54545454545455,11.0,0
120,0,0,55.8,5.0,1
120,0,0,87.0,11.0,0
120,1,2,65.0,10.0,0
60,0,2,71.5,12.0,1
120,1,2,89.88888888888889,9.0,0
120,0,0,51.8,5.0,1
60,0,0,91.72727272727272,11.0,0
240,1,1,0.0,0.0,1
60,0,2,0.0,0.0,1
60,0,2,81.54545454545455,11.0,0
150,0,2,84.0,10.0,0
60,0,1,89.2,10.0,0
60,0,0,84.8,5.0,1
120,0,2,76.16666666666667,6.0,0
60,0,1,64.25,8.0,0
60,0,2,76.36363636363636,11.0,0
60,0,0,79.25,4.0,1
60,0,2,96.8181818181818,11.0,0
60,3,2,83.9090909090909,11.0,0
60,0,2,75.0,1.0,1
120,0,2,73.42857142857143,7.0,0
60,0,2,86.63636363636364,11.0,0
60,0,2,0.0,0.0,1
60,0,2,0.0,0.0,1
60,0,2,0.0,0.0,1
180,0,0,86.4,10.0,0
60,0,0,88.0909090909091,11.0,0
60,0,2,83.18181818181819,11.0,0
60,0,2,90.54545454545456,11.0,0
120,4,2,84.36363636363636,11.0,0
120,0,0,90.33333333333331,3.0,1
90,0,1,88.0,11.0,0
120,0,1,77.63636363636364,11.0,0
60,0,2,83.14285714285714,7.0,1
60,0,0,71.45454545454545,11.0,0
60,0,0,88.9,10.0,0
60,1,3,0.0,0.0,1
60,0,2,27.0,2.0,1
60,0,0,67.66666666666667,3.0,1
180,1,2,0.0,0.0,1
60,1,0,62.8,10.0,1
60,0,0,0.0,0.0,1
120,0,0,0.0,0.0,1
180,0,0,78.8,5.0,1
60,0,0,76.9090909090909,11.0,0
60,0,0,80.45454545454545,11.0,0
60,1,2,49.142857142857146,7.0,1
60,0,1,88.27272727272727,11.0,0
60,0,2,79.4,10.0,0
60,2,0,90.75,4.0,1
120,0,2,83.0,11.0,0
75,0,2,78.58333333333333,12.0,1
250,0,2,83.4,5.0,0
120,1,2,50.0,1.0,1
120,1,0,87.1,10.0,0
60,1,2,0.0,0.0,1
270,3,2,0.0,0.0,1
150,0,2,0.0,0.0,1
60,1,2,51.4,5.0,0
90,0,0,74.33333333333333,3.0,1
60,2,2,31.0,2.0,1
60,0,0,45.0,5.0,0
60,1,2,80.0,1.0,1
60,0,0,34.5,2.0,1
60,0,2,38.75,4.0,1
120,0,0,77.4,5.0,0
60,0,0,61.6,5.0,0
60,4,2,65.66666666666667,3.0,1
180,1,2,0.0,0.0,1
60,0,0,54.2,5.0,0
120,0,0,0.0,0.0,1
120,1,2,55.2,5.0,0
60,0,2,66.25,4.0,0
60,2,0,100.0,1.0,1
120,0,0,62.6,5.0,0
180,2,1,0.0,0.0,1
60,3,2,55.8,5.0,0
120,1,2,0.0,0.0,1
120,0,0,83.8,5.0,0
60,0,0,0.0,0.0,1
60,1,2,28.0,2.0,1
60,2,2,84.33333333333333,3.0,1
120,0,2,0.0,0.0,1
60,0,2,0.0,0.0,1
120,0,0,34.0,2.0,1
120,0,1,66.4,5.0,0
120,0,0,100.0,1.0,1
60,0,2,59.4,5.0,0
60,2,2,29.666666666666668,3.0,1
120,1,0,100.0,1.0,1
60,0,2,63.2,5.0,0
60,0,2,0.0,0.0,1
60,0,0,59.6,5.0,0
60,0,1,0.0,0.0,1
60,0,0,57.8,5.0,1
60,0,0,55.4,5.0,0
120,0,0,70.0,5.0,0
60,0,2,76.8,5.0,0
90,0,2,87.6,5.0,0
60,0,0,58.0,5.0,0
60,0,2,70.2,5.0,0
120,4,2,91.0,2.0,1
60,0,1,30.6,5.0,1
60,3,2,0.0,0.0,1
60,2,2,0.0,0.0,1
120,0,2,62.25,8.0,1
120,0,0,74.0,5.0,0
120,2,0,38.2,5.0,0
60,1,2,0.0,0.0,1
60,1,2,60.0,5.0,0
120,0,0,68.0,5.0,0
60,0,1,0.0,0.0,1
60,0,2,39.25,4.0,1
60,0,0,49.66666666666666,3.0,1
120,1,2,78.41666666666667,12.0,0
60,1,2,62.2,5.0,0
60,0,0,70.0,5.0,0
60,4,0,75.6875,16.0,0
120,0,2,58.8,5.0,0
120,0,2,76.6,5.0,0
60,2,2,71.25,4.0,1
120,0,0,49.6,5.0,1
60,2,0,71.6,5.0,0
60,0,0,0.0,0.0,1
180,0,2,44.6,5.0,1
270,0,2,0.0,0.0,1
60,0,2,61.2,5.0,0
120,0,1,89.8,5.0,0
60,0,0,37.5,4.0,1
60,0,0,81.33333333333333,3.0,1
60,1,2,75.66666666666667,3.0,1
60,1,2,100.0,1.0,1
60,1,2,0.0,0.0,1
60,3,2,0.0,0.0,1
60,0,2,79.4,5.0,0
120,0,0,55.6,5.0,0
60,1,0,55.8,5.0,1
90,2,2,63.8,5.0,1
60,0,1,48.0,5.0,0
60,0,2,61.0,5.0,0
120,0,1,72.4,5.0,0
60,1,0,50.0,1.0,1
60,1,2,64.0,5.0,0
60,0,2,55.0,5.0,0
60,0,2,78.0,2.0,1
60,0,0,0.0,0.0,1
60,0,2,0.0,0.0,1
60,0,0,79.4,5.0,0
60,2,0,0.0,0.0,1
60,0,2,42.0,3.0,1
60,0,2,83.0,2.0,1
60,0,0,57.4,5.0,0
60,0,0,56.4,5.0,0
60,2,0,80.18181818181819,11.0,0
60,3,0,77.75,4.0,1
60,2,3,71.14285714285714,7.0,1
60,1,1,69.33333333333333,3.0,1
60,0,0,86.0,5.0,0
60,0,2,76.0,3.0,1
60,0,0,1.0,1.0,1
60,0,2,75.0,5.0,0
240,0,1,0.0,0.0,1
90,3,0,1.0,1.0,1
60,1,2,0.0,0.0,1
120,0,1,68.0,5.0,0
60,1,0,55.6,5.0,0
60,0,1,79.6,5.0,0
60,1,2,70.33333333333333,3.0,1
90,2,2,0.0,0.0,1
60,0,1,78.4,5.0,0
180,0,0,0.0,0.0,1
60,0,2,70.33333333333333,3.0,1
120,2,2,0.0,0.0,1
60,1,0,76.25,4.0,0
60,0,0,0.0,0.0,1
60,0,0,74.25,4.0,1
120,0,2,0.0,0.0,1
60,0,2,0.0,0.0,1
90,0,1,0.0,0.0,1
60,3,2,71.8,5.0,1
60,2,2,74.375,8.0,0
60,0,2,46.6,5.0,0
60,2,0,86.0,2.0,1
60,1,0,74.66666666666667,12.0,0
60,1,2,78.6,5.0,0
60,0,2,0.0,0.0,1
60,0,2,71.5,2.0,1
60,0,0,68.2,5.0,0
60,0,0,60.0,5.0,1
60,2,0,90.0,5.0,0
180,0,0,87.0,3.0,0
60,0,0,0.0,0.0,1
60,0,2,57.4,5.0,0
60,1,0,55.2,5.0,0
180,0,0,61.8,5.0,0
60,0,0,100.0,1.0,1
120,0,1,80.4,5.0,0
120,1,0,0.0,0.0,1
60,0,2,91.8,5.0,0
60,0,0,23.0,2.0,1
60,0,0,56.0,5.0,0
60,1,2,71.25,8.0,0
120,0,0,75.2,5.0,0
60,0,2,1.0,1.0,1
60,0,2,71.4,5.0,0
60,0,0,85.8,5.0,0
60,1,2,57.0,5.0,0
60,0,1,73.2,5.0,0
60,0,2,63.46153846153846,13.0,0
60,1,2,67.83333333333333,6.0,0
60,0,0,76.4,5.0,0
60,0,2,77.8,5.0,0
90,0,2,100.0,1.0,1
120,0,0,61.0,5.0,0
120,0,2,1.0,1.0,1
60,0,0,63.4,5.0,0
60,0,0,55.0,5.0,0
60,1,2,76.2,5.0,0
60,1,2,0.0,0.0,1
120,1,2,66.4,5.0,0
60,0,2,43.333333333333336,3.0,1
60,0,0,1.0,1.0,1
60,3,0,75.0,2.0,1
60,0,0,62.8,5.0,0
60,0,0,46.0,5.0,0
60,0,0,0.0,0.0,1
60,0,2,59.6,5.0,1
60,1,0,0.0,0.0,1
60,0,1,55.8,5.0,0
90,0,0,81.6,5.0,0
120,3,0,100.0,1.0,1
60,0,2,67.8,5.0,1
120,1,2,62.0,2.0,1
90,0,0,63.6,5.0,0
60,0,0,67.6,5.0,1
60,3,0,72.3,10.0,1
60,1,2,1.0,1.0,1
90,1,0,85.0,1.0,1
60,1,2,80.0,5.0,0
60,0,2,78.4,5.0,0
60,0,2,0.0,0.0,1
90,1,2,37.75,4.0,1
120,0,0,68.8,5.0,0
120,0,2,68.2,5.0,0
60,0,1,68.6,5.0,0
60,0,0,77.2,5.0,0
60,2,0,82.8,5.0,0
120,0,0,65.2,5.0,0
120,2,1,64.9,10.0,1
60,0,0,71.4,5.0,0
120,1,2,0.0,0.0,1
60,0,0,59.4,5.0,0
60,2,2,28.666666666666668,3.0,1
120,0,0,63.2,5.0,0
60,2,0,66.16666666666667,6.0,0
60,1,0,39.5,2.0,1
60,0,0,0.0,0.0,1
180,0,2,80.0,2.0,1
60,0,2,52.8,5.0,0
120,0,2,100.0,1.0,1
120,1,0,48.8,5.0,1
60,0,0,100.0,1.0,1
60,0,0,39.5,2.0,1
60,1,0,74.8,5.0,0
60,4,2,0.0,0.0,1
60,2,2,60.6,5.0,1
120,0,0,87.6,5.0,0
60,1,0,77.25,4.0,1
60,0,0,82.57142857142857,14.0,0
60,3,1,0.0,0.0,1
60,0,2,63.0,5.0,1
60,0,2,100.0,1.0,1
60,1,1,57.4,5.0,0
60,0,0,66.8,5.0,0
60,0,0,39.333333333333336,3.0,1
240,0,0,49.0,3.0,1
60,2,0,58.0,5.0,0
60,0,0,0.0,0.0,1
120,0,0,72.2,5.0,0
60,1,0,78.4,5.0,0
120,0,0,69.8,5.0,0
60,2,0,42.0,5.0,0
60,0,2,79.8,5.0,0
60,0,0,64.6,5.0,0
60,0,2,55.4,5.0,0
120,1,2,82.0,5.0,0
60,1,2,69.0,5.0,0
120,2,2,64.0,5.0,0
120,0,0,65.1,10.0,1
60,0,2,48.0,3.0,1
60,1,0,69.0,5.0,0
60,0,2,54.2,5.0,1
120,0,2,0.0,0.0,1
120,0,1,92.0,2.0,1
60,0,1,0.0,0.0,1
60,0,2,54.0,5.0,0
60,0,1,77.8,5.0,0
120,0,0,0.0,0.0,1
60,0,0,0.0,0.0,1
60,0,1,44.66666666666666,3.0,1
60,0,2,60.4,5.0,0
60,0,1,58.6,5.0,0
120,0,1,100.0,1.0,1
120,0,0,62.8,5.0,0
120,0,0,0.0,0.0,1
120,0,2,100.0,1.0,1
120,0,2,46.2,5.0,0
120,2,0,0.0,0.0,1
60,0,2,87.2,5.0,0
60,0,2,85.0,2.0,1
60,0,0,61.0,2.0,1
60,1,2,55.0,9.0,1
195,0,2,67.6,5.0,1
60,0,0,58.6,5.0,0
60,0,2,79.92307692307692,13.0,0
60,0,0,92.6,5.0,0
120,0,0,0.0,0.0,1
60,0,2,0.0,0.0,1
60,0,0,71.5,2.0,1
60,0,0,86.6,5.0,0
60,0,2,72.2,5.0,0
60,0,0,73.8,5.0,0
60,1,1,76.0,7.0,0
180,0,0,100.0,1.0,1
60,0,1,82.6,5.0,0
60,0,0,100.0,1.0,1
60,0,0,59.2,5.0,0
60,0,2,33.0,3.0,1
60,2,2,66.2,5.0,0
60,0,2,60.0,5.0,0
120,0,0,0.0,0.0,1
60,0,0,62.8,5.0,0
120,3,0,78.86666666666666,15.0,0
60,0,0,71.92857142857143,14.0,0
60,0,2,0.0,0.0,1
60,0,2,91.0,5.0,0
120,0,2,79.0,5.0,0
165,1,0,49.2,5.0,0
180,0,2,0.0,0.0,1
60,0,0,72.4,5.0,0
60,0,0,66.6,5.0,0
60,2,1,0.0,0.0,1
60,0,1,80.2,5.0,0
60,1,0,73.2,5.0,0
60,0,2,57.6,5.0,0
60,0,2,83.6,5.0,0
60,0,3,1.0,1.0,1
120,0,1,0.0,0.0,1
60,0,0,42.8,5.0,0
60,1,2,0.0,0.0,1
60,0,0,57.8,5.0,0
120,0,2,100.0,1.0,1
60,2,2,41.25,4.0,1
180,1,1,100.0,1.0,1
60,0,0,59.2,5.0,1
120,0,0,0.0,0.0,1
60,0,2,0.0,0.0,1
60,0,2,1.0,1.0,1
120,0,2,0.0,0.0,1
120,0,0,0.0,0.0,1
60,0,0,65.8,5.0,0
60,0,0,100.0,1.0,1
90,0,2,75.2,5.0,0
120,2,0,66.0,5.0,0
60,0,0,54.6,5.0,0
60,1,3,32.4,5.0,0
60,0,2,81.6,5.0,0
60,0,2,100.0,1.0,1
60,1,0,74.45454545454545,11.0,1
60,0,2,79.0909090909091,11.0,1
60,0,2,43.333333333333336,3.0,1
60,1,2,71.66666666666667,3.0,1
120,0,0,85.66666666666667,3.0,1
60,1,1,0.0,0.0,1
240,0,2,0.0,0.0,1
60,0,0,83.6,5.0,0
60,0,2,80.35714285714286,14.0,0
60,0,2,74.4,5.0,0
180,1,0,67.83333333333333,6.0,0
60,0,0,64.0,5.0,0
60,0,0,70.6,5.0,0
60,0,2,58.2,5.0,1
60,0,0,0.0,0.0,1
60,0,0,77.8,5.0,0
60,0,2,0.0,0.0,1
60,0,2,71.375,8.0,1
120,0,2,0.0,0.0,1
60,0,2,48.6,5.0,0
60,3,2,46.16666666666666,6.0,1
120,0,2,0.0,0.0,1
60,1,0,67.33333333333333,9.0,1
60,0,0,54.8,5.0,1
60,2,1,75.8,5.0,0
120,0,0,80.2,5.0,0
60,0,2,79.4,10.0,1
60,0,0,65.0,5.0,0
60,0,1,95.6,5.0,0
60,0,2,28.5,2.0,1
60,0,1,79.6,5.0,0
60,0,2,0.0,0.0,1
60,1,1,66.66666666666667,3.0,1
60,0,0,31.2,5.0,0
60,1,2,75.2,5.0,0
120,1,1,71.66666666666667,3.0,1
60,0,2,76.8,5.0,0
180,0,0,76.8,5.0,0
60,0,1,100.0,1.0,1
60,0,2,0.0,0.0,1
60,0,2,41.6,5.0,0
60,0,0,0.0,0.0,1
60,0,0,83.6,5.0,0
120,0,0,0.0,0.0,1
60,1,2,54.2,5.0,0
60,0,1,83.5,2.0,1
60,0,1,44.6,5.0,0
240,0,2,0.0,0.0,1
120,0,2,0.0,0.0,1
120,0,0,59.4,5.0,0
120,0,1,88.8,5.0,0
60,0,0,68.46153846153847,13.0,0
60,0,0,86.0,2.0,1
120,1,1,0.0,0.0,1
180,4,1,75.2,5.0,0
240,0,0,0.0,0.0,1
60,1,0,59.30769230769231,13.0,0
120,0,2,69.2,5.0,0
60,1,1,66.8,5.0,0
60,1,2,70.6,5.0,0
60,0,2,82.38461538461539,13.0,1
60,3,2,60.4,5.0,0
60,0,2,59.0,5.0,0
210,0,2,1.0,1.0,1
120,0,2,0.0,0.0,1
60,1,0,72.0,5.0,0
60,0,0,79.5,2.0,1
120,0,2,69.6,5.0,0
60,0,0,81.8,5.0,0
120,0,2,0.0,0.0,1
60,2,0,0.0,0.0,1
120,0,0,79.0,2.0,1
60,0,2,80.33333333333333,12.0,1
60,0,0,89.8,5.0,0
60,1,2,47.66666666666666,3.0,1
60,1,0,61.66666666666666,6.0,1
60,0,0,84.6,5.0,0
60,0,2,82.4,5.0,0
120,0,1,0.0,0.0,1
60,0,2,67.6,5.0,1
60,1,2,78.4,5.0,0
60,0,1,65.0,5.0,0
60,0,0,50.4,5.0,0
120,0,0,0.0,0.0,1
60,0,1,74.8,5.0,0
120,1,2,46.8,5.0,0
120,1,0,1.0,1.0,1
120,0,0,75.0,5.0,0
60,0,2,77.0,2.0,1
60,0,1,70.2,5.0,0
60,0,2,57.75,4.0,1
60,0,0,79.0,5.0,0
120,3,0,0.0,0.0,1
60,0,2,67.6,5.0,0
120,0,1,81.8,5.0,0
120,1,2,0.0,0.0,1
120,0,3,0.0,0.0,1
60,2,0,62.66666666666666,9.0,1
120,0,2,41.4,5.0,1
60,0,0,58.6,5.0,0
60,0,2,0.0,0.0,1
60,0,1,72.4,5.0,0
60,0,0,58.2,5.0,0
120,0,2,0.0,0.0,1
120,0,0,74.2,5.0,0
60,0,2,0.0,0.0,1
60,0,1,61.8,5.0,0
120,0,0,59.6,5.0,0
60,0,1,77.0,5.0,0
120,0,0,100.0,1.0,1
180,0,2,65.8,5.0,0
180,0,0,0.0,0.0,1
60,0,2,70.0,5.0,0
60,0,2,71.2,5.0,0
120,1,0,37.25,4.0,1
60,0,2,1.0,1.0,1
60,0,1,69.4,5.0,0
180,0,2,76.8,5.0,0
60,0,2,68.0,5.0,0
60,0,2,52.0,5.0,1
120,2,2,0.0,0.0,1
60,0,0,61.6,5.0,0
60,1,2,81.77777777777777,9.0,1
60,1,0,75.0,5.0,0
120,0,0,87.8,5.0,0
120,0,2,1.0,1.0,1
60,0,0,62.8,5.0,0
60,1,0,83.5,10.0,0
120,0,2,96.8095238095238,21.0,1
120,1,0,58.2,5.0,0
60,1,1,81.28571428571429,7.0,1
60,0,2,57.0,3.0,1
60,1,0,55.6,5.0,0
60,1,2,77.75,8.0,0
60,0,0,89.0,5.0,0
60,0,2,75.6,5.0,0
60,0,1,50.8,5.0,0
120,0,0,35.4,5.0,0
60,0,1,67.0,5.0,0
60,0,2,76.2,5.0,0
120,0,2,0.0,0.0,1
60,0,1,0.0,0.0,1
120,0,0,68.8,5.0,0
60,0,2,59.75,4.0,0
120,0,0,0.0,0.0,1
60,0,0,42.8,5.0,0
60,0,0,42.6,5.0,0
60,0,0,70.4,5.0,0
60,0,2,68.4,5.0,0
120,0,2,65.2,5.0,0
60,1,0,86.2,5.0,0
120,0,0,94.4,5.0,0
60,0,0,82.0,5.0,0
60,0,0,74.6,5.0,0
60,0,1,70.0,5.0,0
60,0,2,58.0,5.0,0
60,0,0,70.4,5.0,0
60,0,1,76.4,5.0,0
60,1,2,70.8,5.0,1
180,0,0,0.0,0.0,1
60,0,2,0.0,0.0,1
60,0,2,81.8,5.0,0
60,0,0,69.6,5.0,0
120,0,0,74.4,5.0,0
60,0,1,73.0,5.0,0
60,0,0,100.0,1.0,1
60,0,2,81.07142857142857,14.0,1
60,0,0,43.4,5.0,1
120,0,0,82.4,5.0,0
120,1,2,0.0,0.0,1
60,0,2,54.8,5.0,0
60,0,2,66.2,5.0,0
90,0,0,76.66666666666667,3.0,1
60,0,2,76.8,5.0,1
60,0,0,58.6,5.0,0
60,0,0,34.5,4.0,1
60,0,0,76.71428571428571,7.0,0
60,0,0,55.6,5.0,0
60,0,2,70.4,5.0,0
60,0,0,52.4,5.0,0
60,0,0,65.2,5.0,1
120,1,0,85.6,5.0,1
60,0,2,1.0,1.0,1
60,0,2,61.0,5.0,0
60,0,2,44.25,4.0,0
120,0,2,56.25,8.0,1
60,0,0,61.4,5.0,0
60,0,0,0.0,0.0,1
60,0,2,72.4,5.0,0
60,0,0,75.6,5.0,0
60,0,2,82.4,5.0,0
60,0,2,62.0,4.0,1
60,0,0,58.8,5.0,0
120,0,2,0.0,0.0,1
60,0,0,77.14285714285714,14.0,0
60,0,0,60.4,5.0,0
60,1,0,54.8,5.0,0
60,0,0,71.2,5.0,0
120,0,2,55.5,4.0,1
120,2,2,63.2,5.0,0
60,1,1,0.0,0.0,1
60,0,1,100.0,1.0,1
60,0,0,85.0,3.0,1
120,0,2,62.4,5.0,0
120,0,2,75.77777777777777,9.0,1
60,0,0,65.8,5.0,0
60,0,0,66.75,4.0,1
60,0,2,54.2,5.0,0
60,1,1,100.0,1.0,1
120,0,0,80.0,5.0,0
60,1,1,69.8,5.0,0
60,1,0,89.0,5.0,0
60,0,0,42.0,5.0,1
120,0,0,59.6,5.0,0
120,0,1,0.0,0.0,1
120,1,0,77.2,5.0,0
60,0,1,70.0,5.0,0
60,0,0,43.75,4.0,1
60,0,2,45.0,5.0,0
90,0,2,0.0,0.0,1
60,0,0,42.6,5.0,0
60,0,2,76.2,5.0,0
60,0,0,56.4,5.0,0
180,0,0,0.0,0.0,1
60,0,2,80.4,5.0,0
60,0,0,79.22222222222223,9.0,1
60,0,2,68.0,3.0,1
60,0,2,48.6,5.0,0
60,1,2,0.0,0.0,1
60,1,2,58.4,5.0,0
60,0,0,87.0,13.0,0
60,0,2,69.76923076923077,13.0,0
60,1,2,81.2,10.0,0
60,1,2,0.0,0.0,1
60,0,1,76.4,5.0,0
60,0,2,73.0,5.0,0
60,0,0,88.2,5.0,0
60,0,0,75.2,5.0,0
90,0,0,79.33333333333333,3.0,1
60,0,0,80.07142857142857,14.0,0
60,0,2,82.33333333333333,3.0,1
60,0,2,80.83333333333333,12.0,0
120,0,0,100.0,1.0,1
60,0,0,61.2,5.0,0
60,0,2,47.5,2.0,1
60,0,2,51.0,5.0,0
60,1,2,0.0,0.0,1
120,0,2,62.0,13.0,0
60,2,2,64.2,5.0,0
60,0,0,51.8,5.0,0
120,0,0,0.0,0.0,1
120,0,0,0.0,0.0,1
120,0,0,91.57142857142856,14.0,0
60,0,1,73.0,5.0,0
60,0,0,0.0,0.0,1
120,0,2,0.0,0.0,1
60,0,2,75.57142857142857,14.0,0
120,0,0,68.8,5.0,0
60,1,2,30.2,5.0,1
60,0,0,72.4,5.0,0
60,1,0,74.5,8.0,1
60,0,0,56.8,5.0,0
60,0,2,59.0,5.0,0
60,0,0,85.6,5.0,0
60,0,0,56.4,5.0,0
60,0,2,86.6,5.0,0
120,0,0,100.0,1.0,1
60,0,2,60.583333333333336,12.0,0
60,1,0,86.42857142857143,7.0,0
90,0,2,50.0,1.0,1
90,0,1,46.0,5.0,0
60,0,2,73.33333333333333,9.0,1
120,0,1,35.5,2.0,1
60,0,1,81.8,5.0,0
60,0,2,1.0,1.0,1
60,0,2,72.0,5.0,0
120,0,0,40.6,5.0,0
120,0,2,100.0,1.0,1
60,0,0,39.0,3.0,1
60,2,2,100.0,1.0,1
60,0,0,46.4,5.0,1
60,0,0,86.21428571428571,14.0,0
120,0,0,100.0,1.0,1
60,0,2,64.8,5.0,0
60,0,0,79.4,5.0,0
60,0,0,82.8,5.0,0
120,0,0,72.0,3.0,1
60,0,2,1.0,1.0,1
60,0,0,79.4,5.0,0
60,0,0,71.6,5.0,0
60,1,1,36.5,4.0,1
60,0,0,59.75,4.0,1
60,0,2,90.2,10.0,1
120,1,2,63.66666666666666,6.0,0
60,0,2,72.88888888888889,9.0,1
120,0,1,68.2,5.0,0
90,1,0,0.0,1.0,1
60,0,2,86.0,2.0,1
120,1,2,75.66666666666667,3.0,1
60,0,0,85.66666666666667,3.0,1
120,0,0,0.0,0.0,1
180,0,2,64.2,5.0,0
60,0,0,85.6,5.0,0
60,0,2,80.0,5.0,0
60,1,2,100.0,1.0,1
120,0,1,84.2,5.0,0
60,1,3,84.44444444444444,9.0,1
60,0,0,56.2,5.0,0
60,0,2,61.4,5.0,0
60,0,0,73.6,5.0,0
120,0,2,69.66666666666667,3.0,1
60,0,0,0.0,0.0,1
60,0,0,74.5,10.0,1
240,0,2,78.4,5.0,0
120,0,0,88.4,5.0,0
60,0,0,71.6,5.0,0
60,0,1,0.0,0.0,1
60,0,0,60.6,5.0,0
60,1,0,43.333333333333336,3.0,1
60,0,2,74.92307692307692,13.0,0
60,0,0,54.4,5.0,0
120,0,2,0.0,0.0,1
60,0,0,59.0,5.0,0
60,0,0,100.0,1.0,1
60,0,2,64.0,5.0,1
60,0,0,25.0,2.0,1
180,0,1,100.0,1.0,1
60,0,2,75.0,14.0,0
60,0,0,85.0,5.0,0
120,0,1,0.0,0.0,1
60,1,2,84.8,5.0,0
120,1,2,74.55555555555556,9.0,1
60,0,2,100.0,1.0,1
60,1,2,32.333333333333336,3.0,1
60,0,0,86.5,2.0,1
60,0,2,69.2,5.0,0
60,0,2,59.6,5.0,0
60,1,2,78.0,5.0,0
120,1,0,70.16666666666667,6.0,0
120,0,0,0.0,0.0,1
60,0,2,0.0,0.0,1
60,0,0,45.8,5.0,0
180,2,2,79.5,2.0,1
60,0,2,53.4,5.0,0
60,0,0,82.0,5.0,1
60,0,0,0.0,0.0,1
60,0,0,0.0,0.0,1
120,0,0,65.8,5.0,0
60,1,2,60.8,5.0,1
60,0,0,65.2,5.0,0
60,0,0,51.4,5.0,0
60,0,2,100.0,1.0,1
60,0,0,79.4,5.0,0
60,1,0,65.0,5.0,0
60,0,0,65.4,5.0,0
60,0,2,76.23076923076923,13.0,0
120,2,2,100.0,1.0,1
60,0,2,79.2,5.0,0
60,0,1,71.6,5.0,0
60,0,0,0.0,0.0,1
60,1,2,40.5,2.0,1
120,1,0,91.0,10.0,0
120,0,0,85.0,2.0,1
60,0,2,71.0,5.0,1
120,0,0,0.0,0.0,1
60,0,2,76.5,2.0,1
60,0,0,82.38461538461539,13.0,1
60,0,2,65.2,5.0,1
60,1,0,57.5,2.0,1
60,0,2,71.0,5.0,0
120,2,0,37.8,5.0,1
90,1,0,58.2,5.0,0
60,0,0,85.8,5.0,0
300,0,3,71.2,5.0,0
60,0,0,52.6,5.0,0
60,1,2,87.2,5.0,0
60,0,0,73.4,5.0,0
60,1,0,65.0,5.0,0
60,0,2,58.0,1.0,1
60,0,2,59.8,5.0,0
120,0,0,0.0,0.0,1
120,0,2,59.0,5.0,0
60,0,0,54.0,5.0,0
60,0,0,80.6,5.0,0
180,0,2,84.76923076923077,13.0,0
60,0,0,84.0,5.0,0
60,0,0,64.0,5.0,0
60,0,2,79.6,5.0,0
120,0,2,50.8,5.0,0
60,0,0,55.4,5.0,0
180,0,0,62.8,5.0,0
120,0,2,0.0,0.0,1
60,0,1,83.4,5.0,0
180,0,0,1.0,1.0,1
120,0,0,74.8,5.0,0
60,1,0,50.8,5.0,0
60,0,0,90.91666666666669,12.0,1
120,0,2,0.0,0.0,1
60,0,2,80.8,5.0,0
60,0,0,56.6,5.0,0
60,0,0,73.4,5.0,0
60,0,1,62.0,5.0,0
60,0,2,88.92857142857143,14.0,0
60,0,0,47.8,5.0,0
60,0,0,54.0,5.0,0
120,0,1,30.5,2.0,1
60,0,2,59.4,5.0,0
60,0,0,81.4,5.0,0
60,0,0,76.2,5.0,0
60,0,1,70.71428571428571,14.0,0
120,0,0,35.0,3.0,1
120,1,2,37.2,5.0,0
60,0,0,71.0,4.0,1
60,1,0,61.0,5.0,0
120,0,1,84.0,5.0,0
120,0,0,46.333333333333336,3.0,1
60,0,2,73.8,5.0,0
60,0,2,85.0,14.0,1
60,1,2,0.0,0.0,1
60,0,0,87.6,5.0,0
60,0,1,58.2,5.0,0
90,1,2,58.41666666666666,12.0,0
60,0,2,64.2,5.0,1
60,0,2,75.85714285714286,14.0,0
60,1,0,55.2,5.0,0
60,0,0,82.8,5.0,0
60,0,0,86.0,14.0,0
120,0,2,0.0,0.0,1
60,0,4,70.6,5.0,0
60,1,2,1.0,1.0,1
60,0,0,75.8,5.0,0
60,0,2,73.84615384615384,13.0,0
60,1,0,84.73333333333333,15.0,0
60,0,0,27.5,2.0,1
60,0,1,56.0,5.0,0
60,0,1,48.2,5.0,0
60,0,0,89.0,5.0,0
120,0,2,83.2,5.0,0
60,0,2,72.75,4.0,0
120,0,0,1.0,1.0,1
60,1,0,100.0,1.0,1
60,0,2,87.2,5.0,0
60,1,2,67.2,5.0,0
60,0,0,86.4,5.0,0
60,0,0,34.8,5.0,1
60,0,2,0.0,0.0,1
60,0,2,78.0,5.0,0
60,0,0,45.4,5.0,0
60,0,0,0.0,0.0,1
120,1,2,0.0,0.0,1
180,1,0,76.0,2.0,1
60,0,0,78.0,2.0,1
60,0,1,64.2,5.0,0
150,1,2,80.66666666666667,9.0,0
60,0,0,80.0,5.0,0
60,1,0,81.4,5.0,0
60,0,0,68.6,5.0,0
60,0,0,0.0,0.0,1
120,0,0,0.0,0.0,1
120,0,3,100.0,1.0,1
60,1,2,59.75,8.0,0
60,0,2,34.2,5.0,1
120,0,2,77.5,4.0,1
60,1,2,0.0,0.0,1
60,0,2,79.0,2.0,1
150,0,3,87.0,3.0,1
60,0,0,65.6,5.0,0
60,0,3,1.0,1.0,1
120,0,1,67.0,5.0,0
120,0,2,83.4,5.0,0
60,0,2,80.0,1.0,1
120,0,0,0.0,0.0,1
60,0,0,0.0,0.0,1
120,1,0,1.0,1.0,1
60,0,0,62.0,5.0,0
60,1,2,73.2,5.0,0
60,1,0,62.6,5.0,0
60,0,0,0.0,0.0,1
60,1,2,0.0,0.0,1
120,0,1,0.0,0.0,1
60,0,0,80.2,5.0,1
60,0,0,60.75,4.0,1
60,0,2,52.8,5.0,0
120,0,2,66.2,5.0,0
60,0,2,0.0,0.0,1
60,1,0,58.2,5.0,1
60,0,0,76.8,5.0,0
180,0,1,0.0,0.0,1
60,0,0,76.0,5.0,0
60,0,0,66.4,5.0,0
60,1,0,77.6,5.0,0
60,0,0,49.6,5.0,0
60,0,2,87.8,5.0,0
90,0,0,81.8,5.0,0
60,1,2,0.0,0.0,1
120,0,3,66.875,8.0,1
60,0,0,54.2,5.0,0
90,0,0,86.5,2.0,1
60,0,0,86.0,5.0,0
60,0,0,49.0,5.0,0
120,1,2,58.0,5.0,0
60,0,0,76.6,5.0,0
60,0,2,80.21428571428571,14.0,0
60,0,2,87.2,5.0,0
135,0,2,89.33333333333333,3.0,1
60,1,0,0.0,0.0,1
60,0,2,76.8,5.0,0
120,0,2,0.0,0.0,1
120,1,1,67.0,5.0,0
60,0,2,0.0,0.0,1
60,1,3,1.0,1.0,1
60,0,3,72.6,5.0,0
120,0,1,69.6,5.0,0
60,0,1,47.8,5.0,1
300,0,2,35.25,4.0,1
120,0,1,84.2,5.0,0
60,0,0,0.0,0.0,1
60,0,1,44.2,5.0,0
60,0,0,60.8,5.0,0
120,0,0,0.0,0.0,1
60,0,0,83.6,5.0,0
120,0,0,61.4,5.0,0
60,0,0,86.2,5.0,0
60,0,0,47.2,5.0,0
60,0,0,80.6,5.0,0
60,1,1,0.0,0.0,1
120,0,2,100.0,1.0,1
120,1,2,73.5,2.0,1
60,0,2,61.2,5.0,0
60,0,2,0.0,0.0,1
60,0,2,69.2,5.0,0
60,0,0,82.0,5.0,0
90,0,3,57.0,5.0,1
60,0,2,75.0,1.0,1
120,0,0,84.71428571428571,14.0,0
60,0,0,49.8,5.0,0
120,0,2,66.8,5.0,0
75,0,2,1.0,1.0,1
60,0,0,55.0,5.0,0
120,1,0,56.833333333333336,6.0,1
60,0,0,68.8,5.0,0
60,0,0,33.666666666666664,3.0,1
120,0,2,66.5,4.0,0
60,1,1,0.0,0.0,1
120,1,2,45.0,4.0,1
60,0,0,74.0,5.0,0
60,1,2,0.0,0.0,1
120,0,0,100.0,1.0,1
60,1,0,1.0,1.0,1
60,1,1,37.4,5.0,0
60,0,2,35.0,2.0,1
60,0,0,55.2,5.0,0
60,1,0,0.0,0.0,1
60,0,2,0.0,0.0,1
60,0,1,82.6,5.0,0
60,0,0,84.2,5.0,0
60,0,0,77.5,4.0,1
60,0,0,68.3529411764706,17.0,0
120,0,2,55.2,5.0,0
60,0,1,0.0,0.0,1
90,0,2,48.2,5.0,1
60,0,2,0.0,0.0,1
60,0,1,69.0,5.0,0
60,0,0,66.0,3.0,1
60,0,0,0.0,0.0,1
60,1,0,56.2,5.0,0
120,0,0,62.6,5.0,1
120,0,0,73.6,5.0,0
60,0,0,52.4,5.0,0
60,0,1,0.0,0.0,1
60,0,0,79.8,5.0,0
60,0,0,78.4,5.0,0
60,0,2,0.0,0.0,1
60,0,2,0.0,0.0,1
120,0,1,1.0,1.0,1
60,0,2,75.6,5.0,0
60,0,0,64.0,5.0,0
120,0,1,46.0,5.0,0
120,0,2,64.6,5.0,0
120,0,0,0.0,0.0,1
120,0,0,54.0,4.0,1
60,0,0,72.0,5.0,0
120,0,1,86.0,5.0,0
60,0,2,60.2,5.0,1
60,0,0,82.0,5.0,0
60,0,0,75.0,5.0,0
60,0,2,41.2,5.0,0
60,0,2,47.6,5.0,0
60,0,1,80.4,5.0,0
90,0,2,37.5,4.0,1
60,0,2,0.0,0.0,1
60,0,2,81.4,5.0,0
120,0,2,34.5,2.0,1
120,0,0,0.0,0.0,1
60,0,1,68.4,5.0,0
120,0,0,79.33333333333333,3.0,1
60,0,1,100.0,1.0,1
120,0,1,0.0,0.0,1
120,0,0,70.8,5.0,0
120,0,0,0.0,0.0,1
60,0,2,60.4,5.0,0
120,0,0,0.0,0.0,1
60,0,2,68.0,5.0,0
90,0,2,92.0,5.0,0
60,0,2,73.8,5.0,0
180,0,0,27.5,2.0,1
60,0,0,23.666666666666668,3.0,1
120,0,2,25.5,2.0,1
60,0,2,0.0,0.0,1
60,0,0,77.8,5.0,0
60,0,0,64.8,5.0,1
120,0,0,0.0,0.0,1
60,0,2,75.4,5.0,0
120,0,0,82.66666666666667,3.0,1
120,0,1,0.0,0.0,1
60,0,2,40.66666666666666,3.0,1
120,0,2,0.0,0.0,1
60,0,2,0.0,0.0,1
60,0,0,52.75,4.0,1
120,0,2,0.0,0.0,1
60,0,0,73.0,5.0,0
180,0,0,0.0,0.0,1
60,0,0,69.0,5.0,0
60,0,0,38.5,2.0,1
60,0,2,57.2,5.0,0
60,0,2,100.0,1.0,1
60,0,0,67.6,5.0,0
60,0,1,65.0,5.0,0
60,0,2,63.4,5.0,0
60,0,2,82.0,3.0,1
120,0,0,0.0,0.0,1
60,0,0,72.8,5.0,0
120,0,2,50.6,5.0,0
120,0,2,55.6,5.0,1
60,0,0,67.6,5.0,0
60,0,0,84.2,5.0,0
90,0,2,44.6,5.0,0
60,0,1,0.0,0.0,1
60,0,2,69.8,5.0,0
60,0,0,0.0,0.0,1
60,0,0,0.0,0.0,1
120,0,0,50.4,5.0,0
60,0,1,0.0,0.0,1
60,0,2,0.0,0.0,1
120,0,1,50.2,5.0,0
60,0,2,77.6,5.0,0
120,0,1,84.4,5.0,0
60,0,0,77.6,5.0,0
60,0,2,61.6,5.0,0
60,0,0,77.0,2.0,1
120,0,2,65.33333333333333,3.0,1
60,0,2,75.8,5.0,0
60,0,0,48.0,5.0,0
60,0,2,41.0,3.0,1
90,0,2,71.0,5.0,0
60,0,2,58.8,5.0,0
60,0,0,61.6,5.0,0
60,0,2,100.0,1.0,1
120,0,0,67.0,5.0,0
60,0,1,52.0,5.0,0
60,0,2,60.6,5.0,0
120,0,0,58.6,5.0,0
60,0,0,79.6,5.0,1
60,0,2,1.0,1.0,1
60,0,2,0.0,0.0,1
60,0,1,62.8,5.0,0
120,0,2,44.75,4.0,1
60,0,0,75.2,5.0,0
120,0,2,0.0,0.0,1
60,0,1,86.6,5.0,0
60,0,2,67.0,3.0,1
60,0,2,21.5,2.0,1
60,0,1,65.4,5.0,0
120,0,0,72.0,5.0,0
60,0,0,59.0,5.0,0
60,0,2,100.0,1.0,1
60,0,2,50.75,4.0,1
60,0,2,0.0,0.0,1
60,0,2,73.2,5.0,1
120,0,0,66.8,5.0,0
60,0,2,0.0,0.0,1
60,0,2,0.0,0.0,1
60,0,2,73.0,5.0,0
120,0,0,0.0,0.0,1
60,0,2,47.0,3.0,1
60,0,0,44.6,5.0,0
120,0,1,0.0,0.0,1
60,0,2,50.8,5.0,0
60,0,2,0.0,0.0,1
60,0,2,0.0,0.0,1
120,0,0,85.0,3.0,1
60,0,1,83.2,5.0,0
60,0,2,75.33333333333333,3.0,1
60,0,2,100.0,1.0,1
120,0,0,41.6,5.0,1
60,0,0,64.4,5.0,0
60,0,0,0.0,0.0,1
60,0,2,0.0,0.0,1
60,0,2,45.4,5.0,0
60,0,0,75.4,5.0,0
120,0,2,0.0,0.0,1
60,0,0,81.6,5.0,0
60,0,0,0.0,0.0,1
120,0,0,88.8,5.0,0
60,0,2,0.0,0.0,1
60,0,0,81.2,5.0,1
60,0,2,77.0,2.0,1
60,0,0,0.0,0.0,1
60,0,0,72.2,5.0,0
60,0,0,83.6,5.0,0
60,0,0,59.4,5.0,0
120,0,0,52.8,5.0,0
60,0,2,57.0,5.0,1
60,0,2,61.8,5.0,0
60,0,2,0.0,0.0,1
60,0,2,44.8,5.0,0
60,0,2,0.0,0.0,1
60,0,2,71.8,5.0,1
120,0,2,0.0,0.0,1
120,0,1,1.0,1.0,1
60,0,0,85.6,5.0,0
60,0,0,70.6,5.0,0
60,0,1,60.2,5.0,0
60,0,0,89.4,5.0,0
60,0,1,51.0,5.0,0
60,0,0,0.0,0.0,1
60,0,0,68.8,5.0,0
60,0,2,28.666666666666668,3.0,1
60,0,0,0.0,0.0,1
60,0,2,77.8,5.0,0
60,0,2,44.2,5.0,0
120,0,2,100.0,1.0,1
60,0,0,67.4,5.0,0
60,0,2,0.0,0.0,1
120,0,2,0.0,0.0,1
120,0,2,0.0,0.0,1
60,0,0,75.0,5.0,0
60,0,2,0.0,0.0,1
120,0,2,0.0,0.0,1
60,0,2,59.8,5.0,0
120,0,0,61.4,5.0,0
60,0,2,0.0,0.0,1
60,0,2,0.0,0.0,1
120,0,0,73.6,5.0,0
120,0,2,100.0,1.0,1
60,0,2,34.0,2.0,1
60,0,0,36.5,2.0,1
120,0,0,27.5,2.0,1
60,0,2,1.0,1.0,1
60,0,0,78.4,5.0,0
60,0,0,48.8,5.0,0
60,0,2,76.4,5.0,0
60,0,0,49.25,4.0,1
60,0,0,0.0,0.0,1
60,0,0,0.0,0.0,1
120,0,2,0.0,0.0,1
60,0,2,55.2,5.0,0
60,0,2,65.4,5.0,0
60,0,2,80.6,5.0,1
150,0,3,0.0,0.0,1
60,0,2,1.0,1.0,1
120,0,2,84.5,2.0,1
60,0,2,0.0,0.0,1
60,0,0,56.2,5.0,0
60,0,0,81.4,5.0,0
60,0,2,61.8,5.0,0
60,0,2,59.8,5.0,0
180,0,2,36.5,2.0,1
60,0,1,75.6,5.0,0
60,0,2,88.4,5.0,0
60,0,1,64.6,5.0,0
60,0,0,63.4,5.0,0
120,0,0,0.0,0.0,1
120,0,0,54.2,5.0,0
120,0,0,0.0,0.0,1
60,0,2,0.0,0.0,1
60,0,0,0.0,0.0,1
60,0,1,58.25,4.0,1
60,0,0,83.6,5.0,0
120,0,0,87.0,2.0,1
60,0,2,59.0,5.0,0
60,0,0,53.0,5.0,0
60,0,1,72.8,5.0,0
120,0,0,1.0,1.0,1
120,0,2,56.2,5.0,0
60,0,0,70.0,5.0,0
120,0,0,67.0,5.0,0
180,0,2,0.0,0.0,1
120,0,2,52.0,5.0,0
60,0,2,28.5,2.0,1
60,0,3,38.0,3.0,1
60,0,0,0.0,0.0,1
60,0,2,44.2,5.0,0
120,0,2,100.0,1.0,1
60,0,0,64.4,5.0,0
60,0,2,74.2,5.0,0
120,0,2,87.5,2.0,1
120,0,0,46.333333333333336,3.0,1
60,0,0,79.2,5.0,0
60,0,0,40.6,5.0,0
60,0,2,60.2,5.0,0
120,0,2,0.0,0.0,1
60,0,2,63.2,5.0,0
60,0,0,58.4,5.0,0
60,0,2,0.0,0.0,1
60,0,2,0.0,0.0,1
60,0,2,76.8,5.0,0
60,0,1,69.2,5.0,0
60,0,2,0.0,0.0,1
180,0,0,1.0,1.0,1
60,0,0,84.6,5.0,0
60,0,0,70.0,2.0,1
60,0,2,59.0,2.0,1
120,0,2,64.25,4.0,1
60,0,2,40.0,3.0,1
60,0,2,100.0,1.0,1
60,0,2,91.2,5.0,0
60,0,2,0.0,0.0,1
60,0,2,56.25,4.0,1
120,0,2,0.0,0.0,1
150,0,2,70.0,5.0,0
60,0,0,78.4,5.0,0
60,0,2,83.4,5.0,0
60,0,0,73.2,5.0,0
60,0,0,0.0,0.0,1
60,0,1,74.0,5.0,0
60,0,2,53.2,5.0,0
120,0,0,73.33333333333333,3.0,1
60,0,2,0.0,0.0,1
120,0,0,0.0,0.0,1
60,0,0,59.0,5.0,0
60,0,2,0.0,0.0,1
60,0,0,84.4,5.0,0
60,0,2,0.0,0.0,1
60,0,0,85.4,5.0,0
120,0,2,47.8,5.0,0
60,0,0,46.0,3.0,1
120,0,0,0.0,0.0,1
60,0,2,83.0,5.0,0
120,0,0,41.66666666666666,3.0,1
60,0,2,81.0,2.0,1
120,0,2,0.0,0.0,1
180,0,1,47.8,5.0,0
60,0,2,0.0,0.0,1
60,0,2,56.4,5.0,1
60,0,3,64.6,5.0,0
60,0,2,0.0,0.0,1
180,0,2,0.0,0.0,1
60,0,0,67.2,5.0,0
60,0,2,44.0,5.0,1
60,0,2,72.4,5.0,0
60,0,0,21.5,2.0,1
60,0,2,0.0,0.0,1
60,0,0,33.4,5.0,0
120,0,2,48.0,1.0,1
90,0,1,59.0,5.0,0
60,0,0,32.2,5.0,0
120,0,2,0.0,0.0,1
60,0,2,69.2,5.0,0
60,0,0,0.0,0.0,1
120,0,0,50.333333333333336,3.0,1
60,0,0,76.0,5.0,0
60,0,0,56.0,5.0,0
60,0,0,35.8,5.0,0
60,0,2,73.6,5.0,0
60,0,0,71.8,5.0,1
60,0,2,43.2,5.0,0
120,0,1,67.0,5.0,0
120,0,1,38.0,3.0,1
120,0,0,74.0,5.0,0
60,0,1,58.6,5.0,0
60,0,1,0.0,0.0,1
120,0,2,56.2,5.0,0
120,0,2,0.0,0.0,1
60,0,2,63.2,5.0,0
120,0,2,1.0,1.0,1
60,0,2,0.0,0.0,1
60,0,2,49.2,5.0,0
120,0,2,73.4,5.0,0
120,0,0,70.8,5.0,0
120,0,2,70.2,5.0,0
60,0,2,0.0,0.0,1
120,0,2,0.0,0.0,1
60,0,0,0.0,0.0,1
60,0,1,0.0,0.0,1
120,0,0,0.0,0.0,1
60,0,0,70.4,5.0,0
60,0,2,50.6,5.0,0
120,0,0,73.6,5.0,0
60,0,2,84.0,5.0,0
120,0,0,0.0,0.0,1
60,0,0,59.0,5.0,0
120,0,0,74.8,5.0,0
120,0,1,80.2,5.0,0
120,0,3,0.0,0.0,1
120,0,2,0.0,0.0,1
60,0,1,60.2,5.0,0
60,0,2,59.6,5.0,0
60,0,2,0.0,0.0,1
60,0,2,0.0,0.0,1
60,0,2,0.0,0.0,1
60,0,3,66.2,5.0,0
120,0,2,77.2,5.0,0
120,0,2,76.75,4.0,0
60,0,0,69.0,5.0,0
60,0,0,1.0,1.0,1
120,0,2,0.0,0.0,1
60,0,2,0.0,0.0,1
60,0,0,65.0,5.0,0
60,0,2,25.5,2.0,1
60,0,2,0.0,0.0,1
60,0,0,40.6,5.0,0
60,0,0,60.6,5.0,1
60,0,2,0.0,0.0,1
60,0,0,47.6,5.0,0
120,0,0,0.0,0.0,1
60,0,0,91.0,2.0,1
60,0,2,93.6,5.0,0
120,0,1,68.6,5.0,0
120,0,0,0.0,0.0,1
180,0,3,0.0,0.0,1
60,0,2,0.0,0.0,1
120,0,1,1.0,1.0,1
60,0,0,80.2,5.0,0
60,0,2,82.6,5.0,0
90,0,0,52.6,5.0,0
60,0,0,0.0,0.0,1
240,0,2,1.0,1.0,1
60,0,0,51.0,5.0,0
60,0,2,59.6,5.0,1
120,0,3,1.0,1.0,1
90,0,2,52.6,5.0,1
60,0,2,1.0,1.0,1
120,0,0,76.2,5.0,0
60,0,0,64.2,5.0,0
60,0,2,0.0,0.0,1
60,0,2,42.25,4.0,1
60,0,2,0.0,0.0,1
60,0,2,70.4,5.0,0
240,0,2,65.0,5.0,0
60,0,2,0.0,0.0,1
120,0,0,70.6,5.0,0
60,0,2,0.0,0.0,1
120,0,0,45.25,4.0,1
120,0,0,1.0,1.0,1
60,0,2,22.5,2.0,1
120,0,0,77.5,2.0,1
180,0,2,0.0,0.0,1
60,0,1,64.0,5.0,0
60,0,0,69.33333333333333,3.0,1
60,0,2,72.66666666666667,3.0,1
120,0,0,70.8,5.0,0
60,0,2,44.0,5.0,0
60,0,2,0.0,0.0,1
60,0,0,100.0,1.0,1
60,0,2,48.2,5.0,1
120,0,1,0.0,0.0,1
60,0,0,75.0,5.0,0
60,0,0,55.0,5.0,0
120,0,0,53.8,5.0,0
60,0,1,53.2,5.0,1
150,0,0,100.0,1.0,1
120,0,0,75.2,5.0,0
120,0,2,0.0,0.0,1
120,0,0,76.6,5.0,0
180,0,0,77.0,4.0,0
60,0,0,1.0,1.0,1
120,0,2,72.4,5.0,0
60,0,2,1.0,1.0,1
120,0,2,0.0,0.0,1
120,0,1,0.0,0.0,1
60,0,0,100.0,1.0,1
60,0,0,0.0,0.0,1
60,0,1,90.33333333333331,3.0,1
60,0,2,66.6,5.0,0
60,0,2,57.4,5.0,0
60,0,3,0.0,0.0,1
120,0,2,45.8,5.0,0
60,0,1,66.75,4.0,1
120,0,1,1.0,1.0,1
120,0,3,0.0,0.0,1
60,0,1,54.0,5.0,0
60,0,0,100.0,1.0,1
120,0,0,0.0,0.0,1
120,0,2,74.2,5.0,0
120,0,2,0.0,0.0,1
60,0,2,1.0,1.0,1
180,0,2,0.0,0.0,1
120,0,2,75.6,5.0,0
60,0,2,0.0,0.0,1
120,0,1,100.0,1.0,1
60,0,0,87.5,2.0,1
60,0,0,0.0,0.0,1
120,0,0,39.5,4.0,1
90,0,0,49.4,5.0,0
120,0,0,83.4,5.0,0
60,0,0,77.4,5.0,0
120,0,2,0.0,0.0,1
60,0,2,0.0,0.0,1
60,0,2,72.75,4.0,1
60,0,2,59.0,5.0,1
60,0,1,80.2,5.0,0
60,0,0,50.4,5.0,0
60,0,2,65.0,3.0,1
60,0,2,100.0,1.0,1
60,0,2,46.8,5.0,1
60,0,2,1.0,1.0,1
60,0,0,72.6,5.0,1
60,0,0,84.4,5.0,0
60,0,0,0.0,0.0,1
60,0,2,0.0,0.0,1
60,0,1,0.0,0.0,1
60,0,2,59.4,5.0,0
60,0,1,76.66666666666667,3.0,1
180,0,2,0.0,0.0,1
60,0,2,0.0,1.0,1
120,0,0,0.0,0.0,1
60,0,2,46.333333333333336,3.0,1
60,0,0,81.8,5.0,0
60,0,2,60.4,5.0,0
120,0,2,67.2,5.0,0
60,0,2,72.0,5.0,0
60,0,1,52.2,5.0,0
60,0,2,74.6,5.0,0
60,0,0,68.66666666666667,3.0,1
60,0,2,70.4,5.0,0
60,0,2,62.0,5.0,0
60,0,2,50.2,5.0,0
120,0,0,78.0,2.0,1
60,0,0,83.4,5.0,0
120,0,2,0.0,0.0,1
60,0,2,63.4,5.0,0
60,0,0,1.0,1.0,1
60,0,2,46.5,4.0,0
60,0,0,83.4,5.0,0
60,0,0,69.6,5.0,0
120,0,0,0.0,0.0,1
60,0,2,0.0,0.0,1
60,0,0,0.0,0.0,1
60,0,0,100.0,1.0,1
60,0,1,28.4,5.0,1
60,0,0,77.4,5.0,0
60,0,0,60.8,5.0,0
60,0,0,81.2,5.0,0
60,0,0,62.6,5.0,0
60,0,2,22.2,5.0,1
60,0,2,84.0,5.0,0
180,0,0,68.2,5.0,1
180,0,2,0.0,0.0,1
60,0,0,70.2,5.0,0
60,0,2,58.8,5.0,1
60,0,2,55.4,5.0,0
60,0,0,40.0,3.0,1
60,0,1,78.75,4.0,1
120,0,0,43.2,5.0,0
60,0,1,75.0,5.0,0
60,0,2,79.0,5.0,0
60,0,2,58.8,5.0,0
120,0,0,35.0,5.0,1
60,0,2,59.6,5.0,0
60,0,0,90.0,5.0,0
60,0,0,1.0,1.0,1
60,0,1,82.4,5.0,0
60,0,1,75.0,5.0,0
120,0,2,0.0,0.0,1
60,0,0,70.2,5.0,0
60,0,2,100.0,1.0,1
60,0,1,51.6,5.0,0
60,0,2,100.0,1.0,1
60,0,0,79.2,5.0,0
60,0,0,77.6,5.0,0
60,0,0,0.0,0.0,1
60,0,2,0.0,0.0,1
60,0,2,0.0,0.0,1
60,0,0,85.6,5.0,0
60,0,2,70.8,5.0,0
60,0,0,48.25,4.0,1
120,0,2,0.0,0.0,1
120,0,1,100.0,1.0,1
120,0,0,100.0,1.0,1
60,0,0,28.5,2.0,1
60,0,2,76.2,5.0,0
120,0,1,76.8,5.0,0
60,0,2,52.8,5.0,0
60,0,0,43.6,5.0,0
60,0,3,77.4,5.0,0
60,0,1,0.0,0.0,1
60,0,2,0.0,0.0,1
60,0,2,58.8,5.0,0
90,0,2,25.5,2.0,1
60,0,2,44.5,4.0,1
240,0,2,0.0,0.0,1
60,0,2,81.6,5.0,0
120,0,2,0.0,0.0,1
60,0,1,1.0,1.0,1
60,0,0,0.0,0.0,1
60,0,2,54.4,5.0,0
60,0,0,82.2,5.0,0
60,0,1,0.0,0.0,1
120,0,2,66.0,5.0,0
60,0,2,49.6,5.0,0
120,0,2,0.0,0.0,1
60,0,0,100.0,1.0,1
60,0,0,0.0,0.0,1
60,0,2,42.8,5.0,1
120,0,2,81.0,2.0,1
60,0,1,87.4,5.0,0
60,0,0,1.0,1.0,1
60,0,2,34.0,4.0,1
120,0,0,0.0,0.0,1
60,0,2,0.0,0.0,1
60,0,2,54.4,5.0,0
60,0,0,65.0,5.0,0
120,0,0,80.2,5.0,0
120,0,2,100.0,1.0,1
120,0,2,84.2,5.0,0
60,0,2,0.0,0.0,1
180,0,0,0.0,0.0,1
120,0,1,78.8,5.0,0
90,0,2,1.0,1.0,1
60,0,2,83.4,5.0,0
90,0,2,56.66666666666666,3.0,1
120,0,2,49.0,5.0,0
60,0,0,68.8,5.0,0
60,0,2,81.8,5.0,0
60,0,1,0.0,0.0,1
120,0,0,77.6,5.0,0
60,0,2,65.4,5.0,0
60,0,2,68.8,5.0,0
60,0,2,0.0,0.0,1
60,0,0,0.0,0.0,1
60,0,2,44.0,4.0,1
60,0,2,0.0,0.0,1
60,0,2,72.75,4.0,1
60,0,0,0.0,0.0,1
120,0,2,59.0,5.0,1
120,0,0,72.8,5.0,0
60,0,0,0.0,0.0,1
120,0,0,100.0,1.0,1
60,0,2,0.0,0.0,1
120,0,0,71.4,5.0,0
120,0,0,71.75,4.0,1
60,0,2,80.0,2.0,1
180,0,2,0.0,0.0,1
120,0,0,0.0,0.0,1
120,0,0,46.6,5.0,0
180,0,1,0.0,0.0,1
60,0,0,73.4,5.0,0
60,0,2,87.5,2.0,1
60,0,0,33.2,5.0,1
60,0,0,60.0,5.0,0
60,0,0,67.4,5.0,0
60,0,2,0.0,0.0,1
60,0,2,100.0,1.0,1
150,0,2,0.0,0.0,1
60,0,2,77.6,5.0,0
60,0,0,61.6,5.0,0
60,0,2,31.6,5.0,1
120,0,0,1.0,1.0,1
120,0,2,81.5,2.0,1
60,0,0,72.4,5.0,0
120,0,2,1.0,1.0,1
60,0,0,0.0,0.0,1
60,0,0,56.2,5.0,0
60,0,2,0.0,0.0,1
60,0,2,40.5,4.0,1
120,0,0,0.0,0.0,1
60,0,0,31.0,3.0,1
60,0,0,73.8,5.0,0
180,0,1,74.4,5.0,0
60,0,0,33.25,4.0,1
120,0,2,40.5,2.0,1
120,0,0,78.4,5.0,1
60,0,2,100.0,1.0,1
60,0,0,0.0,0.0,1
60,0,2,32.5,2.0,1
60,0,2,73.33333333333333,3.0,1
60,0,1,67.2,5.0,0
60,0,0,0.0,0.0,1
60,0,2,73.33333333333333,3.0,1
120,0,0,0.0,0.0,1
60,0,1,67.0,4.0,1
60,0,1,10.0,1.0,1
60,0,2,0.0,0.0,1
90,0,2,77.0,3.0,1
60,0,2,79.8,5.0,0
60,0,0,43.8,5.0,0
120,0,0,59.2,5.0,0
60,0,2,0.0,0.0,1
60,0,2,100.0,1.0,1
120,0,2,75.5,4.0,1
120,0,0,0.0,0.0,1
60,0,1,29.5,2.0,1
60,0,0,55.2,5.0,0
60,0,2,65.6,5.0,0
90,0,1,1.0,1.0,1
60,0,0,56.6,5.0,1
60,0,2,0.0,0.0,1
60,0,0,78.6,5.0,0
120,0,1,0.0,0.0,1
60,0,0,59.8,5.0,0
60,0,0,85.8,5.0,0
60,0,2,41.8,5.0,0
60,0,2,45.0,5.0,0
60,0,2,87.5,2.0,1
60,0,2,65.0,2.0,1
60,0,2,0.0,0.0,1
60,0,0,0.0,0.0,1
60,0,0,61.4,5.0,0
240,0,2,0.0,0.0,1
60,0,2,0.0,0.0,1
60,0,2,63.2,5.0,0
60,0,2,81.0,2.0,1
60,0,2,0.0,0.0,1
60,0,2,0.0,0.0,1
120,0,2,41.2,5.0,0
120,0,0,88.0,5.0,0
60,0,2,40.6,5.0,0
60,0,0,0.0,0.0,1
60,0,0,75.2,5.0,0
60,0,2,49.8,5.0,1
60,0,2,92.0,2.0,1
60,0,2,47.0,5.0,0
120,0,2,0.0,0.0,1
60,0,0,56.2,5.0,0
60,0,0,64.8,5.0,0
60,0,0,60.8,5.0,1
60,0,0,78.0,5.0,0
60,0,1,43.2,5.0,0
60,0,2,46.4,5.0,0
120,0,1,74.4,5.0,1
60,0,2,0.0,0.0,1
120,0,2,65.0,5.0,0
60,0,0,90.0,5.0,0
60,0,2,40.6,5.0,0
60,0,1,78.8,5.0,1
60,0,2,0.0,0.0,1
60,0,0,89.0,3.0,1
60,0,0,69.4,5.0,0
180,0,2,0.0,0.0,1
60,0,0,52.0,5.0,0
60,0,0,71.0,5.0,0
60,0,2,0.0,0.0,1
60,0,2,68.2,5.0,0
60,0,2,1.0,1.0,1
60,0,0,48.6,5.0,0
60,0,0,82.6,5.0,0
60,0,2,0.0,0.0,1
120,0,1,87.4,5.0,0
60,0,1,0.0,0.0,1
120,0,2,0.0,0.0,1
120,0,2,0.0,0.0,1
60,0,2,76.4,5.0,0
60,0,0,0.0,0.0,1
60,0,1,89.2,5.0,0
60,0,0,71.2,5.0,1
120,0,1,0.0,0.0,1
60,0,2,75.4,5.0,0
60,0,2,61.2,5.0,0
120,0,1,100.0,1.0,1
60,0,2,75.6,5.0,0
120,0,1,100.0,1.0,1
60,0,2,65.8,5.0,0
240,0,0,1.0,1.0,1
120,0,2,0.0,0.0,1
60,0,2,0.0,0.0,1
60,0,0,43.6,5.0,0
60,0,2,80.2,5.0,0
60,0,2,76.5,2.0,1
60,0,0,82.2,5.0,0
60,0,0,47.6,5.0,0
60,0,0,0.0,0.0,1
60,0,1,86.4,5.0,0
120,0,0,0.0,0.0,1
60,0,2,76.6,5.0,0
60,0,0,61.6,5.0,0
60,0,2,85.0,2.0,1
120,0,2,0.0,0.0,1
120,0,2,1.0,1.0,1
120,0,0,76.4,5.0,0
60,0,2,59.0,5.0,0
60,0,2,59.4,5.0,0
120,0,2,1.0,1.0,1
60,0,1,58.8,5.0,0
120,0,2,100.0,1.0,1
180,0,2,100.0,1.0,1
60,0,0,62.2,5.0,1
60,0,0,46.0,4.0,1
60,0,1,86.0,5.0,0
240,0,3,0.0,0.0,1
60,0,1,89.2,5.0,0
60,0,2,71.0,5.0,0
120,0,2,67.4,5.0,0
60,0,0,60.6,5.0,0
240,0,0,0.0,0.0,1
60,0,1,59.4,5.0,0
120,0,0,53.0,5.0,0
60,0,2,0.0,0.0,1
60,0,2,0.0,0.0,1
60,0,3,0.0,0.0,1
60,0,2,72.6,5.0,0
120,0,0,0.0,0.0,1
120,0,2,0.0,0.0,1
60,0,0,86.5,4.0,1
60,0,0,46.4,5.0,0
60,0,1,76.2,5.0,0
60,0,2,62.2,5.0,0
60,0,2,78.6,5.0,0
60,0,1,72.0,5.0,0
60,0,2,46.6,5.0,0
120,0,0,0.0,0.0,1
60,0,2,79.4,5.0,0
60,0,1,75.0,5.0,0
60,0,2,1.0,1.0,1
120,0,2,0.0,0.0,1
120,0,1,86.8,5.0,0
60,0,2,56.4,5.0,1
60,0,0,77.4,5.0,0
240,0,0,80.0,1.0,1
60,0,0,65.0,5.0,0
120,0,0,0.0,0.0,1
60,0,2,76.0,5.0,0
60,0,0,81.8,5.0,0
60,0,2,30.5,2.0,1
60,0,0,92.8,5.0,0
60,0,1,56.4,5.0,0
60,0,2,77.2,5.0,0
60,0,4,72.4,5.0,0
60,0,0,57.6,5.0,0
60,0,0,73.6,5.0,0
60,0,0,56.2,5.0,1
60,0,0,74.25,4.0,1
60,0,2,0.0,0.0,1
120,0,1,0.0,0.0,1
120,0,2,0.0,0.0,1
120,0,0,0.0,0.0,1
120,0,0,88.2,5.0,0
120,0,2,0.0,0.0,1
60,0,2,31.5,2.0,1
60,0,2,45.6,5.0,0
60,0,2,60.6,5.0,0
60,0,2,1.0,1.0,1
120,0,1,91.4,5.0,0
60,0,2,1.0,1.0,1
60,0,2,60.6,5.0,0
60,0,2,31.8,5.0,1
60,0,0,0.0,0.0,1
60,0,0,50.333333333333336,3.0,1
60,0,2,62.8,5.0,0
120,0,2,79.0,2.0,1
60,0,0,61.25,4.0,1
60,0,0,64.0,5.0,0
90,0,2,36.4,5.0,0
60,0,2,73.33333333333333,3.0,1
60,0,0,52.6,5.0,0
60,0,0,74.2,5.0,0
60,0,0,55.6,5.0,0
60,0,0,69.5,4.0,1
120,0,2,0.0,0.0,1
60,0,2,66.8,5.0,0
60,0,2,0.0,0.0,1
60,0,1,100.0,1.0,1
60,0,3,32.666666666666664,3.0,1
60,0,4,56.2,5.0,0
60,0,2,0.0,0.0,1
60,0,2,100.0,1.0,1
60,0,1,55.0,5.0,0
60,0,0,90.2,5.0,0
60,0,0,72.2,5.0,0
60,0,1,65.0,5.0,0
60,0,2,0.0,0.0,1
120,0,0,59.2,5.0,0
60,0,2,0.0,0.0,1
60,0,2,100.0,1.0,1
120,0,2,57.8,5.0,0
120,0,1,1.0,1.0,1
60,0,0,76.8,5.0,0
60,0,2,78.4,5.0,0
60,0,2,80.0,2.0,1
60,0,0,82.6,5.0,0
60,0,0,0.0,0.0,1
60,0,2,0.0,0.0,1
60,0,0,100.0,1.0,1
60,0,2,47.2,5.0,1
120,0,0,76.8,5.0,1
60,0,2,0.0,0.0,1
60,0,2,56.25,4.0,1
60,0,2,0.0,0.0,1
60,0,2,94.4,5.0,0
60,0,2,45.0,5.0,0
60,0,2,81.66666666666667,3.0,1
120,0,2,100.0,1.0,1
120,0,0,75.8,5.0,0
60,0,0,100.0,1.0,1
60,0,2,43.8,5.0,0
60,0,0,67.8,5.0,0
60,0,0,76.2,5.0,0
120,0,1,76.2,5.0,0
60,0,2,77.2,5.0,0
60,0,1,63.2,5.0,0
120,0,2,63.333333333333336,3.0,1
60,0,2,93.2,5.0,0
60,0,2,1.0,1.0,1
60,0,2,30.5,2.0,1
60,0,0,77.2,5.0,0
60,0,2,44.2,5.0,1
60,0,1,0.0,0.0,1
60,0,0,44.2,5.0,0
60,0,2,100.0,1.0,1
60,0,0,45.2,5.0,0
60,0,2,78.8,5.0,0
60,0,0,72.8,5.0,0
60,0,2,100.0,1.0,1
120,0,0,1.0,1.0,1
60,0,2,45.2,5.0,0
120,0,1,59.4,5.0,1
60,0,2,0.0,0.0,1
60,0,0,53.6,5.0,0
60,0,0,72.2,5.0,0
60,0,0,77.4,5.0,0
60,0,1,1.0,1.0,1
60,0,1,67.4,5.0,0
60,0,2,67.4,5.0,0
60,0,2,0.0,0.0,1
60,0,0,70.0,5.0,0
120,0,1,81.6,5.0,0
120,0,2,86.8,5.0,0
60,0,2,0.0,0.0,1
120,0,1,83.6,5.0,0
120,0,2,73.8,5.0,0
120,0,1,50.8,5.0,0
60,0,0,0.0,0.0,1
60,0,0,0.0,0.0,1
60,0,2,1.0,1.0,1
120,0,0,0.0,0.0,1
60,0,0,83.8,5.0,0
60,0,0,76.33333333333333,3.0,1
60,0,2,45.4,5.0,0
60,0,0,77.0,4.0,0
60,0,0,77.5,2.0,1
150,0,0,71.25,4.0,0
120,0,2,63.333333333333336,3.0,1
60,0,2,100.0,1.0,1
60,0,2,100.0,1.0,1
60,0,0,62.6,5.0,0
60,0,2,100.0,1.0,1
60,0,0,64.2,5.0,0
60,0,2,81.0,5.0,0
120,0,2,0.0,0.0,1
60,0,2,0.0,0.0,1
60,0,2,44.0,3.0,1
120,0,2,0.0,0.0,1
60,0,2,67.6,5.0,0
120,0,0,0.0,0.0,1
120,0,2,0.0,0.0,1
60,0,2,46.6,5.0,0
180,0,2,0.0,0.0,1
60,0,0,31.0,3.0,1
60,0,2,49.8,5.0,1
60,0,0,76.2,5.0,0
60,0,2,63.4,5.0,0
60,0,0,60.4,5.0,0
60,0,2,100.0,1.0,1
60,0,2,0.0,0.0,1
60,0,2,70.4,5.0,0
60,0,2,80.0,4.0,0
60,0,0,80.75,4.0,0
60,0,0,73.8,5.0,0
60,0,2,63.6,5.0,0
60,0,2,81.0,5.0,0
60,0,0,57.2,5.0,0
60,0,0,66.0,5.0,0
60,0,0,83.4,5.0,0
60,0,0,69.6,5.0,0
60,0,2,0.0,0.0,1
60,0,2,81.0,2.0,1
60,0,0,0.0,0.0,1
60,0,0,76.25,4.0,1
60,0,2,63.6,5.0,0
60,0,2,73.33333333333333,3.0,1
120,0,0,81.6,5.0,0
60,0,2,76.8,5.0,0
60,0,2,67.2,5.0,0
60,0,2,71.0,5.0,0
60,0,0,64.0,5.0,0
120,0,2,0.0,0.0,1
60,0,2,55.0,2.0,1
150,0,0,55.25,4.0,0
120,0,2,0.0,0.0,1
60,0,0,57.8,5.0,1
60,0,2,51.0,4.0,0
120,0,2,0.0,0.0,1
60,0,2,91.0,2.0,1
60,0,0,82.66666666666667,3.0,1
120,0,2,76.4,5.0,0
60,0,2,0.0,0.0,1
60,0,2,65.8,5.0,0
60,0,2,89.8,5.0,0
60,0,0,69.2,5.0,0
60,0,0,71.2,5.0,0
60,0,2,81.0,2.0,1
120,0,2,0.0,0.0,1
120,0,0,85.0,2.0,1
60,0,0,60.0,5.0,0
60,0,1,47.0,3.0,1
60,0,2,64.66666666666667,3.0,1
60,0,0,63.2,5.0,0
120,0,0,0.0,0.0,1
60,0,2,68.0,5.0,0
60,0,2,70.4,5.0,0
60,0,2,77.4,5.0,0
60,0,2,0.0,0.0,1
60,0,0,64.6,5.0,0
120,0,0,58.0,5.0,0
120,0,2,0.0,0.0,1
60,0,2,73.4,5.0,0
60,0,1,68.6,5.0,0
120,0,2,0.0,0.0,1
120,0,4,68.6,5.0,0
60,0,0,57.5,4.0,1
120,0,2,56.4,5.0,0
60,0,2,28.0,2.0,1
60,0,0,53.0,5.0,0
60,0,0,100.0,1.0,1
60,0,2,1.0,1.0,1
120,0,1,66.6,5.0,0
60,0,0,66.25,4.0,1
120,0,1,0.0,0.0,1
180,0,2,81.2,5.0,0
60,0,2,100.0,1.0,1
60,0,2,72.0,5.0,0
60,0,2,75.0,3.0,1
60,0,0,53.6,5.0,0
180,0,0,100.0,1.0,1
120,0,2,74.8,5.0,0
60,0,0,55.4,5.0,0
60,0,0,75.0,5.0,0
120,0,1,0.0,0.0,1
60,0,2,100.0,1.0,1
60,0,0,69.0,5.0,0
180,0,0,100.0,1.0,1
60,0,2,81.0,2.0,1
120,0,0,0.0,0.0,1
120,0,0,30.5,2.0,1
60,0,1,65.8,5.0,0
120,0,0,0.0,0.0,1
60,0,2,71.2,5.0,0
120,0,0,0.0,0.0,1
60,0,2,70.4,5.0,0
60,0,0,79.0,5.0,0
90,0,0,0.0,0.0,1
120,0,1,61.8,5.0,0
60,0,0,84.2,5.0,0
60,0,0,68.6,5.0,0
60,0,0,0.0,0.0,1
60,0,2,72.6,5.0,0
60,0,1,80.2,5.0,0
60,0,0,63.6,5.0,1
60,0,2,55.2,5.0,0
60,0,2,52.4,5.0,1
120,0,1,56.2,5.0,0
120,0,1,59.4,5.0,0
60,0,2,55.2,5.0,0
120,0,1,87.6,5.0,0
120,0,0,88.6,5.0,0
60,0,2,35.666666666666664,3.0,1
120,0,2,0.0,0.0,1
60,0,2,60.4,5.0,0
60,0,2,67.66666666666667,3.0,1
60,0,2,50.5,2.0,1
60,0,2,0.0,0.0,1
60,0,1,61.8,5.0,0
60,0,2,84.5,2.0,1
60,0,1,75.8,5.0,0
60,0,2,0.0,0.0,1
60,0,0,62.6,5.0,0
60,0,0,37.0,4.0,1
60,0,0,70.0,5.0,0
60,0,0,63.6,5.0,1
60,0,2,0.0,0.0,1
60,0,1,0.0,0.0,1
60,0,0,0.0,0.0,1
60,0,0,0.0,0.0,1
60,0,0,0.0,0.0,1
60,0,2,38.2,5.0,0
60,0,2,0.0,0.0,1
60,0,2,87.66666666666667,3.0,1
60,0,2,68.6,5.0,0
60,0,0,88.2,5.0,0
60,0,0,0.0,0.0,1
60,0,2,100.0,1.0,1
90,0,2,77.5,2.0,1
60,0,2,68.2,5.0,0
60,0,2,1.0,1.0,1
60,0,1,62.6,5.0,0
120,0,0,0.0,0.0,1
60,0,2,0.0,0.0,1
60,0,2,1.0,1.0,1
60,0,1,49.4,5.0,0
120,0,0,58.2,5.0,0
120,0,0,0.0,0.0,1
120,0,0,65.2,5.0,0
60,0,0,54.2,5.0,0
60,0,2,66.0,5.0,1
60,0,2,51.2,5.0,0
120,0,0,0.0,0.0,1
120,0,0,76.6,5.0,0
60,0,0,73.6,5.0,0
120,0,2,0.0,0.0,1
120,0,0,0.0,0.0,1
60,0,1,87.0,5.0,0
60,0,2,54.8,5.0,0
90,0,0,0.0,0.0,1
120,0,2,76.0,3.0,1
120,0,2,0.0,0.0,1
60,0,2,0.0,0.0,1
60,0,1,97.4,5.0,0
120,0,2,65.8,5.0,0
60,0,2,0.0,0.0,1
60,0,0,0.0,0.0,1
60,0,0,54.4,5.0,1
60,0,3,0.0,0.0,1
60,0,2,59.6,5.0,0
60,0,0,29.5,2.0,1
60,0,2,0.0,0.0,1
60,0,3,0.0,0.0,1
60,0,2,60.6,5.0,0
60,0,2,50.4,5.0,0
120,0,2,56.0,2.0,1
60,0,2,36.333333333333336,3.0,1
120,0,2,0.0,0.0,1
60,0,2,0.0,0.0,1
180,0,0,0.0,0.0,1
60,0,2,0.0,0.0,1
90,0,2,75.4,5.0,0
120,0,0,66.6,5.0,1
60,0,0,76.6,5.0,0
60,0,2,0.0,0.0,1
60,0,1,0.0,0.0,1
60,0,1,57.2,5.0,0
60,0,0,1.0,1.0,1
60,0,2,48.4,5.0,0
60,0,1,58.2,5.0,0
60,0,0,61.4,5.0,0
60,0,1,1.0,1.0,1
60,0,2,100.0,1.0,1
60,0,0,0.0,0.0,1
60,0,0,0.0,0.0,1
60,0,2,58.8,5.0,0
60,0,0,42.333333333333336,3.0,1
60,0,0,70.0,5.0,0
60,0,2,59.6,5.0,0
120,0,0,79.0,2.0,1
60,0,0,65.0,5.0,0
60,0,0,61.2,5.0,1
120,0,2,47.66666666666666,3.0,1
180,0,2,0.0,0.0,1
60,0,0,81.0,5.0,0
120,0,2,81.0,5.0,0
60,0,1,50.2,5.0,0
60,0,2,29.5,2.0,1
120,0,0,0.0,0.0,1
120,0,2,76.0,3.0,1
60,0,0,66.2,5.0,0
60,0,2,51.6,5.0,0
60,0,2,67.4,5.0,0
60,0,2,69.6,5.0,0
60,0,0,0.0,0.0,1
60,0,0,76.0,5.0,0
60,0,0,74.2,5.0,0
60,0,1,76.6,5.0,0
60,0,0,0.0,0.0,1
60,0,0,63.8,5.0,0
60,0,2,83.8,5.0,0
60,0,2,70.2,5.0,0
120,0,0,0.0,0.0,1
60,0,0,75.6,5.0,0
60,0,2,67.0,5.0,0
60,0,0,78.8,5.0,0
60,0,0,76.0,5.0,0
60,0,2,0.0,0.0,1
60,0,0,60.2,5.0,0
60,0,2,57.0,5.0,0
60,0,0,1.0,1.0,1
60,0,0,76.6,5.0,0
60,0,2,74.0,5.0,0
60,0,0,77.4,5.0,0
60,0,2,79.0,5.0,0
60,0,0,66.6,5.0,0
60,0,2,73.4,5.0,0
60,0,2,40.66666666666666,3.0,1
60,0,2,0.0,0.0,1
60,0,2,47.66666666666666,3.0,1
120,0,2,0.0,0.0,1
60,0,1,51.4,5.0,1
60,0,2,62.0,3.0,1
60,0,0,85.2,5.0,0
60,0,0,66.0,5.0,0
60,0,0,62.4,5.0,0
60,0,2,33.5,2.0,1
60,0,0,74.0,2.0,1
60,0,2,75.4,5.0,0
60,0,0,45.2,5.0,0
60,0,0,77.2,5.0,0
60,0,0,80.0,4.0,0
60,0,1,0.0,0.0,1
60,0,3,100.0,1.0,1
60,0,0,78.2,5.0,0
60,0,2,100.0,1.0,1
60,0,2,0.0,0.0,1
60,0,0,80.8,5.0,0
60,0,2,74.0,5.0,0
60,0,2,54.0,5.0,0
60,0,0,41.4,5.0,0
120,0,0,43.66666666666666,3.0,1
60,0,2,69.5,2.0,1
60,0,0,78.2,5.0,0
60,0,0,0.0,0.0,1
120,0,2,0.0,0.0,1
60,0,2,0.0,0.0,1
60,0,2,1.0,1.0,1
120,0,1,77.6,5.0,0
60,0,0,0.0,0.0,1
120,0,2,71.2,5.0,0
60,0,0,80.0,2.0,1
120,0,2,1.0,1.0,1
60,0,2,39.8,5.0,0
60,0,1,42.0,2.0,1
120,0,1,79.33333333333333,3.0,1
60,0,0,80.4,5.0,0
120,0,1,68.4,5.0,0
120,0,1,64.8,5.0,0
120,0,0,100.0,1.0,1
60,0,2,0.0,0.0,1
60,0,0,100.0,1.0,1
120,0,2,100.0,1.0,1
60,0,0,0.0,0.0,1
120,0,0,0.0,0.0,1
60,0,2,0.0,0.0,1
60,0,3,0.0,0.0,1
60,0,0,28.666666666666668,3.0,1
60,0,2,72.6,5.0,0
60,0,2,77.75,4.0,1
60,0,2,0.0,0.0,1
60,0,2,87.5,2.0,1
60,0,2,79.0,2.0,1
60,0,2,40.6,5.0,1
120,0,2,89.4,5.0,0
60,0,0,68.2,5.0,0
60,0,0,59.8,5.0,0
60,0,2,76.6,5.0,0
120,0,0,67.5,4.0,1
120,0,0,63.8,5.0,0
60,0,2,42.6,5.0,0
150,0,0,0.0,0.0,1
120,0,2,1.0,1.0,1
60,0,2,34.5,2.0,1
120,0,2,100.0,1.0,1
60,0,0,69.8,5.0,0
60,0,2,54.4,5.0,0
60,0,0,67.4,5.0,0
60,0,2,54.25,4.0,1
60,0,2,0.0,0.0,1
120,0,1,69.6,5.0,0
60,0,0,58.0,5.0,0
60,0,2,77.66666666666667,3.0,1
60,0,0,71.2,5.0,0
60,0,2,34.5,2.0,1
60,0,2,77.2,5.0,0
60,0,1,70.6,5.0,0
60,0,2,80.4,5.0,0
60,0,2,92.5,2.0,1
60,0,2,39.8,5.0,0
60,0,1,83.4,5.0,0
60,0,0,52.25,4.0,1
60,0,2,56.2,5.0,0
60,0,2,53.8,5.0,0
60,0,0,0.0,0.0,1
60,0,0,56.333333333333336,3.0,1
120,0,1,69.8,5.0,0
120,0,0,83.0,5.0,0
120,0,1,90.0,5.0,0
60,0,2,27.666666666666668,3.0,1
120,0,1,87.4,5.0,0
120,0,1,90.4,5.0,0
60,0,0,0.0,0.0,1
60,0,0,77.0,5.0,0
60,0,0,0.0,0.0,1
120,0,1,58.6,5.0,0
120,0,1,77.4,5.0,0
120,0,2,0.0,0.0,1
120,0,0,84.8,5.0,0
60,0,2,66.8,5.0,0
120,0,1,80.8,5.0,0
120,0,1,87.2,5.0,0
120,0,1,87.4,5.0,0
120,0,0,86.6,5.0,0
120,0,2,0.0,0.0,1
60,0,2,47.6,5.0,0
60,0,2,59.6,5.0,0
120,0,1,89.6,5.0,0
120,0,1,67.0,5.0,0
60,0,2,0.0,0.0,1
120,0,0,93.8,5.0,0
60,0,2,39.2,5.0,0
120,0,1,81.8,5.0,0
60,0,1,100.0,1.0,1
120,0,1,79.5,4.0,1
120,0,1,61.8,5.0,0
60,0,1,71.6,5.0,0
60,0,2,1.0,1.0,1
120,0,2,94.0,3.0,1
90,1,0,58.0,3.0,1
120,0,1,51.333333333333336,3.0,1
90,0,2,88.8,5.0,0
60,0,2,50.4,5.0,0
120,1,0,81.8,5.0,0
120,2,2,67.72727272727273,11.0,1
60,0,0,77.4,5.0,0
150,1,1,68.5,6.0,1
60,0,0,75.6,5.0,0
60,0,1,62.0,5.0,0
60,0,0,50.66666666666666,3.0,1
60,0,2,58.6,5.0,0
60,0,0,75.2,5.0,0
60,0,0,88.2,5.0,0
120,0,0,61.25,4.0,0
120,0,3,59.4,5.0,0
60,0,1,82.8,5.0,0
180,0,2,76.8,5.0,0
60,1,2,82.66666666666667,3.0,1
120,0,0,67.6,5.0,0
60,0,2,49.75,4.0,1
60,1,1,61.0,5.0,0
60,0,1,57.4,5.0,0
60,0,1,80.6,5.0,0
120,0,0,62.2,5.0,0
60,0,2,0.0,0.0,1
60,1,0,36.5,2.0,1
60,0,2,64.0,5.0,0
60,0,4,59.2,5.0,0
60,0,2,48.25,4.0,1
60,0,1,0.0,0.0,1
60,0,1,85.6,5.0,0
120,0,0,58.8,5.0,0
60,0,1,66.4,5.0,0
60,5,2,48.8,5.0,1
60,0,0,0.0,0.0,1
120,2,0,84.0,5.0,0
120,0,2,79.2,5.0,0
60,0,2,1.0,1.0,1
60,0,2,24.5,2.0,1
120,0,1,0.0,0.0,1
60,0,2,66.0,5.0,0
60,0,2,69.8,5.0,0
120,0,1,0.0,0.0,1
120,0,2,72.5,2.0,1
120,0,2,0.0,0.0,1
60,0,2,67.8,5.0,0
120,0,2,0.0,0.0,1
60,0,1,77.2,5.0,0
60,1,0,0.0,0.0,1
60,0,0,0.0,0.0,1
120,1,2,83.8,5.0,0
60,3,2,100.0,1.0,1
120,0,1,45.0,5.0,0
60,1,1,1.0,1.0,1
60,0,2,82.4,5.0,0
60,0,2,39.5,2.0,1
60,0,0,74.2,5.0,0
60,0,0,61.6,5.0,0
120,0,0,0.0,0.0,1
60,0,2,55.8,5.0,0
60,0,2,63.0,5.0,0
120,0,0,82.8,5.0,0
60,1,1,78.6,10.0,0
60,0,0,77.33333333333333,3.0,1
90,0,0,86.2,5.0,1
120,0,2,0.0,0.0,1
60,0,2,0.0,0.0,1
60,0,1,86.2,5.0,0
60,0,2,61.8,5.0,0
60,0,2,36.0,5.0,1
120,0,0,0.0,0.0,1
60,0,0,1.0,1.0,1
60,0,1,35.25,4.0,1
180,3,2,1.0,1.0,1
60,0,0,78.8,5.0,1
60,0,2,71.6,5.0,0
60,0,0,0.0,0.0,1
60,0,2,0.0,0.0,1
60,0,0,1.0,1.0,1
60,0,1,27.5,2.0,1
60,0,0,53.2,5.0,0
60,0,2,72.6,5.0,0
60,0,2,66.0,2.0,1
120,0,0,63.4,5.0,0
120,0,2,0.0,0.0,1
60,0,0,66.8,5.0,0
60,0,2,0.0,0.0,1
120,0,2,56.0,5.0,0
180,0,2,0.0,0.0,1
60,0,0,80.0,5.0,0
60,1,2,84.8,5.0,0
60,0,2,80.2,5.0,0
60,1,2,90.0,2.0,1
60,1,2,25.5,2.0,1
180,0,2,100.0,1.0,1
60,1,2,73.6,5.0,0
120,0,0,71.8,5.0,0
60,0,1,81.25,4.0,0
60,0,0,78.33333333333333,3.0,1
60,2,0,70.0,2.0,1
60,0,0,35.5,2.0,1
60,0,0,46.6,5.0,0
60,0,0,67.0,5.0,0
60,0,0,79.5,4.0,1
60,0,0,65.2,5.0,0
60,3,2,47.6,5.0,0
60,0,2,75.0,2.0,1
120,0,0,77.0,2.0,1
60,0,1,62.2,5.0,0
90,0,2,0.0,0.0,1
120,0,0,0.0,0.0,1
60,1,1,80.8,5.0,0
120,0,0,1.0,1.0,1
120,0,1,72.6,5.0,0
60,1,2,71.5,12.0,1
60,1,0,75.0,5.0,0
60,0,0,54.4,5.0,0
150,0,2,50.8,5.0,0
60,1,0,51.8,5.0,0
120,1,0,100.0,1.0,1
120,0,2,75.6,5.0,0
60,0,0,85.0,5.0,0
60,0,0,51.2,5.0,0
60,0,2,65.0,5.0,0
120,0,1,46.333333333333336,3.0,1
60,2,2,100.0,1.0,1
120,0,0,75.0,5.0,0
60,1,2,81.4,5.0,0
120,1,2,92.33333333333331,3.0,1
120,0,0,53.4,5.0,1
60,1,0,58.8,5.0,0
120,0,0,79.2,5.0,0
120,0,2,82.2,5.0,0
60,1,1,68.2,5.0,0
60,0,0,64.4,5.0,0
60,0,1,54.6,5.0,0
120,0,2,0.0,0.0,1
60,0,0,0.0,0.0,1
60,0,1,0.0,0.0,1
60,0,2,0.0,0.0,1
60,0,0,71.0,5.0,0
60,0,2,72.33333333333333,3.0,1
120,1,0,0.0,0.0,1
60,0,1,78.0,5.0,0
60,0,2,63.6,5.0,0
60,3,0,55.6,5.0,0
60,0,2,57.66666666666666,3.0,1
120,0,0,0.0,0.0,1
240,1,2,100.0,1.0,1
60,0,2,52.25,4.0,1
60,0,1,71.4,5.0,0
60,0,0,88.2,5.0,0
60,0,2,41.6,5.0,0
60,0,2,63.4,5.0,0
120,1,2,78.58333333333333,12.0,0
60,0,1,54.8,5.0,0
60,5,0,60.6,5.0,0
120,0,2,1.0,1.0,1
120,0,0,0.0,0.0,1
60,0,0,80.0,5.0,0
120,0,0,0.0,0.0,1
120,0,2,55.4,5.0,0
60,0,2,85.0,5.0,0
60,0,1,74.4,5.0,0
75,0,1,77.0,5.0,0
120,0,2,73.4,5.0,0
60,0,2,64.4,5.0,1
120,0,1,92.4,5.0,0
180,0,2,0.0,0.0,1
30,0,0,31.5,2.0,1
90,0,0,89.33333333333333,9.0,0
60,0,1,80.61538461538461,13.0,0
30,0,1,0.0,0.0,1
30,0,0,68.28571428571429,7.0,0
60,0,1,72.38461538461539,13.0,0
60,0,1,51.5625,16.0,1
60,0,1,93.55555555555556,9.0,0
90,0,1,84.9090909090909,11.0,0
60,0,1,76.64285714285714,14.0,1
90,0,2,87.0625,16.0,1
60,0,2,44.5,2.0,1
120,0,0,70.2,5.0,0
30,0,0,40.0,1.0,1
40,0,0,62.16666666666666,6.0,1
60,0,1,86.5,4.0,1
30,0,0,72.16666666666667,6.0,1
150,0,2,0.0,0.0,1
80,0,3,12.4,5.0,1
120,0,2,74.55555555555556,9.0,0
30,0,1,75.33333333333333,9.0,0
60,0,1,50.0,1.0,1
60,0,2,10.0,2.0,1
120,0,0,71.66666666666667,9.0,0
210,0,0,0.0,0.0,1
30,0,1,68.5,2.0,1
90,0,0,33.714285714285715,7.0,1
120,0,2,75.9375,16.0,1
30,0,1,93.66666666666669,9.0,0
60,0,0,73.07692307692308,13.0,0
30,0,1,30.0,1.0,1
120,0,0,75.47058823529412,17.0,1
30,0,1,50.785714285714285,14.0,1
330,0,4,0.0,0.0,1
120,0,2,85.6,5.0,0
120,0,0,93.22222222222224,9.0,0
60,0,2,36.0,3.0,1
60,0,1,0.0,0.0,1
60,0,0,0.0,0.0,1
90,0,1,51.38461538461539,13.0,0
90,0,2,62.625,8.0,1
60,0,1,78.92307692307692,13.0,0
90,0,0,84.0,3.0,1
120,0,2,0.0,0.0,1
90,0,0,0.0,0.0,1
80,0,1,71.11111111111111,9.0,0
90,0,0,72.9047619047619,21.0,0
30,0,1,35.22222222222222,9.0,1
90,0,0,85.83333333333333,12.0,1
30,0,1,10.0,1.0,1
60,0,0,54.0,5.0,0
90,0,0,77.42857142857143,14.0,1
60,0,2,0.0,0.0,1
30,0,1,95.77777777777776,9.0,0
75,0,2,57.2,5.0,1
120,0,0,85.1875,16.0,0
30,0,0,49.0,7.0,0
180,0,2,85.375,8.0,1
150,0,1,44.0,1.0,1
30,0,2,33.0,2.0,1
45,0,2,19.666666666666668,3.0,1
90,0,0,82.78260869565217,23.0,0
120,0,2,46.0,1.0,1
30,0,4,79.5,8.0,1
60,0,0,0.0,0.0,1
120,0,2,88.19047619047619,21.0,0
60,0,0,87.27777777777777,18.0,1
60,0,1,64.0,3.0,1
60,0,2,71.0,3.0,1
150,0,2,86.08333333333333,12.0,1
60,0,2,71.8,5.0,0
60,0,2,95.55555555555556,9.0,0
60,0,2,0.0,0.0,1
30,0,0,65.0,2.0,1
30,0,2,72.0,2.0,1
120,0,0,60.55555555555556,9.0,0
30,0,0,75.8,5.0,0
400,0,0,0.0,0.0,1
90,0,3,66.5,4.0,1
45,0,2,48.5,2.0,1
60,0,0,91.22222222222224,9.0,0
210,0,2,65.0,7.0,1
60,0,0,64.33333333333333,6.0,0
30,0,1,36.0,7.0,1
120,0,0,43.91666666666666,12.0,1
90,0,0,53.40909090909091,22.0,1
30,0,1,100.0,4.0,0
60,0,0,76.1,10.0,0
30,0,0,45.888888888888886,9.0,0
60,0,0,77.5,6.0,0
60,0,1,61.5625,16.0,1
60,0,1,97.2,5.0,0
60,0,0,63.888888888888886,18.0,1
60,0,2,0.0,0.0,1
150,0,4,89.9375,16.0,0
90,0,1,0.0,0.0,1
60,0,1,92.77777777777776,9.0,0
30,0,0,71.8,5.0,0
60,0,0,57.90909090909091,11.0,1
30,0,1,85.88888888888889,9.0,0
30,0,1,0.0,0.0,1
90,0,0,61.66666666666666,3.0,1
30,0,2,76.33333333333333,9.0,0
90,0,2,42.8,5.0,1
90,0,2,95.33333333333331,9.0,0
30,0,2,84.6,5.0,0
150,0,0,58.0,16.0,0
60,0,4,82.66666666666667,6.0,1
30,0,0,79.55555555555556,9.0,0
90,0,1,69.875,8.0,1
60,0,0,0.0,0.0,1
60,0,1,75.0,4.0,1
60,0,2,38.75,4.0,1
120,0,1,80.0,5.0,1
30,0,1,28.5,6.0,1
150,0,0,69.25,12.0,1
30,0,0,57.66666666666666,9.0,0
60,0,0,74.0,2.0,1
60,0,0,90.84615384615384,13.0,0
40,0,1,89.33333333333333,9.0,0
90,0,0,70.1,20.0,1
60,0,2,71.38461538461539,13.0,0
30,0,2,59.0,8.0,1
60,0,0,0.0,0.0,1
90,0,2,30.0,1.0,1
90,0,2,0.0,0.0,1
90,0,0,0.0,0.0,1
60,0,0,0.0,0.0,1
180,0,0,65.0,7.0,1
60,0,4,91.8181818181818,11.0,0
60,0,0,48.0,2.0,1
60,0,2,54.8,5.0,1
90,0,2,70.0,1.0,1
60,0,0,64.42857142857143,7.0,1
30,0,2,80.94117647058823,17.0,1
90,0,2,0.0,0.0,1
30,0,1,78.6,5.0,0
60,0,0,76.91304347826087,23.0,0
60,0,1,64.33333333333333,3.0,1
60,0,0,49.0,3.0,1
60,0,1,30.0,1.0,1
90,0,1,58.21428571428572,14.0,1
60,0,0,77.6923076923077,13.0,0
90,0,0,0.0,0.0,1
30,0,0,0.0,1.0,1
60,0,0,87.53846153846153,13.0,0
235,0,0,49.66666666666666,12.0,1
90,0,1,64.875,8.0,1
60,0,1,0.0,0.0,1
60,0,2,73.61538461538461,13.0,0
90,0,1,23.0,1.0,1
60,0,0,0.0,0.0,1
60,0,0,89.2,5.0,0
30,0,0,96.0,9.0,0
120,0,0,0.0,0.0,1
90,0,1,78.14285714285714,21.0,0
70,0,0,0.0,0.0,1
150,0,1,77.58333333333333,12.0,1
150,0,0,69.4,5.0,0
120,0,2,0.0,0.0,1
120,0,2,64.7,20.0,1
60,0,1,71.55555555555556,9.0,0
240,0,0,59.0,2.0,1
30,0,0,83.44444444444444,9.0,0
60,0,0,0.0,0.0,1
60,0,0,72.33333333333333,3.0,1
90,0,0,57.888888888888886,9.0,1
60,0,2,46.0,3.0,1
90,0,2,72.66666666666667,3.0,1
60,0,2,60.66666666666666,6.0,1
60,0,0,0.0,0.0,1
90,0,2,70.52631578947368,19.0,0
90,0,0,0.0,0.0,1
120,0,0,74.58333333333333,12.0,1
60,0,0,0.0,0.0,1
60,0,0,96.75,8.0,1
120,0,1,54.90909090909091,11.0,0
150,0,0,49.0,2.0,1
30,0,1,72.0,2.0,1
30,0,4,93.33333333333331,9.0,0
30,0,3,60.47368421052632,19.0,0
60,0,2,92.71428571428572,7.0,0
30,0,1,97.88888888888889,9.0,0
60,0,0,77.54545454545455,11.0,0
160,0,1,80.34782608695652,23.0,0
150,0,1,59.625,16.0,0
60,0,0,81.66666666666667,3.0,1
60,0,2,84.8,5.0,1
30,0,1,40.66666666666666,3.0,0
60,0,1,0.0,0.0,1
60,0,0,24.4,5.0,1
30,0,0,85.22222222222223,9.0,0
30,0,1,89.21739130434783,23.0,0
180,0,0,47.75,8.0,0
60,0,0,32.0,2.0,1
120,0,1,58.0,7.0,1
30,0,1,63.44444444444444,9.0,0
60,0,2,91.75,4.0,1
120,0,1,77.8125,16.0,1
120,0,0,0.0,0.0,1
90,0,0,67.0,4.0,1
60,0,0,52.0,1.0,1
135,0,1,56.5,2.0,1
120,0,1,67.66666666666667,9.0,0
60,0,4,0.0,0.0,1
60,0,2,62.5,2.0,1
30,0,1,87.11111111111111,9.0,0
60,0,2,0.0,0.0,1
120,0,0,0.0,0.0,1
60,0,0,7.0,3.0,1
30,0,1,80.44444444444444,9.0,0
180,0,2,76.0,2.0,1
30,0,1,98.8,5.0,0
90,0,0,0.0,0.0,1
180,0,0,57.66666666666666,18.0,1
30,0,2,84.0,6.0,1
60,0,0,0.0,0.0,1
60,0,0,52.7,10.0,1
150,0,0,54.27272727272727,11.0,1
30,0,0,46.0,1.0,1
60,0,2,77.53846153846153,13.0,0
150,0,0,51.25,8.0,1
30,0,2,0.0,0.0,1
60,0,1,81.66666666666667,3.0,1
150,0,2,50.0,1.0,1
60,0,0,87.33333333333333,9.0,0
135,0,0,73.0,7.0,1
210,0,0,59.44444444444444,9.0,0
30,0,2,27.75,8.0,1
150,0,1,63.5,4.0,1
120,0,0,0.0,0.0,1
90,0,1,0.0,0.0,1
60,0,2,58.0,13.0,1
60,0,2,68.0,9.0,0
90,0,2,42.0,18.0,1
30,0,0,50.0,1.0,1
30,0,1,81.33333333333333,9.0,0
120,0,2,0.0,0.0,1
120,0,0,89.5,4.0,1
90,0,2,40.0,1.0,1
90,0,0,74.91666666666667,12.0,1
30,0,1,87.42857142857143,21.0,0
60,0,2,40.0,1.0,1
60,0,2,77.4,5.0,1
90,0,0,91.28571428571428,7.0,0
90,0,1,68.8695652173913,23.0,0
90,0,0,0.0,0.0,1
30,0,0,0.0,0.0,1
60,0,1,49.125,8.0,1
90,0,2,49.25,12.0,1
120,0,2,71.71428571428571,7.0,0
30,0,0,59.57142857142857,14.0,1
90,0,0,30.0,1.0,1
60,0,2,78.1,10.0,1
90,0,1,80.0,4.0,0
60,0,2,0.0,0.0,1
60,0,0,0.0,0.0,1
90,0,2,84.125,8.0,1
70,0,2,64.5,4.0,1
60,0,0,67.58333333333333,24.0,1
60,0,0,78.33333333333333,9.0,0
90,0,0,79.0,1.0,1
30,0,0,0.0,0.0,1
145,0,0,64.75,4.0,0
60,0,0,75.33333333333333,6.0,0
90,0,0,78.91666666666667,12.0,1
30,0,2,40.0,1.0,1
90,0,0,79.77777777777777,9.0,0
30,0,1,62.55555555555556,9.0,1
60,0,2,61.30769230769231,13.0,1
60,0,1,0.0,0.0,1
90,0,0,63.0,4.0,1
30,0,2,59.5,18.0,0
135,0,1,64.8,5.0,1
120,0,2,0.0,0.0,1
60,0,2,0.0,0.0,1
60,0,1,66.0,1.0,1
60,0,2,59.0,7.0,1
60,0,1,71.78571428571429,14.0,1
150,0,2,80.0,1.0,1
60,0,2,0.0,0.0,1
150,0,0,58.75,8.0,0
30,0,1,65.875,8.0,0
60,0,0,77.0,1.0,1
30,0,2,94.66666666666669,9.0,0
90,0,0,0.0,0.0,1
60,0,0,93.83333333333331,6.0,0
90,0,0,0.0,0.0,1
90,0,0,10.0,1.0,1
60,0,2,82.53846153846153,13.0,0
90,0,0,86.45454545454545,11.0,1
30,0,0,64.5,2.0,1
30,0,0,95.11111111111111,9.0,0
150,0,1,0.0,0.0,1
30,0,0,66.0,4.0,0
30,0,1,52.55555555555556,9.0,0
60,0,0,0.0,1.0,1
60,0,4,88.9090909090909,22.0,0
90,0,2,50.0,9.0,0
60,0,0,35.857142857142854,7.0,1
90,0,2,29.33333333333333,6.0,1
90,0,1,98.77777777777776,9.0,0
90,0,0,57.0,2.0,1
90,0,2,76.0,2.0,1
120,0,2,33.0,2.0,1
150,0,2,78.6,5.0,1
60,0,0,50.0,9.0,0
30,0,1,86.6,5.0,0
30,0,1,86.8,5.0,1
210,0,0,38.0,2.0,1
150,0,2,0.0,0.0,1
60,0,2,76.23076923076923,13.0,1
150,0,2,59.66666666666666,6.0,1
30,0,0,38.0,5.0,1
30,0,0,0.0,0.0,1
30,0,0,67.4,5.0,0
30,0,2,79.875,8.0,0
90,0,0,80.0,1.0,1
90,0,2,62.333333333333336,9.0,1
150,0,0,0.0,0.0,1
80,0,0,90.875,8.0,0
90,0,2,46.75,4.0,1
120,0,2,85.85714285714286,21.0,0
60,0,0,57.0,1.0,1
30,0,0,48.44444444444444,9.0,1
90,0,2,78.5,4.0,1
270,0,0,0.0,0.0,1
90,0,2,0.0,0.0,1
60,0,0,75.92307692307692,13.0,0
60,0,0,77.88888888888889,9.0,0
60,0,2,88.9090909090909,22.0,0
60,0,0,0.0,0.0,1
90,0,0,85.0,12.0,1
30,0,2,100.0,1.0,1
30,0,0,0.0,0.0,1
30,0,2,39.0,1.0,1
90,0,2,58.0,5.0,1
60,0,2,40.0,1.0,1
60,0,0,75.0,6.0,1
30,0,1,68.53846153846153,13.0,1
30,0,0,0.0,0.0,1
60,0,0,62.66666666666666,3.0,1
30,0,1,50.0,2.0,1
30,0,1,78.25,4.0,0
30,0,1,92.17647058823528,17.0,0
30,0,1,77.44444444444444,9.0,0
90,0,0,80.6875,16.0,1
40,0,0,97.33333333333331,9.0,0
30,0,2,30.0,1.0,1
150,0,0,85.5,8.0,1
60,0,1,31.6,5.0,1
90,0,0,44.0,8.0,1
120,0,0,66.6,5.0,0
60,0,0,31.6,10.0,1
60,0,0,66.85714285714286,7.0,0
60,0,1,70.2,5.0,1
90,0,0,70.5,8.0,0
60,0,2,72.5,6.0,1
120,0,1,71.0,4.0,1
60,0,0,60.0,1.0,1
60,0,2,66.85714285714286,7.0,0
60,0,1,0.0,0.0,1
90,0,0,92.11111111111111,9.0,0
30,0,1,100.0,9.0,0
60,0,1,79.625,8.0,0
90,0,0,79.66666666666667,3.0,1
30,0,0,91.6,5.0,0
30,0,1,72.88888888888889,9.0,0
60,0,0,67.2,5.0,0
45,0,2,83.11111111111111,9.0,0
90,0,4,51.92307692307692,13.0,1
60,0,2,66.0,1.0,1
120,0,0,72.33333333333333,9.0,0
60,0,1,62.0,12.0,1
30,0,2,61.66666666666666,3.0,1
90,0,0,96.55555555555556,9.0,0
60,0,2,0.0,0.0,1
90,0,0,53.66666666666666,9.0,0
90,0,0,56.0,7.0,1
60,0,0,74.125,8.0,0
90,0,0,64.5,2.0,1
90,0,0,10.0,1.0,1
60,0,0,82.53846153846153,13.0,0
60,0,0,0.0,0.0,1
90,0,2,50.0,1.0,1
30,0,0,60.85714285714285,7.0,0
75,0,2,0.0,0.0,1
180,0,0,63.75,8.0,1
120,0,4,77.1875,16.0,0
60,0,0,0.0,0.0,1
60,0,1,65.11111111111111,9.0,1
170,0,0,0.0,0.0,1
30,0,2,48.833333333333336,6.0,1
100,0,2,0.0,0.0,1
30,0,0,47.16666666666666,6.0,1
60,0,2,77.71428571428571,7.0,1
180,0,2,61.38461538461539,13.0,1
120,0,2,0.0,0.0,1
60,0,0,0.0,0.0,1
30,0,1,92.85714285714286,7.0,0
90,0,1,93.4375,16.0,0
60,0,4,96.76923076923076,13.0,0
60,0,2,0.0,0.0,1
90,0,2,76.76923076923077,13.0,1
30,0,1,20.0,1.0,1
70,0,1,66.26666666666667,15.0,1
60,0,2,66.8,5.0,1
120,0,0,0.0,0.0,1
60,0,0,77.0,13.0,0
45,0,2,0.0,0.0,1
210,0,2,11.0,1.0,1
130,0,2,63.42857142857143,14.0,1
120,0,0,76.6086956521739,23.0,1
30,0,2,77.625,16.0,0
120,0,0,34.5,6.0,1
90,0,0,77.4375,16.0,0
30,0,4,51.0,4.0,1
60,0,0,10.0,1.0,1
60,0,0,46.77777777777778,9.0,1
60,0,0,86.0,5.0,1
30,0,2,0.0,0.0,1
60,0,0,90.3076923076923,13.0,0
90,0,1,52.0,3.0,1
60,0,2,57.5,2.0,1
90,0,2,63.266666666666666,15.0,1
30,0,2,79.2,5.0,0
60,0,2,73.44444444444444,9.0,0
60,0,1,65.3076923076923,13.0,0
60,0,4,58.46153846153846,13.0,1
90,0,1,0.0,0.0,1
60,0,0,75.0,13.0,0
120,0,0,34.666666666666664,3.0,1
120,0,2,0.0,0.0,1
30,0,2,46.0,1.0,1
30,0,1,80.33333333333333,12.0,1
60,0,2,37.0,2.0,1
30,0,0,50.0,1.0,1
90,0,1,80.55555555555556,9.0,0
30,0,2,84.77777777777777,9.0,0
60,0,2,0.0,0.0,1
60,0,2,55.2,5.0,1
30,0,0,86.85714285714286,7.0,0
60,0,3,30.0,1.0,1
90,0,1,45.9,10.0,1
60,0,0,80.33333333333333,12.0,1
60,0,1,67.0,3.0,1
180,0,0,63.0,3.0,1
90,0,2,0.0,0.0,1
60,0,2,0.0,0.0,1
60,0,0,57.0,6.0,1
45,0,0,76.4,5.0,1
150,0,2,21.5,2.0,1
60,0,1,91.91304347826087,23.0,0
30,0,2,75.66666666666667,9.0,0
90,0,0,70.0,1.0,1
60,0,2,76.0,9.0,0
60,0,0,43.8,5.0,1
120,0,0,78.42857142857143,7.0,1
60,0,1,62.0,2.0,1
90,0,0,76.8,20.0,0
60,0,2,89.5,2.0,1
90,0,2,41.333333333333336,3.0,1
150,0,2,0.0,0.0,1
60,0,3,73.0,5.0,0
90,0,0,78.0,1.0,1
90,0,1,85.61904761904762,21.0,0
60,0,0,73.5,12.0,0
180,0,0,58.625,8.0,1
30,0,0,86.22222222222223,9.0,0
30,0,2,66.5,4.0,1
120,0,2,40.0,1.0,1
60,0,2,40.0,1.0,1
60,0,3,0.0,0.0,1
60,0,0,44.0,1.0,1
30,0,0,41.11111111111112,9.0,1
90,0,2,46.66666666666666,9.0,0
120,0,0,0.0,0.0,1
60,0,2,76.2,5.0,0
90,0,0,74.66666666666667,9.0,0
75,0,2,87.76923076923077,13.0,0
60,0,0,61.0,9.0,0
150,0,2,45.71428571428572,7.0,1
120,0,2,41.0,2.0,1
60,0,0,57.66666666666666,3.0,1
120,0,1,0.0,0.0,1
60,0,2,75.16666666666667,6.0,1
60,0,0,52.4,5.0,1
30,0,0,37.8,5.0,1
60,0,2,0.0,0.0,1
60,0,2,4.0,1.0,1
30,0,2,62.66666666666666,3.0,1
30,0,0,56.41666666666666,12.0,1
60,0,0,57.22222222222222,9.0,0
180,0,0,83.0,12.0,1
30,0,1,41.5,2.0,1
60,0,0,94.25,4.0,1
120,0,0,89.0,1.0,1
60,0,0,73.61111111111111,18.0,0
60,0,2,77.4,5.0,0
60,0,2,52.66666666666666,6.0,1
60,0,2,0.0,0.0,1
30,0,2,33.5,2.0,1
60,0,0,87.0,3.0,1
60,0,2,50.66666666666666,9.0,1
90,0,1,0.0,0.0,1
30,0,1,41.11111111111112,9.0,1
60,0,1,0.0,0.0,1
60,0,0,57.55555555555556,18.0,1
60,0,0,70.85714285714286,14.0,1
30,0,0,50.888888888888886,9.0,1
30,0,2,88.0,2.0,1
30,0,1,20.5,2.0,1
120,0,0,43.5,4.0,1
30,0,0,63.375,8.0,0
150,0,2,19.0,1.0,1
60,0,1,94.47826086956522,23.0,0
90,0,2,60.66666666666666,3.0,1
60,0,0,68.22222222222223,9.0,0
60,0,2,42.2,10.0,1
90,0,0,44.11111111111112,9.0,1
60,0,0,34.2,5.0,1
60,0,0,0.0,0.0,1
30,0,1,80.0,2.0,1
90,0,0,52.66666666666666,3.0,1
60,0,1,78.46153846153847,13.0,0
90,0,0,87.5,8.0,1
90,0,2,100.0,1.0,1
30,0,2,88.55555555555556,9.0,0
60,0,1,0.0,0.0,1
60,0,4,80.47619047619048,21.0,0
30,0,1,62.5,2.0,1
60,0,1,67.0,9.0,0
60,0,0,78.33333333333333,3.0,1
30,0,0,0.0,0.0,1
120,0,0,64.85714285714286,7.0,1
120,0,0,0.0,0.0,1
60,0,0,65.0,9.0,0
150,0,0,72.625,16.0,0
30,0,0,0.0,0.0,1
120,0,2,94.8,5.0,0
60,0,0,50.16666666666666,6.0,1
30,0,4,86.88888888888889,9.0,0
90,0,1,73.6,5.0,1
60,0,2,67.6,5.0,1
60,0,1,78.33333333333333,3.0,1
60,0,0,65.0,5.0,0
60,0,0,61.333333333333336,3.0,1
150,0,0,38.0,2.0,1
30,0,4,93.4,5.0,0
60,0,2,87.75,4.0,1
60,0,0,88.11111111111111,9.0,0
90,0,2,78.85714285714286,14.0,1
60,0,2,73.5,2.0,1
90,0,0,79.88888888888889,9.0,1
60,0,2,0.0,0.0,1
30,0,0,80.0,1.0,1
90,0,1,10.0,1.0,1
60,0,2,87.17391304347827,23.0,0
60,0,0,73.0,9.0,0
30,0,0,60.0,1.0,1
60,0,0,64.0,3.0,1
60,0,0,78.7,10.0,0
180,0,2,27.0,3.0,1
60,0,2,65.33333333333333,6.0,0
60,0,2,93.0,13.0,0
30,0,2,68.0,9.0,0
60,0,0,20.0,1.0,1
60,0,0,88.75,8.0,0
40,0,2,97.77777777777776,9.0,0
60,0,2,54.0,1.0,1
90,0,0,0.0,0.0,1
150,0,1,68.2,5.0,0
60,0,0,77.44444444444444,9.0,0
60,0,2,59.375,8.0,0
60,0,0,20.0,1.0,1
60,0,0,66.6,5.0,1
30,0,0,70.0,9.0,0
60,0,2,60.66666666666666,9.0,1
60,0,0,64.0,8.0,0
60,0,0,47.6,5.0,0
90,0,0,0.0,0.0,1
60,0,0,0.0,0.0,1
60,0,1,98.88888888888889,9.0,0
90,0,0,75.875,16.0,0
60,0,0,52.22222222222222,9.0,1
60,0,2,20.0,1.0,1
120,0,0,54.66666666666666,9.0,0
60,0,0,72.88888888888889,9.0,0
60,0,2,49.75,4.0,1
30,0,1,0.0,0.0,1
30,0,1,70.93333333333334,15.0,1
30,0,0,30.0,1.0,1
60,0,2,89.88888888888889,9.0,0
60,0,0,76.8,5.0,0
60,0,0,82.77272727272727,22.0,0
120,0,0,76.25,4.0,1
60,0,2,63.55555555555556,9.0,1
60,0,1,78.0,7.0,0
60,0,0,57.25,8.0,1
90,0,1,45.18181818181818,11.0,1
90,0,1,30.0,1.0,1
90,0,1,57.333333333333336,6.0,1
60,0,2,55.11111111111112,9.0,1
120,0,0,81.0,17.0,0
60,0,2,83.33333333333333,3.0,1
90,0,1,98.44444444444444,9.0,0
30,0,0,78.11111111111111,9.0,0
60,0,2,84.0,5.0,1
90,0,2,36.0,5.0,1
60,0,1,79.4,5.0,0
60,0,0,73.8,5.0,1
90,0,0,57.25,16.0,0
60,0,0,79.78260869565217,23.0,0
90,0,2,57.0,5.0,1
60,0,1,66.1304347826087,23.0,1
30,0,2,10.0,1.0,1
30,0,2,46.11111111111112,9.0,0
120,0,0,60.0,1.0,1
150,0,0,0.0,0.0,1
30,0,2,68.0,1.0,1
90,0,1,74.55555555555556,9.0,0
30,0,0,16.0,3.0,1
60,0,2,52.0,15.0,1
60,0,2,22.0,5.0,1
90,0,1,70.0,14.0,0
30,0,2,0.0,0.0,1
30,0,1,69.6,5.0,0
150,0,2,73.22222222222223,9.0,1
120,0,2,45.25,8.0,1
120,0,2,52.13636363636363,22.0,1
30,0,1,85.35,20.0,0
180,0,1,10.0,1.0,1
60,0,1,70.0909090909091,11.0,1
60,0,0,94.5,4.0,1
30,0,1,0.0,0.0,1
60,0,1,0.0,0.0,1
30,0,0,72.44444444444444,9.0,0
90,0,2,0.0,0.0,1
30,0,2,0.0,1.0,1
30,0,0,71.0,15.0,1
90,0,1,96.0,23.0,0
60,0,0,82.9090909090909,22.0,0
90,0,0,83.66666666666667,3.0,1
60,0,2,53.125,16.0,1
90,0,0,82.0,24.0,0
60,0,2,56.0,22.0,1
60,0,0,79.5,6.0,1
90,0,0,89.93333333333334,15.0,1
30,0,0,54.0,15.0,1
90,0,2,71.1,10.0,1
60,0,2,78.85714285714286,7.0,1
60,0,0,54.15,20.0,1
30,0,2,85.35,20.0,1
60,0,2,26.0,1.0,1
60,0,0,92.44444444444444,9.0,0
90,0,1,43.6,5.0,0
60,0,2,92.2,5.0,1
60,0,2,83.91304347826087,23.0,0
60,0,1,0.0,0.0,1
60,0,0,69.2,5.0,1
30,0,0,30.0,1.0,1
60,0,1,69.25,8.0,1
60,0,0,0.0,0.0,1
90,0,2,69.6,5.0,0
60,0,0,42.25,8.0,1
60,0,0,55.0,13.0,1
60,0,2,0.0,0.0,1
90,0,1,0.0,0.0,1
90,0,0,64.85714285714286,7.0,0
60,0,0,73.0,2.0,1
60,0,2,75.72727272727273,11.0,0
30,0,0,0.0,0.0,1
120,0,0,82.80952380952381,21.0,1
60,0,2,65.06666666666666,15.0,1
90,0,0,67.33333333333333,9.0,0
90,0,0,86.1875,16.0,0
60,0,0,55.16666666666666,6.0,1
60,0,0,94.21739130434784,23.0,0
60,0,2,10.0,1.0,1
60,0,0,77.0,13.0,0
60,0,1,72.44444444444444,9.0,0
120,0,0,0.0,0.0,1
90,0,0,40.88235294117647,17.0,1
90,0,0,63.38461538461539,13.0,1
30,0,1,0.0,0.0,1
30,0,1,98.33333333333331,9.0,0
60,0,1,98.66666666666669,3.0,1
90,0,3,67.0909090909091,11.0,1
30,0,0,58.66666666666666,3.0,1
60,0,0,65.5,2.0,1
210,0,2,0.0,0.0,1
30,0,0,51.13333333333333,15.0,1
120,0,2,48.75,4.0,1
30,0,1,66.0,1.0,1
60,0,1,97.6,5.0,0
30,0,1,99.33333333333331,9.0,0
60,0,0,77.52173913043478,23.0,0
60,0,0,79.34782608695652,23.0,0
60,0,0,78.05,20.0,1
60,0,4,75.5,8.0,0
120,0,0,58.55,20.0,1
60,0,0,75.0,3.0,1
90,0,0,62.333333333333336,3.0,1
90,0,0,87.125,8.0,0
90,0,0,58.0625,16.0,1
60,0,0,77.3529411764706,17.0,1
150,0,0,59.25,8.0,1
90,0,0,72.375,8.0,1
30,0,0,74.55555555555556,9.0,0
120,0,0,42.888888888888886,9.0,0
90,0,2,57.66666666666666,9.0,0
60,0,0,80.6875,16.0,0
120,0,2,62.2,5.0,1
30,0,0,49.625,8.0,1
60,0,2,24.0,2.0,1
60,0,2,34.166666666666664,6.0,1
60,0,2,56.285714285714285,14.0,1
60,0,1,70.0,1.0,1
30,0,0,91.6153846153846,13.0,0
60,0,0,79.58333333333333,12.0,1
90,0,0,9.333333333333334,3.0,1
150,0,2,66.57142857142857,7.0,0
60,0,0,96.44444444444444,9.0,0
120,0,0,92.5,12.0,0
90,0,1,76.4,5.0,0
60,0,2,80.0,1.0,1
60,0,0,88.0,1.0,1
60,0,0,79.85714285714286,21.0,0
60,0,0,60.0,13.0,1
30,0,2,65.2,5.0,0
60,0,2,72.82608695652173,23.0,1
90,0,2,76.07692307692308,13.0,1
90,0,2,67.6923076923077,13.0,0
90,0,1,53.07142857142857,14.0,1
30,0,2,63.0,5.0,0
60,0,0,71.22222222222223,9.0,0
60,0,0,67.22222222222223,9.0,0
30,0,1,38.0,2.0,1
90,0,0,52.55555555555556,9.0,0
60,0,2,91.8,5.0,0
30,0,2,40.0,1.0,1
90,0,0,0.0,0.0,1
60,0,0,56.333333333333336,3.0,1
60,0,2,75.83333333333333,6.0,1
60,0,2,91.33333333333331,9.0,0
30,0,2,88.38888888888889,18.0,0
60,0,0,69.5,6.0,1
60,0,1,87.65217391304348,23.0,0
60,0,0,26.5,2.0,1
60,0,0,83.5,4.0,1
30,0,0,61.77777777777778,9.0,0
30,0,0,75.64285714285714,14.0,1
30,0,2,0.0,0.0,1
60,0,4,71.14285714285714,14.0,1
90,0,1,0.0,0.0,1
120,0,1,47.8,5.0,1
60,0,4,43.0,2.0,1
180,0,2,59.333333333333336,3.0,1
60,0,0,61.0,2.0,1
30,0,1,85.0,8.0,0
30,0,2,56.77777777777778,9.0,0
30,0,0,83.23076923076923,13.0,1
90,0,0,52.82608695652174,23.0,1
60,0,2,35.5,6.0,1
30,0,2,71.38461538461539,13.0,1
30,0,2,71.8695652173913,23.0,0
60,0,1,72.85714285714286,21.0,0
60,0,2,81.25,4.0,1
60,0,2,73.0,1.0,1
30,0,0,69.04347826086956,23.0,0
60,0,2,92.04347826086956,23.0,0
90,0,0,82.57142857142857,7.0,0
60,0,2,62.5,14.0,1
60,0,0,50.0,1.0,1
60,0,4,77.23076923076923,13.0,0
60,0,1,75.92307692307692,13.0,0
90,0,0,76.84615384615384,13.0,0
120,0,0,43.0,3.0,1
120,0,0,70.2,5.0,0
90,0,3,49.333333333333336,3.0,1
60,0,1,66.3,10.0,0
60,0,0,58.083333333333336,12.0,0
90,0,0,0.0,0.0,1
90,0,0,30.0,1.0,1
90,0,0,65.15384615384616,13.0,0
60,0,0,54.333333333333336,6.0,1
120,0,2,69.0,1.0,1
60,0,2,0.0,0.0,1
120,0,2,77.4,5.0,1
60,0,1,0.0,0.0,1
150,0,0,88.0,4.0,1
30,0,1,96.85714285714286,7.0,0
60,0,0,77.0,2.0,1
60,0,2,70.66666666666667,9.0,1
120,0,0,54.125,16.0,1
60,0,0,79.92307692307692,13.0,0
60,0,0,85.83333333333333,12.0,0
90,0,0,62.6,5.0,1
60,0,2,72.2,5.0,0
90,0,1,0.0,0.0,1
90,0,0,86.33333333333333,3.0,0
90,0,2,76.66666666666667,3.0,1
60,0,0,47.0,2.0,1
60,0,1,37.5,2.0,1
120,0,0,89.66666666666667,21.0,0
30,0,0,91.04761904761904,21.0,0
30,0,0,93.9047619047619,21.0,0
120,0,2,69.33333333333333,9.0,1
120,0,0,74.15,20.0,0
120,0,2,88.2,15.0,1
150,0,0,74.57142857142857,7.0,1
120,0,0,40.0,1.0,1
60,0,2,69.5,2.0,1
60,0,3,50.66666666666666,6.0,0
60,0,0,74.33333333333333,3.0,1
60,0,0,15.0,2.0,1
90,0,0,68.0625,16.0,0
60,0,2,60.4,5.0,0
60,0,3,65.1,10.0,1
60,0,1,81.0,4.0,1
30,0,1,98.66666666666669,9.0,0
60,0,2,72.83333333333333,6.0,1
60,0,2,0.0,0.0,1
60,0,0,0.0,0.0,1
60,0,2,64.5,2.0,1
90,0,1,96.66666666666669,6.0,0
90,0,2,68.5,4.0,1
90,0,2,0.0,0.0,1
120,0,0,88.35714285714286,14.0,0
120,0,2,55.5,4.0,1
120,0,2,77.95238095238095,21.0,0
150,0,1,72.42105263157895,19.0,1
120,0,0,64.66666666666667,3.0,1
90,0,2,51.0,3.0,1
90,0,1,70.6923076923077,13.0,0
120,0,0,44.642857142857146,14.0,1
90,0,2,25.5,2.0,1
60,0,0,88.4,5.0,0
60,0,0,73.23076923076923,13.0,0
90,0,0,89.25,16.0,0
60,0,0,66.46153846153847,13.0,0
120,0,0,48.0,1.0,1
90,0,2,61.16666666666666,6.0,1
90,0,0,77.3125,16.0,1
60,0,2,39.0,2.0,1
60,0,2,62.75,12.0,0
120,0,2,74.16666666666667,12.0,0
60,0,1,55.5,4.0,1
60,0,0,64.23076923076923,13.0,0
60,0,0,61.0,7.0,1
60,0,2,0.0,0.0,1
90,0,0,66.0,3.0,1
180,0,1,85.66666666666667,6.0,1
150,0,2,50.0,1.0,1
30,0,1,95.44444444444444,9.0,0
120,0,0,77.0,16.0,1
90,0,0,67.16666666666667,6.0,1
120,0,0,43.8,5.0,1
90,0,0,81.9375,16.0,1
90,0,1,0.0,0.0,1
150,0,2,0.0,0.0,1
240,0,2,82.0,1.0,1
90,0,0,87.85714285714286,7.0,0
90,0,2,85.4,5.0,1
60,0,0,75.9,10.0,1
120,0,0,60.0,1.0,1
90,0,2,48.0,4.0,1
60,0,1,82.0,4.0,1
60,0,0,82.0,4.0,1
60,0,2,71.53846153846153,13.0,0
130,0,1,77.0,13.0,0
90,0,0,80.33333333333333,9.0,0
150,0,0,85.71428571428571,7.0,0
120,0,1,79.16666666666667,6.0,1
120,0,0,92.625,16.0,0
120,0,0,91.6923076923077,13.0,0
120,0,0,76.0,6.0,0
60,0,0,57.61538461538461,13.0,1
120,0,0,91.42105263157896,19.0,0
90,0,1,58.75,8.0,1
90,0,1,88.1875,16.0,0
60,0,0,86.2,5.0,0
60,0,2,64.76923076923077,13.0,1
60,0,0,50.0,1.0,1
120,0,2,0.0,0.0,1
120,0,1,78.53333333333333,15.0,0
90,0,0,61.25,4.0,1
90,0,0,84.16666666666667,6.0,0
120,0,2,0.0,0.0,1
60,0,0,71.75,12.0,1
90,0,2,0.0,0.0,1
60,0,0,68.55555555555556,9.0,1
120,0,0,83.11111111111111,9.0,0
120,0,2,46.142857142857146,7.0,1
60,0,0,53.16666666666666,6.0,1
150,0,0,69.33333333333333,9.0,0
180,0,0,55.2,10.0,1
90,0,0,79.6875,16.0,0
135,0,2,50.45454545454545,11.0,0
90,0,1,86.5,2.0,1
180,0,2,0.0,0.0,1
90,0,2,81.6,5.0,1
60,0,1,80.76923076923077,13.0,0
150,0,2,67.0,8.0,1
120,0,0,62.125,8.0,0
120,0,2,65.25,8.0,1
90,0,1,68.25,4.0,1
60,0,1,82.0,9.0,0
90,0,1,61.2,5.0,1
60,0,0,65.25,4.0,1
120,0,0,21.0,2.0,1
90,0,0,76.28571428571429,21.0,0
150,0,0,61.5625,16.0,1
90,0,2,0.0,0.0,1
90,0,1,94.6,5.0,0
120,0,0,71.94117647058823,17.0,0
60,0,2,59.5,6.0,1
60,0,2,0.0,0.0,1
90,0,2,72.77777777777777,9.0,1
90,0,0,66.19047619047619,21.0,1
60,0,2,75.5,6.0,1
60,0,0,41.833333333333336,6.0,1
90,0,2,80.375,16.0,0
90,0,1,86.9047619047619,21.0,0
60,0,1,82.07692307692308,13.0,0
180,0,2,93.33333333333331,3.0,1
60,0,0,85.66666666666667,9.0,0
60,0,1,76.6923076923077,13.0,0
60,0,2,93.5,4.0,1
30,0,0,96.44444444444444,9.0,0
150,0,0,56.75,8.0,1
60,0,1,76.33333333333333,12.0,0
150,0,0,0.0,0.0,1
120,0,1,63.2,20.0,0
120,0,0,87.75,12.0,1
120,0,0,66.2,5.0,1
180,0,2,0.0,0.0,1
120,0,2,0.0,0.0,1
90,0,1,75.04347826086956,23.0,1
60,0,0,0.0,0.0,1
60,0,0,67.85714285714286,7.0,0
120,0,1,90.8,5.0,1
90,0,1,76.0,9.0,0
90,0,4,94.61904761904762,21.0,0
120,0,0,83.14285714285714,21.0,0
60,0,0,95.6923076923077,13.0,0
60,0,0,84.61538461538461,13.0,0
60,0,1,82.25,4.0,1
60,0,0,85.61538461538461,13.0,0
60,0,0,77.8,5.0,1
60,0,1,81.75,4.0,1
90,0,0,96.28571428571428,14.0,0
90,0,0,81.33333333333333,6.0,0
90,0,4,86.63636363636364,11.0,1
90,0,0,67.66666666666667,3.0,1
60,0,2,0.0,0.0,1
60,0,0,90.66666666666669,3.0,1
60,0,2,0.0,0.0,1
60,0,0,51.25,4.0,1
120,0,0,79.15384615384616,13.0,1
120,0,0,53.66666666666666,9.0,1
90,0,1,68.33333333333333,6.0,1
60,0,2,68.75,8.0,1
90,0,0,81.0,4.0,1
90,0,2,77.125,8.0,1
120,0,1,0.0,0.0,1
60,0,0,0.0,0.0,1
90,0,2,50.63636363636363,11.0,1
120,0,2,91.38095238095238,21.0,0
60,0,2,79.5,2.0,1
60,0,0,88.33333333333333,9.0,0
60,0,0,85.0,13.0,0
90,0,2,0.0,0.0,1
60,0,2,75.4,5.0,1
240,0,2,74.66666666666667,3.0,1
90,0,2,51.125,16.0,1
120,0,0,98.3076923076923,13.0,0
60,0,2,70.92307692307692,13.0,1
90,0,2,65.8,15.0,0
90,0,2,63.125,8.0,1
120,0,0,37.75,4.0,1
30,0,1,91.0,9.0,0
60,0,1,70.53846153846153,13.0,0
30,0,1,50.0,2.0,1
90,0,1,67.84615384615384,13.0,0
60,0,2,0.0,0.0,1
150,0,0,89.5,16.0,0
60,0,2,68.4,5.0,1
60,0,1,34.5,4.0,1
120,0,1,73.5,4.0,0
120,0,2,59.0,2.0,1
60,0,0,0.0,0.0,1
90,0,2,0.0,0.0,1
60,0,1,56.61538461538461,13.0,1
90,0,2,84.8,5.0,0
60,0,0,95.0,2.0,1
60,0,0,98.55555555555556,9.0,0
60,0,0,10.0,1.0,1
60,0,0,73.2,5.0,1
90,0,0,0.0,0.0,1
60,0,2,59.0,5.0,1
120,0,1,0.0,0.0,1
60,0,1,77.5,4.0,1
120,0,0,85.57142857142857,7.0,1
60,0,2,70.5,6.0,1
90,0,2,0.0,0.0,1
60,0,0,45.5,8.0,1
90,0,0,65.85714285714286,7.0,1
60,0,2,64.0,4.0,1
60,0,0,96.6153846153846,13.0,0
60,0,1,92.0,13.0,0
60,0,2,56.66666666666666,6.0,1
60,0,1,54.0,2.0,1
90,0,2,56.85714285714285,7.0,1
60,0,0,86.0,1.0,1
150,0,0,80.0,1.0,1
60,0,2,90.44444444444444,9.0,0
120,0,0,59.38095238095238,21.0,1
120,0,1,46.94736842105263,19.0,1
90,0,2,64.78947368421052,19.0,1
60,0,2,73.44444444444444,9.0,0
120,0,0,0.0,1.0,1
150,0,0,66.8125,16.0,1
120,0,0,0.0,1.0,1
90,0,0,10.0,1.0,1
60,0,1,0.0,0.0,1
120,0,0,78.66666666666667,3.0,1
60,0,0,71.44444444444444,9.0,1
60,0,0,0.0,0.0,1
30,0,1,76.88888888888889,9.0,0
60,0,0,77.44444444444444,9.0,0
120,0,1,95.0,2.0,1
90,0,1,0.0,0.0,1
240,0,1,67.21052631578948,19.0,1
60,0,1,95.75,12.0,0
60,0,1,99.2,5.0,0
90,0,0,0.0,0.0,1
120,0,0,77.57142857142857,14.0,0
60,0,0,66.75,4.0,1
60,0,0,65.6,5.0,0
60,0,2,31.2,5.0,1
90,0,1,87.61904761904762,21.0,0
60,0,0,73.55555555555556,9.0,0
60,0,0,91.77777777777776,9.0,0
90,0,1,83.38095238095238,21.0,0
90,0,0,69.8,5.0,1
60,0,0,63.75,4.0,1
60,0,0,74.9,10.0,0
60,0,2,90.0,1.0,1
90,0,0,79.2,5.0,1
60,0,1,88.8,5.0,1
120,0,0,67.95238095238095,21.0,1
30,0,4,81.44444444444444,9.0,0
90,0,2,59.333333333333336,15.0,1
90,0,2,0.0,0.0,1
120,0,0,73.23809523809524,21.0,0
90,0,1,85.66666666666667,9.0,0
60,0,0,92.53846153846152,13.0,0
120,0,0,0.0,0.0,1
90,0,0,42.0,3.0,1
60,0,2,63.57142857142857,7.0,1
60,0,0,59.0,10.0,1
90,0,0,64.125,16.0,0
120,0,0,59.375,8.0,1
60,0,0,68.88888888888889,9.0,1
60,0,0,82.66666666666667,9.0,0
120,0,1,87.23809523809524,21.0,0
120,0,0,62.1875,16.0,0
60,0,2,66.0,5.0,1
120,0,2,52.0,1.0,1
105,0,0,68.28571428571429,7.0,1
240,0,2,65.77777777777777,9.0,0
60,0,0,71.0,1.0,1
60,0,2,74.0,2.0,1
240,0,1,66.91666666666667,12.0,1
90,0,0,58.06666666666667,15.0,0
120,0,2,44.8,5.0,0
90,0,2,64.18181818181819,11.0,1
60,0,0,0.0,0.0,1
60,0,2,81.5,4.0,1
90,0,0,70.14285714285714,14.0,0
120,0,2,70.16666666666667,6.0,1
120,0,0,66.0,1.0,1
240,0,0,98.11111111111111,9.0,0
90,0,0,84.6,5.0,1
120,0,1,61.05263157894737,19.0,0
60,0,1,83.84615384615384,13.0,0
60,0,0,77.38461538461539,13.0,0
120,0,3,58.333333333333336,3.0,1
90,0,0,63.66666666666666,3.0,1
90,0,2,90.625,16.0,0
60,0,0,0.0,0.0,1
120,0,0,49.55555555555556,9.0,1
90,0,0,69.25,8.0,1
90,0,0,84.8,5.0,1
90,0,2,77.75,4.0,1
120,0,0,0.0,0.0,1
90,0,2,34.0,1.0,1
90,0,2,78.57142857142857,21.0,0
60,0,0,94.0,2.0,1
60,0,2,86.75,4.0,1
90,0,2,60.0,5.0,1
60,0,0,50.333333333333336,3.0,1
150,0,1,80.6923076923077,13.0,0
60,0,2,0.0,0.0,1
60,0,0,86.55555555555556,9.0,0
90,0,0,63.1,10.0,1
60,0,0,42.71428571428572,7.0,1
60,0,1,55.0,3.0,1
60,0,0,70.53846153846153,13.0,0
120,0,1,63.2,10.0,1
60,0,0,66.6,5.0,1
60,0,0,81.0,6.0,1
180,0,2,96.4,5.0,0
180,0,2,68.58333333333333,12.0,1
90,0,1,0.0,0.0,1
90,0,0,0.0,0.0,1
90,0,1,58.4,5.0,1
60,0,0,80.46153846153847,13.0,0
90,0,2,10.0,1.0,1
60,0,0,68.46153846153847,13.0,0
90,0,1,68.38461538461539,13.0,1
60,0,0,58.66666666666666,6.0,1
90,0,1,76.3076923076923,13.0,0
30,0,0,75.4,5.0,0
210,0,0,0.0,0.0,1
90,0,1,87.2,5.0,1
60,0,0,79.66666666666667,6.0,0
30,0,1,46.888888888888886,9.0,0
60,0,2,38.142857142857146,7.0,1
30,0,4,99.33333333333331,9.0,0
60,0,1,71.4,5.0,1
60,0,0,81.8,10.0,0
90,0,0,98.0,2.0,1
60,0,1,74.55555555555556,9.0,1
60,0,0,84.75,4.0,1
90,0,0,0.0,0.0,1
60,0,0,70.14285714285714,7.0,1
60,0,4,60.15384615384615,13.0,1
210,0,0,0.0,0.0,1
90,0,2,81.4375,16.0,0
90,0,0,66.88888888888889,9.0,0
90,0,0,0.0,0.0,1
60,0,2,71.5,6.0,1
60,0,2,0.0,0.0,1
60,0,1,67.15384615384616,13.0,0
90,0,0,69.0,1.0,1
60,0,0,85.375,8.0,1
120,0,2,0.0,0.0,1
60,0,0,52.125,8.0,1
60,0,1,82.2,5.0,0
60,0,0,0.0,0.0,1
60,0,0,0.0,0.0,1
60,0,0,74.42857142857143,14.0,1
120,0,0,0.0,0.0,1
60,0,2,71.3076923076923,13.0,0
90,0,0,57.0,2.0,1
120,0,2,73.22222222222223,9.0,0
90,0,2,0.0,0.0,1
90,0,0,57.5,4.0,1
120,0,1,0.0,0.0,1
90,0,0,84.15384615384616,13.0,0
60,0,2,63.61538461538461,13.0,1
60,0,1,76.42857142857143,7.0,0
75,0,1,0.0,0.0,1
90,0,1,79.0,15.0,0
60,0,0,70.05555555555556,18.0,1
90,0,0,83.8125,16.0,0
90,0,1,91.42857142857144,21.0,0
60,0,0,87.07692307692308,13.0,0
90,0,0,80.5625,16.0,0
60,0,0,0.0,0.0,1
60,0,2,0.0,0.0,1
60,0,0,81.66666666666667,3.0,1
90,0,0,0.0,0.0,1
60,0,0,89.0,9.0,1
60,0,0,68.5,6.0,0
90,0,0,0.0,0.0,1
150,0,0,40.0,1.0,1
60,0,0,0.0,0.0,1
90,0,2,90.52380952380952,21.0,0
60,0,0,0.0,0.0,1
90,0,0,61.06666666666667,15.0,1
60,0,0,77.0,13.0,0
60,0,2,0.0,0.0,1
90,0,2,72.0,5.0,1
90,0,0,89.47619047619048,21.0,0
60,0,0,44.0,1.0,1
90,0,0,89.0,15.0,0
90,0,0,0.0,0.0,1
180,0,0,72.0,2.0,1
60,0,1,76.0,2.0,1
60,0,2,0.0,0.0,1
240,0,1,81.42857142857143,21.0,1
90,0,2,70.0,1.0,1
60,0,0,63.66666666666666,12.0,0
60,0,2,0.0,0.0,1
60,0,0,88.61538461538461,13.0,0
150,0,0,76.58333333333333,12.0,1
150,0,2,43.53846153846154,13.0,1
90,0,0,64.83333333333333,6.0,1
60,0,2,45.0,7.0,1
60,0,1,53.46153846153846,13.0,1
60,0,0,82.46153846153847,13.0,0
60,0,2,80.16666666666667,6.0,0
60,0,2,33.333333333333336,3.0,1
60,0,0,65.22222222222223,9.0,1
120,0,0,0.0,0.0,1
60,0,1,82.1,10.0,1
120,0,1,66.0,6.0,1
30,0,1,64.0,4.0,0
150,0,0,0.0,0.0,1
120,0,0,74.6,20.0,1
90,0,4,97.11111111111111,9.0,0
120,0,2,49.0,7.0,1
60,0,2,93.5,6.0,1
60,0,1,83.14285714285714,7.0,0
60,0,2,69.66666666666667,6.0,1
120,0,0,92.8095238095238,21.0,0
120,0,1,0.0,0.0,1
60,0,2,86.8,5.0,1
60,0,1,54.0,4.0,1
60,0,1,28.0,2.0,1
60,0,0,80.55555555555556,9.0,0
90,0,0,97.6,5.0,0
120,0,1,69.0,8.0,1
120,0,0,51.76923076923077,13.0,1
60,0,0,0.0,0.0,1
120,0,0,77.15789473684211,19.0,0
60,0,2,70.75,4.0,1
90,0,1,90.15384615384616,13.0,1
60,0,1,77.30434782608695,23.0,1
60,0,2,91.33333333333331,3.0,1
60,0,1,76.75,12.0,0
90,0,2,76.6,5.0,1
60,0,2,0.0,0.0,1
120,0,2,80.0,1.0,1
60,0,0,79.4,5.0,1
60,0,2,86.6,5.0,0
30,0,0,69.375,8.0,0
60,0,1,60.16666666666666,12.0,0
120,0,0,0.0,0.0,1
90,0,0,47.0,4.0,1
60,0,2,49.16666666666666,6.0,1
60,0,0,81.44444444444444,9.0,0
60,0,0,0.0,0.0,1
60,0,2,20.0,1.0,1
60,0,1,84.0,1.0,1
60,0,2,63.66666666666666,3.0,1
60,0,0,79.83333333333333,12.0,0
60,0,0,64.66666666666667,3.0,1
90,0,1,0.0,0.0,1
60,0,0,97.66666666666669,9.0,0
90,0,2,47.5,2.0,1
60,0,0,78.0,9.0,1
60,0,1,85.5,4.0,1
60,0,2,0.0,0.0,1
120,0,0,0.0,0.0,1
60,0,4,93.23076923076924,13.0,0
120,0,1,0.0,0.0,1
60,0,0,95.4,5.0,1
60,0,1,0.0,0.0,1
30,0,0,0.0,0.0,1
90,0,2,0.0,0.0,1
120,0,0,20.0,1.0,1
120,0,2,79.75,4.0,1
90,0,2,72.80952380952381,21.0,1
60,0,2,70.0,10.0,0
90,0,2,0.0,0.0,1
90,0,1,76.1,20.0,0
60,0,2,70.0,1.0,1
120,0,2,76.2,15.0,1
60,0,2,0.0,1.0,1
60,0,0,59.11111111111112,9.0,1
120,0,3,49.5,10.0,1
90,0,0,68.47368421052632,19.0,1
90,0,0,93.4,5.0,0
60,0,2,20.0,2.0,1
60,0,2,83.2,5.0,0
60,0,0,77.58333333333333,12.0,0
60,0,2,30.0,1.0,1
180,0,0,65.375,8.0,0
60,0,1,20.0,1.0,1
30,0,1,0.0,0.0,1
30,0,1,81.8,5.0,0
60,0,0,0.0,0.0,1
90,0,2,44.833333333333336,6.0,1
60,0,2,92.28571428571428,14.0,1
60,0,0,48.0,12.0,1
60,0,2,71.36363636363636,11.0,0
60,0,2,0.0,0.0,1
120,0,2,0.0,0.0,1
60,0,0,60.0,1.0,1
30,0,0,85.0,9.0,0
60,0,2,83.6923076923077,13.0,0
60,0,2,91.83333333333331,12.0,0
30,0,2,56.77777777777778,9.0,0
90,0,1,56.0,15.0,0
60,0,2,0.0,0.0,1
90,0,2,0.0,0.0,1
30,0,1,55.0,2.0,1
60,0,1,50.0,1.0,1
60,0,0,51.75,4.0,1
60,0,0,92.4,5.0,0
30,0,2,70.66666666666667,9.0,0
90,0,2,73.0,3.0,1
90,0,2,38.0,3.0,1
60,0,0,0.0,0.0,1
60,0,0,71.38461538461539,13.0,0
90,0,0,75.93333333333334,15.0,1
60,0,0,56.8,5.0,1
60,0,2,87.0,1.0,1
90,0,0,76.1875,16.0,1
90,0,2,59.2,15.0,1
60,0,2,73.0,5.0,1
90,0,2,98.0,3.0,1
60,0,2,88.3076923076923,13.0,0
30,0,2,80.0,1.0,1
60,0,0,26.0,3.0,1
60,0,0,77.0909090909091,11.0,0
60,0,0,83.22222222222223,9.0,0
60,0,0,99.6,5.0,0
60,0,0,0.0,0.0,1
60,0,0,96.6,5.0,0
30,0,0,55.0,2.0,1
60,0,0,57.0,5.0,1
90,0,2,67.33333333333333,12.0,1
60,0,0,18.0,2.0,1
120,0,2,65.66666666666667,3.0,1
90,0,0,0.0,0.0,1
60,0,4,95.11111111111111,9.0,0
75,0,0,71.6,20.0,1
60,0,2,0.0,0.0,1
60,0,2,0.0,0.0,1
60,0,1,62.0,2.0,1
60,0,2,75.88888888888889,9.0,1
120,0,2,0.0,0.0,1
60,0,0,65.5,6.0,1
60,0,0,92.75,8.0,1
60,0,0,20.0,1.0,1
60,0,0,0.0,0.0,1
90,0,0,52.22222222222222,9.0,1
60,0,0,65.4,5.0,1
90,0,0,68.8125,16.0,1
60,0,0,0.0,0.0,1
60,0,2,0.0,0.0,1
60,0,2,65.8,5.0,1
60,0,0,75.44444444444444,9.0,0
90,0,0,74.23809523809524,21.0,1
90,0,2,20.0,1.0,1
60,0,2,77.25,4.0,1
120,0,0,68.25,4.0,1
90,0,0,43.18181818181818,11.0,1
30,0,4,90.11111111111111,9.0,0
60,0,2,68.58333333333333,12.0,0
60,0,1,76.25,4.0,1
60,0,1,0.0,0.0,1
120,0,2,63.0,12.0,1
90,0,1,98.0,9.0,0
60,0,0,50.0,1.0,1
120,0,0,84.11111111111111,9.0,0
30,0,4,85.125,8.0,1
30,0,0,40.0,1.0,1
90,0,0,0.0,0.0,1
60,0,0,79.22222222222223,9.0,1
90,0,0,94.6153846153846,13.0,0
60,0,0,87.14285714285714,7.0,1
60,0,0,71.84615384615384,13.0,0
60,0,2,58.66666666666666,9.0,0
90,0,4,91.4375,16.0,0
60,0,0,74.1,10.0,0
90,0,0,83.0,2.0,1
30,0,1,96.16666666666669,6.0,1
60,0,0,78.84615384615384,13.0,0
60,0,0,57.66666666666666,6.0,1
60,0,2,27.0,2.0,1
90,0,2,0.0,0.0,1
60,0,0,78.84615384615384,13.0,0
30,0,2,83.0,2.0,1
60,0,0,92.22222222222224,9.0,0
90,0,0,84.75,4.0,1
60,0,2,82.28571428571429,7.0,1
90,0,0,57.0,2.0,1
60,0,2,62.4,10.0,0
60,0,0,20.0,1.0,1
30,0,4,99.0,14.0,1
60,0,2,82.66666666666667,3.0,1
60,0,0,54.375,8.0,0
60,0,2,70.5,4.0,1
90,0,0,86.11111111111111,9.0,0
120,0,0,23.142857142857142,7.0,1
60,0,0,88.08333333333333,12.0,0
60,0,1,90.4,5.0,0
30,0,1,89.33333333333333,9.0,0
120,0,1,63.16666666666666,18.0,1
60,0,2,0.0,0.0,1
60,0,1,0.0,0.0,1
60,0,2,52.53846153846154,13.0,1
60,0,1,80.375,8.0,0
30,0,0,96.0,5.0,0
120,0,1,85.58823529411765,17.0,0
60,0,0,95.4,5.0,0
60,0,1,91.66666666666669,9.0,0
30,0,0,73.11111111111111,9.0,0
180,0,1,92.66666666666669,6.0,1
60,0,1,94.4,5.0,0
60,0,2,0.0,0.0,1
60,0,2,10.0,1.0,1
60,0,1,10.0,1.0,1
60,0,2,68.25,4.0,1
120,0,0,0.0,0.0,1
60,0,0,86.88235294117646,17.0,0
60,0,2,66.0,2.0,1
30,0,4,82.25,8.0,0
60,0,2,75.44444444444444,9.0,1
60,0,0,30.0,1.0,1
60,0,0,74.44444444444444,9.0,1
60,0,0,64.22222222222223,9.0,0
90,0,0,0.0,0.0,1
60,0,0,95.8,5.0,0
60,0,2,46.71428571428572,7.0,1
60,0,0,97.0,2.0,1
90,0,1,56.333333333333336,15.0,1
60,0,1,60.5,12.0,1
60,0,0,73.88888888888889,9.0,0
60,0,2,0.0,0.0,1
60,0,0,67.55555555555556,9.0,0
90,0,0,86.75,4.0,1
60,0,2,44.0,6.0,1
90,0,0,62.0,2.0,1
60,0,4,98.0,5.0,0
30,0,0,85.57142857142857,21.0,0
60,0,0,0.0,0.0,1
60,0,0,0.0,0.0,1
60,0,2,0.0,0.0,1
90,0,1,77.42857142857143,7.0,1
60,0,0,49.0,3.0,1
90,0,1,61.0,1.0,1
60,0,2,0.0,0.0,1
60,0,2,56.0,12.0,1
60,0,0,98.42857142857144,7.0,0
90,0,2,82.61538461538461,13.0,1
90,0,0,64.4,15.0,1
90,0,2,81.83333333333333,18.0,1
60,0,0,0.0,0.0,1
60,0,0,61.0,1.0,1
120,0,2,82.0,2.0,1
30,0,1,87.4,5.0,0
60,0,2,44.0,5.0,1
60,0,0,0.0,0.0,1
30,0,1,83.0,7.0,1
90,0,0,83.33333333333333,6.0,1
30,0,1,0.0,0.0,1
60,0,0,73.0,12.0,1
60,0,0,84.6,5.0,0
60,0,2,76.0,2.0,1
60,0,0,63.77777777777778,9.0,1
60,0,1,92.6,5.0,0
60,0,0,73.77777777777777,9.0,1
60,0,2,60.0,1.0,1
90,0,2,0.0,0.0,1
60,0,1,82.0,14.0,0
30,0,0,42.5,4.0,1
60,0,0,93.33333333333331,9.0,0
120,0,2,0.0,0.0,1
60,0,2,78.0,3.0,1
90,0,2,81.57142857142857,7.0,1
60,0,0,89.0,9.0,0
90,0,1,79.41666666666667,12.0,1
60,0,2,86.33333333333333,9.0,0
60,0,0,78.2,5.0,0
60,0,2,55.0,6.0,0
30,0,0,47.66666666666666,3.0,1
60,0,1,61.23076923076923,13.0,0
120,0,1,0.0,0.0,1
60,0,0,85.0,13.0,0
30,0,2,30.0,1.0,1
60,0,2,52.5,4.0,1
60,0,2,76.0,4.0,1
30,0,1,4.0,2.0,1
30,0,2,0.0,0.0,1
60,0,0,20.0,1.0,1
60,0,2,72.5,4.0,1
60,0,1,77.88888888888889,9.0,0
60,0,0,93.28571428571428,7.0,1
30,0,0,85.4,5.0,0
60,0,1,68.9,10.0,0
60,0,0,68.5,4.0,1
60,0,2,75.0,5.0,1
120,0,0,61.5,6.0,1
60,0,0,79.75,4.0,1
60,0,0,0.0,0.0,1
60,0,0,90.125,8.0,1
60,0,1,0.0,0.0,1
60,0,0,89.88888888888889,9.0,0
30,0,1,48.5,4.0,1
30,0,1,80.0,1.0,1
120,0,2,45.333333333333336,3.0,1
30,0,0,89.85714285714286,21.0,0
60,0,2,56.0,2.0,1
30,0,1,73.44444444444444,9.0,0
60,0,2,72.0,3.0,1
30,0,1,84.04761904761905,21.0,0
30,0,0,70.0,9.0,0
60,0,0,75.6,5.0,1
60,0,0,68.5,4.0,1
90,0,0,68.07142857142857,14.0,0
30,0,2,71.88888888888889,9.0,0
90,0,2,85.5,2.0,1
90,0,0,64.66666666666667,3.0,1
90,0,2,64.0,2.0,1
30,0,1,83.66666666666667,3.0,1
90,0,0,65.91666666666667,12.0,1
90,0,0,74.06666666666666,15.0,1
60,0,0,0.0,0.0,1
60,0,1,0.0,0.0,1
60,0,1,81.4,5.0,1
60,0,2,94.77777777777776,9.0,0
30,0,1,0.0,0.0,1
90,0,0,48.0,1.0,1
60,0,1,72.1,10.0,1
30,0,1,0.0,0.0,1
60,0,0,86.5,4.0,1
60,0,2,65.33333333333333,6.0,1
60,0,1,72.25,4.0,1
90,0,2,50.0,1.0,1
60,0,0,0.0,0.0,1
60,0,2,0.0,1.0,1
90,0,0,38.0,5.0,1
60,0,0,65.63636363636364,11.0,1
120,0,0,88.0,21.0,1
90,0,0,50.0,1.0,1
90,0,1,83.38095238095238,21.0,1
90,0,1,93.5,16.0,0
60,0,2,91.0,9.0,0
90,0,0,85.0,3.0,1
60,0,2,63.0,5.0,1
90,0,2,83.9,10.0,0
60,0,1,0.0,0.0,1
30,0,0,85.33333333333333,3.0,1
60,0,0,0.0,0.0,1
60,0,2,42.0,4.0,1
60,0,2,77.4,5.0,1
60,0,2,54.0,2.0,1
60,0,0,92.4,5.0,0
60,0,2,75.22222222222223,9.0,0
60,0,1,76.76923076923077,13.0,0
90,0,0,43.25,4.0,1
30,0,1,72.44444444444444,9.0,0
90,0,2,65.83333333333333,12.0,0
90,0,0,48.36842105263158,19.0,1
30,0,1,71.55555555555556,9.0,0
60,0,0,72.58333333333333,12.0,1
60,0,0,60.0,1.0,1
60,0,0,0.0,0.0,1
90,0,2,0.0,0.0,1
90,0,2,36.3,10.0,1
60,0,1,56.333333333333336,3.0,1
120,0,2,52.5,8.0,1
60,0,0,65.4,10.0,0
90,0,0,81.53333333333333,15.0,0
60,0,0,66.33333333333333,12.0,1
60,0,0,69.33333333333333,3.0,1
60,0,0,65.0,9.0,1
60,0,2,0.0,1.0,1
60,0,0,74.2,5.0,1
60,0,0,98.88888888888889,9.0,0
120,0,0,61.94736842105263,19.0,1
60,0,0,0.0,0.0,1
30,0,1,89.55555555555556,9.0,0
60,0,2,0.0,0.0,1
90,0,0,71.76470588235294,17.0,1
60,0,0,83.44444444444444,9.0,1
60,0,2,37.0,3.0,1
90,0,0,50.0,13.0,1
60,0,0,91.6923076923077,13.0,0
90,0,0,0.0,0.0,1
60,0,0,56.76923076923077,13.0,1
60,0,4,95.11111111111111,9.0,0
120,0,2,95.0952380952381,21.0,0
60,0,0,63.44444444444444,9.0,0
60,0,1,73.84615384615384,13.0,1
60,0,1,0.0,0.0,1
30,0,4,91.77777777777776,9.0,0
30,0,1,92.16666666666669,18.0,0
60,0,0,0.0,0.0,1
30,0,2,94.0,9.0,0
60,0,4,97.33333333333331,9.0,0
90,0,2,69.33333333333333,3.0,1
60,0,0,70.0,1.0,1
30,0,4,71.66666666666667,9.0,0
60,0,1,92.375,8.0,0
100,0,1,20.0,1.0,1
60,0,0,88.28,25.0,0
30,0,1,82.0,2.0,1
60,0,0,70.92307692307692,13.0,0
90,0,0,76.45454545454545,11.0,1
60,0,2,76.4,5.0,1
60,0,0,60.0,2.0,1
60,0,2,70.2,5.0,1
60,0,0,53.5,2.0,1
60,0,0,58.5,2.0,1
150,0,2,67.0,1.0,1
60,0,0,72.6,5.0,1
60,0,0,96.42857142857144,7.0,0
60,0,0,0.0,0.0,1
60,0,0,65.33333333333333,12.0,0
90,0,0,62.5,2.0,1
60,0,0,0.0,0.0,1
60,0,2,77.33333333333333,3.0,1
60,0,0,66.0,7.0,1
90,0,1,84.8,5.0,0
30,0,0,79.66666666666667,6.0,0
30,0,0,68.38095238095238,21.0,0
120,0,2,48.71428571428572,7.0,1
60,0,0,62.8,5.0,1
120,0,0,71.13333333333334,15.0,1
60,0,1,0.0,0.0,1
30,0,2,89.23809523809524,21.0,0
90,0,0,39.16666666666666,6.0,1
60,0,0,0.0,0.0,1
60,0,0,83.6,5.0,0
30,0,2,0.0,0.0,1
30,0,2,75.0,2.0,1
60,0,0,93.6,5.0,0
60,0,0,75.4,5.0,0
30,0,4,0.0,0.0,1
120,0,2,20.0,1.0,1
60,0,0,70.55555555555556,9.0,0
60,0,4,29.6,5.0,1
60,0,3,73.6923076923077,13.0,0
60,0,1,89.71428571428571,7.0,0
60,0,0,58.09090909090909,11.0,1
60,0,0,0.0,0.0,1
90,0,0,26.0,3.0,1
90,0,2,55.85714285714285,7.0,1
60,0,0,40.0,1.0,1
60,0,0,42.16666666666666,6.0,1
30,0,1,85.5,6.0,1
60,0,2,64.2,5.0,1
30,0,2,13.0,2.0,1
30,0,0,97.77777777777776,9.0,0
30,0,1,0.0,0.0,1
60,0,0,56.5,2.0,1
60,0,1,67.0,2.0,1
60,0,0,96.23076923076924,13.0,0
60,0,0,66.8,5.0,1
30,0,1,97.11111111111111,9.0,0
60,0,2,95.11111111111111,9.0,0
60,0,2,0.0,0.0,1
60,0,1,90.0,1.0,1
30,0,0,90.6,5.0,0
60,0,1,83.22222222222223,9.0,0
60,0,0,58.0,5.0,1
90,0,3,75.5,4.0,1
60,0,0,0.0,0.0,1
60,0,0,85.57142857142857,7.0,0
120,0,0,82.66666666666667,12.0,1
60,0,2,84.11111111111111,9.0,0
60,0,0,91.6,5.0,0
90,0,2,30.0,1.0,1
60,0,1,91.53846153846152,13.0,0
60,0,2,98.11111111111111,9.0,0
60,0,0,77.92307692307692,13.0,0
120,0,0,72.66666666666667,3.0,1
120,0,0,69.0,5.0,1
60,0,2,65.33333333333333,3.0,1
60,0,0,68.5,4.0,1
120,0,0,76.71428571428571,14.0,0
60,0,1,83.22222222222223,9.0,0
30,0,2,83.0,18.0,0
30,0,2,40.0,1.0,1
60,0,1,83.88888888888889,9.0,0
60,0,0,91.42857142857144,7.0,1
30,0,0,77.88888888888889,9.0,0
30,0,1,91.33333333333331,9.0,0
30,0,0,72.0,2.0,1
60,0,1,0.0,0.0,1
30,0,1,63.2,5.0,0
90,0,2,66.2,5.0,1
60,0,1,65.25,4.0,1
120,0,1,87.0,9.0,0
60,0,4,58.47058823529412,17.0,1
60,0,0,81.75,12.0,0
30,0,1,75.0,7.0,0
90,0,1,57.89473684210526,19.0,1
60,0,0,55.0,5.0,1
60,0,1,89.15384615384616,13.0,0
60,0,2,68.46153846153847,13.0,0
30,0,2,74.4,5.0,0
60,0,2,86.75,4.0,1
150,0,1,0.0,0.0,1
30,0,1,20.0,1.0,1
60,0,1,94.44444444444444,9.0,0
120,0,1,80.8,5.0,0
60,0,0,66.88888888888889,9.0,0
30,0,1,76.77777777777777,9.0,0
180,0,4,94.8,5.0,0
30,0,1,65.375,8.0,0
150,0,0,0.0,0.0,1
60,0,0,63.8,5.0,0
60,0,1,84.25,12.0,0
60,0,1,79.5,2.0,1
30,0,0,75.5,20.0,0
30,0,0,69.66666666666667,3.0,1
30,0,2,40.0,1.0,1
30,0,0,73.2,5.0,0
90,0,1,90.0625,16.0,0
60,0,1,77.0,8.0,1
60,0,4,85.2,5.0,0
60,0,1,58.66666666666666,3.0,1
60,0,0,89.43478260869566,23.0,0
90,0,1,0.0,0.0,1
150,0,0,0.0,0.0,1
30,0,1,88.88888888888889,9.0,0
90,0,0,87.625,16.0,0
150,0,1,72.2,15.0,0
30,0,1,0.0,0.0,1
180,0,1,81.0,11.0,1
60,0,2,55.8,5.0,1
90,0,1,72.0,18.0,0
630,0,0,89.44444444444444,9.0,0
180,0,0,71.2,5.0,0
90,0,2,83.0,6.0,1
30,0,4,77.16666666666667,6.0,0
60,0,2,82.66666666666667,3.0,1
120,0,1,50.0,1.0,1
90,0,0,40.0,1.0,1
60,0,2,25.33333333333333,3.0,1
30,0,1,93.8,5.0,0
60,0,2,40.0,1.0,1
90,0,0,0.0,0.0,1
90,0,1,0.0,0.0,1
60,0,2,77.0,9.0,0
70,0,0,86.33333333333333,3.0,1
60,0,1,68.5,2.0,1
60,0,2,0.0,0.0,1
60,0,1,50.0,3.0,1
60,0,2,0.0,0.0,1
90,0,0,88.76923076923077,13.0,1
90,0,0,65.8125,16.0,0
30,0,1,0.0,0.0,1
120,0,1,70.0,1.0,1
30,0,2,40.0,1.0,1
90,0,0,79.625,16.0,0
60,0,0,59.66666666666666,3.0,1
30,0,0,89.25,4.0,1
60,0,0,86.2,5.0,0
30,0,2,57.22222222222222,9.0,1
30,0,1,20.0,1.0,1
60,0,1,97.44444444444444,9.0,0
40,0,0,50.0,1.0,1
30,0,1,67.5,4.0,1
30,0,1,33.333333333333336,3.0,1
60,0,0,65.5,2.0,1
75,0,1,81.3076923076923,13.0,0
60,0,0,50.0,1.0,1
60,0,0,58.66666666666666,6.0,1
90,0,2,66.33333333333333,6.0,1
60,0,1,74.0,16.0,0
120,0,0,88.76190476190476,21.0,0
60,0,2,96.0,2.0,1
90,0,1,0.0,0.0,1
60,0,2,88.33333333333333,9.0,0
60,0,0,86.4,5.0,0
60,0,0,48.5,4.0,1
60,0,0,62.75,4.0,1
60,0,2,81.63636363636364,22.0,0
60,0,1,0.0,0.0,1
60,0,0,88.5,6.0,0
30,0,2,66.33333333333333,3.0,1
120,0,1,47.90909090909091,11.0,1
45,0,0,41.0,6.0,0
90,0,2,52.5,8.0,1
150,0,1,60.0,1.0,1
60,0,0,0.0,0.0,1
90,0,1,75.5,2.0,1
90,0,2,69.85,20.0,1
60,0,1,82.0,3.0,1
90,0,0,81.8,5.0,1
30,0,0,82.22222222222223,9.0,0
30,0,1,62.75,4.0,1
60,0,4,89.57142857142857,21.0,0
60,0,1,37.0,2.0,1
75,0,2,83.11111111111111,9.0,0
30,0,1,48.333333333333336,6.0,1
40,0,2,73.66666666666667,3.0,1
120,0,1,69.0,6.0,1
30,0,0,69.25,4.0,0
90,0,1,64.55555555555556,9.0,0
60,0,0,91.25,12.0,0
60,0,0,93.47826086956522,23.0,0
60,0,2,86.53846153846153,13.0,0
90,0,1,12.0,1.0,1
90,0,1,95.0,2.0,1
30,0,0,47.5,6.0,1
60,0,1,84.77272727272727,22.0,0
60,0,0,60.55555555555556,9.0,1
60,0,1,77.23076923076923,13.0,0
90,0,2,30.0,1.0,1
60,0,2,0.0,0.0,1
60,0,0,91.0,5.0,0
90,0,1,64.57142857142857,7.0,1
60,0,2,66.25,4.0,1
60,0,1,86.52380952380952,21.0,0
90,0,0,65.2,5.0,1
30,0,1,0.0,0.0,1
90,0,0,81.71428571428571,21.0,0
30,0,1,84.625,8.0,0
150,0,0,57.85714285714285,7.0,0
210,0,2,0.0,0.0,1
30,0,1,86.375,8.0,0
30,0,0,79.75,4.0,1
120,0,1,74.22222222222223,9.0,0
30,0,0,90.0,5.0,0
60,0,2,81.22222222222223,9.0,0
60,0,2,0.0,0.0,1
60,0,2,0.0,0.0,1
90,0,2,50.5,8.0,1
100,0,0,81.53846153846153,13.0,0
330,0,2,0.0,0.0,1
30,0,0,0.0,0.0,1
90,0,2,0.0,0.0,1
30,0,2,80.0,1.0,1
60,0,2,77.88888888888889,9.0,0
30,0,0,0.0,0.0,1
30,0,1,69.25,8.0,0
60,0,2,67.33333333333333,6.0,1
60,0,2,55.5,2.0,1
60,0,0,61.5,2.0,1
30,0,0,92.52380952380952,21.0,0
355,0,2,30.0,1.0,1
60,0,2,0.0,0.0,1
30,0,2,80.0,1.0,1
150,0,0,68.57142857142857,7.0,1
30,0,0,93.88888888888889,9.0,0
30,0,1,0.0,0.0,1
120,0,0,60.333333333333336,12.0,1
90,0,2,0.0,0.0,1
90,0,2,94.66666666666669,6.0,1
45,0,1,0.0,0.0,1
30,0,0,40.0,1.0,1
120,0,0,88.0,7.0,1
150,0,0,0.0,0.0,1
70,0,2,82.0,2.0,1
60,0,1,60.285714285714285,7.0,1
60,0,1,77.08333333333333,12.0,0
90,0,0,76.75,16.0,1
30,0,1,0.0,0.0,1
30,0,2,0.0,0.0,1
90,0,0,92.8095238095238,21.0,0
60,0,1,88.15384615384616,13.0,0
90,0,0,91.0,6.0,0
150,0,0,36.785714285714285,14.0,1
60,0,0,88.44444444444444,9.0,0
120,0,0,78.0,7.0,0
90,0,2,89.0,7.0,1
90,0,0,0.0,1.0,1
30,0,1,88.33333333333333,3.0,1
60,0,2,64.16666666666667,6.0,1
90,0,2,79.21428571428571,14.0,1
60,0,2,0.0,0.0,1
30,0,4,52.4,5.0,0
90,0,0,20.0,1.0,1
60,0,2,51.5,4.0,1
90,0,1,63.142857142857146,7.0,1
30,0,1,84.88888888888889,9.0,0
30,0,1,60.0,1.0,1
90,0,2,0.0,0.0,1
30,0,1,81.44444444444444,9.0,0
30,0,2,82.38095238095238,21.0,0
90,0,0,78.85,20.0,0
60,0,1,75.0,5.0,1
150,0,2,0.0,1.0,1
150,0,1,41.15384615384615,13.0,1
90,0,0,71.0,2.0,1
60,0,0,88.88888888888889,9.0,0
30,0,0,83.2,5.0,0
30,0,1,0.0,0.0,1
30,0,0,82.46666666666667,15.0,0
30,0,1,80.5,8.0,0
90,0,0,79.6,10.0,1
30,0,2,91.11111111111111,9.0,0
90,0,0,63.71428571428572,7.0,1
60,0,0,66.25,8.0,1
60,0,0,89.33333333333333,9.0,0
60,0,0,82.33333333333333,12.0,0
60,0,0,70.0,3.0,1
60,0,0,63.2,5.0,1
60,0,0,0.0,0.0,1
90,0,0,0.0,0.0,1
30,0,4,62.333333333333336,3.0,1
40,0,2,66.77777777777777,9.0,0
60,0,2,83.15384615384616,13.0,0
90,0,1,0.0,0.0,1
150,0,1,60.66666666666666,3.0,1
150,0,2,48.71428571428572,7.0,1
120,0,4,91.9,20.0,0
60,0,0,58.333333333333336,12.0,0
90,0,2,70.5,4.0,1
150,0,1,0.0,0.0,1
90,0,2,84.6,5.0,0
90,0,0,71.33333333333333,15.0,0
30,0,2,84.4,5.0,0
90,0,2,71.2,5.0,1
60,0,0,73.3076923076923,13.0,0
60,0,0,75.4,5.0,1
30,0,0,37.0,2.0,1
90,0,0,0.0,0.0,1
180,0,0,53.66666666666666,12.0,1
60,0,0,92.4,10.0,0
60,0,1,81.0,3.0,1
90,0,0,0.0,0.0,1
60,0,0,91.4,5.0,0
60,0,2,67.0,1.0,1
90,0,0,75.2,15.0,0
30,0,2,48.75,8.0,0
30,0,4,68.53846153846153,13.0,0
120,0,4,0.0,0.0,1
120,0,2,86.5,2.0,1
30,0,1,42.0,2.0,1
30,0,2,25.83333333333333,6.0,1
60,0,0,70.0,1.0,1
30,0,0,90.8,5.0,0
90,0,0,46.333333333333336,3.0,1
60,0,4,62.75,4.0,1
30,0,2,67.6,5.0,0
90,0,2,57.90909090909091,22.0,1
30,0,0,0.0,0.0,1
150,0,0,78.58333333333333,12.0,1
90,0,0,89.375,16.0,0
90,0,2,87.25,8.0,1
120,0,0,74.66666666666667,6.0,1
60,0,0,84.88888888888889,9.0,0
40,0,1,87.66666666666667,6.0,0
60,0,2,39.25,8.0,1
120,0,0,74.44444444444444,9.0,0
60,0,1,78.0,1.0,1
120,0,1,93.33333333333331,9.0,0
60,0,2,53.6,5.0,0
60,0,2,59.5,2.0,1
150,0,0,59.22222222222222,9.0,1
30,0,0,75.25,8.0,0
30,0,2,83.76923076923077,13.0,0
60,0,1,93.55555555555556,9.0,0
120,0,1,99.33333333333331,9.0,0
105,0,4,96.88888888888889,9.0,0
30,0,2,73.33333333333333,3.0,1
30,0,2,75.22222222222223,9.0,1
30,0,0,87.0,9.0,0
50,0,1,98.0,5.0,0
60,0,1,94.57142857142856,21.0,0
60,0,1,83.71428571428571,7.0,1
120,0,1,86.46153846153847,13.0,1
60,1,2,87.0625,16.0,1
270,0,0,90.88888888888889,9.0,0
60,0,0,75.28571428571429,7.0,1
120,0,2,86.15384615384616,13.0,0
30,0,2,68.25,4.0,0
110,0,1,56.0,1.0,1
30,0,2,78.88888888888889,9.0,0
180,0,0,81.0,4.0,1
150,1,3,12.4,5.0,1
90,0,2,45.0,5.0,1
60,0,2,88.23809523809524,21.0,0
30,0,0,56.625,8.0,1
120,0,2,51.0,9.0,1
120,0,0,25.0,2.0,1
30,1,2,10.0,2.0,1
30,0,1,81.77777777777777,9.0,0
60,1,0,33.714285714285715,7.0,1
90,0,0,0.0,0.0,1
90,1,2,75.9375,16.0,0
115,0,2,51.8,5.0,1
60,0,2,75.16666666666667,12.0,0
150,1,4,0.0,0.0,1
90,0,2,42.5,4.0,1
90,0,4,69.66666666666667,3.0,1
30,0,1,0.0,1.0,1
90,0,2,76.33333333333333,3.0,1
60,1,1,89.3529411764706,17.0,0
60,0,0,0.0,0.0,1
60,0,0,54.333333333333336,3.0,1
120,0,3,88.0,7.0,1
60,0,1,86.0,5.0,1
100,0,1,66.88888888888889,9.0,0
90,0,1,93.5,2.0,1
120,0,0,66.3157894736842,19.0,1
30,0,1,76.11111111111111,9.0,0
60,0,0,90.11111111111111,9.0,0
150,0,2,74.53846153846153,13.0,1
100,0,0,44.333333333333336,9.0,1
60,1,0,77.42857142857143,14.0,0
60,0,2,44.0,1.0,1
30,0,1,93.5,2.0,1
120,0,0,53.8,10.0,1
120,0,1,67.0,1.0,1
120,1,2,85.375,8.0,0
60,1,1,44.0,1.0,1
90,0,2,74.5,6.0,1
60,0,0,79.5625,16.0,0
30,1,0,0.0,0.0,1
30,1,4,79.5,8.0,0
240,0,0,86.66666666666667,3.0,1
120,0,1,89.0,1.0,1
120,0,0,78.0,1.0,1
120,0,2,56.4,5.0,1
90,0,2,91.85714285714286,7.0,1
180,0,0,60.5,2.0,1
90,0,1,94.33333333333331,9.0,0
45,0,0,36.4,5.0,1
120,0,1,97.0,12.0,0
30,0,1,72.92307692307692,13.0,0
60,0,0,55.72727272727273,11.0,1
180,0,2,46.6,5.0,1
60,0,0,93.16666666666669,12.0,0
120,0,2,61.333333333333336,12.0,1
60,1,3,66.5,4.0,1
60,0,0,77.42857142857143,21.0,0
60,0,2,53.6,5.0,1
120,1,2,65.0,7.0,1
180,0,2,80.77777777777777,9.0,0
90,0,0,68.75,4.0,1
60,0,2,71.57142857142857,14.0,1
90,0,1,76.23076923076923,13.0,1
90,1,0,43.91666666666666,12.0,1
30,1,0,53.40909090909091,22.0,1
60,0,0,75.0,5.0,1
60,0,1,86.42857142857143,21.0,0
60,1,0,63.888888888888886,18.0,1
90,0,2,47.0,7.0,1
150,1,0,57.90909090909091,11.0,0
60,0,2,77.0,5.0,0
80,0,0,64.125,8.0,0
90,0,1,66.4,5.0,1
60,0,0,66.15384615384616,13.0,0
30,0,0,0.0,0.0,1
30,0,2,70.83333333333333,6.0,1
60,0,0,77.9090909090909,11.0,0
60,0,1,87.16666666666667,12.0,0
120,0,1,84.6,5.0,1
60,0,1,79.875,8.0,0
60,0,1,60.66666666666666,3.0,1
60,0,2,86.80952380952381,21.0,1
60,0,1,49.0,9.0,1
120,1,1,80.0,5.0,1
60,0,0,78.88888888888889,9.0,0
50,0,2,0.0,0.0,1
60,0,0,48.5,4.0,1
60,1,2,54.8,5.0,1
60,0,0,0.0,0.0,1
115,0,0,0.0,0.0,1
30,0,1,45.5,2.0,1
60,0,0,64.07142857142857,14.0,1
120,0,0,0.0,1.0,1
30,1,1,58.21428571428572,14.0,1
90,0,0,64.66666666666667,9.0,0
60,0,0,86.0625,16.0,0
250,1,0,49.66666666666666,12.0,1
120,0,0,94.33333333333331,6.0,0
90,0,0,48.0,4.0,1
60,0,1,87.5,2.0,1
60,0,2,83.0,5.0,1
60,0,0,82.6,5.0,0
60,0,2,53.125,8.0,1
30,1,0,0.0,0.0,1
60,0,0,82.5,2.0,1
60,0,0,85.07692307692308,13.0,0
60,0,1,86.61111111111111,18.0,0
30,0,1,82.375,8.0,1
120,0,0,87.375,16.0,0
30,1,1,77.58333333333333,12.0,1
150,0,2,64.4,5.0,1
60,0,2,89.0,9.0,0
60,0,0,89.0,1.0,1
60,0,0,59.75,8.0,1
60,0,0,75.8,5.0,0
90,0,2,69.66666666666667,6.0,1
30,0,1,32.142857142857146,7.0,1
30,0,2,56.0,1.0,1
30,1,0,57.888888888888886,9.0,1
90,0,2,58.333333333333336,6.0,1
60,1,2,60.66666666666666,6.0,1
90,0,1,55.875,8.0,1
60,0,1,54.5,8.0,1
120,0,1,93.5625,16.0,0
80,0,2,60.66666666666666,9.0,1
60,0,0,0.0,0.0,1
30,0,1,89.0,1.0,1
90,0,0,56.0,1.0,1
30,0,1,52.0,2.0,1
180,1,0,49.0,2.0,1
30,0,2,63.69230769230769,13.0,1
120,0,1,88.46153846153847,13.0,0
120,0,0,80.0,3.0,1
60,0,2,50.125,8.0,1
30,0,0,53.833333333333336,6.0,1
90,0,0,94.55555555555556,9.0,0
120,0,2,79.33333333333333,3.0,1
60,1,0,81.66666666666667,3.0,1
60,0,0,70.33333333333333,12.0,1
90,0,0,67.5,4.0,1
30,0,0,89.61538461538461,13.0,0
90,0,0,73.0,9.0,0
120,0,0,0.0,0.0,1
30,0,0,81.3076923076923,13.0,0
150,0,0,80.16666666666667,6.0,1
90,0,0,95.5,4.0,1
210,0,4,88.25,4.0,1
60,0,2,49.875,8.0,1
120,0,0,71.28571428571429,7.0,1
30,1,1,58.0,7.0,0
60,0,0,0.0,0.0,1
60,0,1,83.55555555555556,9.0,0
60,0,2,54.333333333333336,6.0,1
120,0,0,61.44444444444444,9.0,0
45,0,1,66.0,2.0,1
120,0,0,0.0,0.0,1
30,0,1,40.4,5.0,1
60,1,2,52.0,8.0,1
30,0,1,83.33333333333333,9.0,0
30,0,2,63.0,3.0,1
60,0,0,77.22222222222223,9.0,0
60,0,0,12.4,5.0,1
120,1,0,0.0,0.0,1
60,0,0,67.5625,16.0,0
30,0,0,52.625,8.0,0
120,0,2,0.0,0.0,1
30,0,0,52.4,15.0,1
60,0,2,0.0,0.0,1
110,0,2,62.5,2.0,1
30,1,2,84.0,6.0,1
120,0,0,84.75,4.0,1
60,0,2,85.25,8.0,0
30,0,0,36.6,5.0,1
30,0,1,81.33333333333333,3.0,1
120,0,0,83.75,8.0,1
90,0,2,0.0,0.0,1
60,1,0,54.27272727272727,11.0,1
60,0,2,0.0,0.0,1
100,0,1,94.11111111111111,9.0,0
60,0,2,64.66666666666667,6.0,1
90,0,2,0.0,0.0,1
60,0,4,89.0,4.0,1
60,0,2,88.33333333333333,9.0,0
270,0,2,56.0,1.0,1
30,0,1,70.5,4.0,1
150,0,2,0.0,0.0,1
60,0,2,86.75,16.0,0
30,0,0,77.0,5.0,1
90,0,2,75.66666666666667,9.0,0
30,0,2,22.0,1.0,1
60,0,0,92.0625,16.0,0
30,0,0,78.0,1.0,1
120,0,1,90.83333333333331,6.0,1
60,0,0,93.33333333333331,6.0,0
60,1,0,73.0,7.0,0
30,0,2,87.55555555555556,9.0,0
30,1,2,27.75,8.0,1
30,0,2,81.0,2.0,1
90,0,1,97.77777777777776,9.0,0
60,0,0,80.375,16.0,1
30,0,2,61.75,4.0,0
60,0,1,67.07692307692308,13.0,1
30,1,2,59.66666666666666,6.0,0
90,0,2,89.0,4.0,1
60,0,1,88.19047619047619,21.0,0
60,0,2,67.0,6.0,1
90,0,0,94.28571428571428,21.0,0
60,0,4,86.47619047619048,21.0,0
60,0,1,99.2,5.0,0
130,0,0,62.25,4.0,1
60,0,0,85.71428571428571,7.0,1
30,0,1,68.33333333333333,3.0,1
120,0,0,97.11111111111111,9.0,0
60,1,0,0.0,0.0,1
60,1,1,49.125,8.0,1
60,0,2,64.75,4.0,0
60,0,0,75.375,16.0,0
60,0,2,63.91666666666666,12.0,1
30,1,2,78.1,10.0,1
120,0,0,0.0,0.0,1
90,1,0,67.58333333333333,24.0,0
90,0,2,33.0,1.0,1
120,0,3,87.5,2.0,1
60,0,0,92.0,9.0,0
90,0,2,0.0,0.0,1
90,0,0,82.0,9.0,0
30,0,2,33.8,5.0,1
150,0,2,86.91666666666667,12.0,1
90,0,0,60.22222222222222,9.0,0
30,0,0,75.66666666666667,9.0,0
180,0,2,92.11111111111111,9.0,0
30,0,0,53.333333333333336,6.0,1
30,0,2,56.6,5.0,0
120,0,0,56.77777777777778,9.0,1
60,0,1,58.888888888888886,9.0,1
150,0,0,59.45454545454545,11.0,1
120,0,0,65.66666666666667,3.0,1
30,0,2,72.9375,16.0,0
60,0,2,73.66666666666667,9.0,1
150,0,0,80.3076923076923,13.0,1
90,0,1,88.22222222222223,9.0,0
30,0,0,63.8,5.0,0
120,0,2,52.0,4.0,1
60,0,1,67.5,2.0,1
30,0,0,47.25,8.0,1
30,0,1,83.11111111111111,9.0,0
180,0,2,46.44444444444444,9.0,1
30,0,2,45.5,2.0,1
60,0,0,81.0,17.0,0
60,0,2,64.25,4.0,1
30,0,0,73.0,4.0,1
60,0,0,67.25,4.0,1
90,1,0,86.45454545454545,11.0,0
120,1,0,63.5,10.0,1
60,0,2,72.33333333333333,6.0,1
120,0,2,100.0,1.0,1
30,0,1,88.6470588235294,17.0,0
60,1,0,57.0,2.0,1
60,0,0,60.375,8.0,1
30,0,1,86.5,16.0,0
90,0,0,80.66666666666667,3.0,1
60,0,0,89.25,4.0,1
60,0,0,69.42857142857143,7.0,1
60,0,0,57.76923076923077,13.0,1
60,0,0,71.63636363636364,11.0,1
150,0,2,76.0,5.0,1
60,0,4,97.77777777777776,9.0,0
60,0,2,79.92307692307692,13.0,1
120,0,0,56.16666666666666,12.0,1
60,1,2,62.333333333333336,9.0,0
60,0,1,85.05263157894737,19.0,0
60,0,0,73.66666666666667,6.0,1
120,0,2,69.33333333333333,6.0,0
90,0,0,75.21428571428571,14.0,1
170,0,1,51.44444444444444,9.0,1
30,0,2,63.2,5.0,1
210,0,2,100.0,1.0,1
60,0,3,43.583333333333336,12.0,1
40,0,1,61.22222222222222,9.0,0
30,0,2,18.0,1.0,1
60,0,1,78.0,1.0,1
90,0,0,84.6,5.0,1
120,0,2,77.91666666666667,12.0,1
60,0,1,67.0,1.0,1
30,0,0,84.0,6.0,1
90,0,0,85.83333333333333,6.0,0
60,0,0,74.125,8.0,1
60,0,0,84.55555555555556,9.0,0
60,0,2,31.5,8.0,1
60,0,0,73.8125,16.0,0
30,0,0,62.0,3.0,1
120,0,0,54.625,16.0,0
60,0,2,100.0,1.0,1
30,0,0,47.21428571428572,14.0,0
30,0,0,57.875,16.0,0
90,0,1,58.6,10.0,1
60,0,1,63.90476190476191,21.0,1
90,0,0,56.16666666666666,6.0,0
60,0,0,0.0,0.0,1
60,0,0,67.5,8.0,0
90,0,1,61.285714285714285,7.0,1
60,1,0,31.6,10.0,1
30,0,0,84.44444444444444,9.0,0
30,0,2,81.23076923076923,13.0,0
60,0,2,80.375,16.0,0
60,1,2,72.5,6.0,1
90,0,0,74.6,15.0,1
120,0,1,86.57894736842105,19.0,0
30,0,2,42.25,4.0,1
90,0,1,84.75,16.0,0
60,0,1,46.375,8.0,1
30,0,4,76.22222222222223,9.0,0
60,0,0,83.53333333333333,15.0,1
30,1,2,56.11111111111112,9.0,1
120,0,0,68.25,4.0,1
30,0,0,60.5,2.0,1
60,0,0,87.4,5.0,1
90,1,4,51.92307692307692,13.0,0
60,0,2,0.0,0.0,1
60,0,1,83.0,4.0,1
120,0,2,74.0,3.0,1
60,0,1,74.3076923076923,13.0,1
60,0,0,69.57142857142857,21.0,0
90,0,0,66.0,2.0,1
30,1,0,91.22222222222224,9.0,0
70,1,1,77.33333333333333,9.0,0
30,0,0,56.0,1.0,1
150,0,2,98.33333333333331,6.0,0
60,0,2,54.0,6.0,1
210,0,2,83.57142857142857,7.0,0
30,0,0,65.5,2.0,1
60,0,2,0.0,0.0,1
60,0,0,84.66666666666667,9.0,0
30,0,1,97.0,2.0,1
60,0,0,87.8,10.0,1
60,0,2,59.0,12.0,1
60,1,1,65.11111111111111,9.0,0
60,0,2,0.0,0.0,1
30,0,1,0.0,0.0,1
60,0,0,89.44444444444444,9.0,0
30,0,1,0.0,0.0,1
60,0,0,89.66666666666667,12.0,0
120,0,1,0.0,0.0,1
60,0,1,87.4,5.0,0
210,0,0,61.2,5.0,0
120,0,1,22.0,1.0,1
30,0,4,64.83333333333333,6.0,0
30,0,1,67.5,2.0,1
180,0,0,86.0,8.0,1
90,0,0,85.375,16.0,0
30,0,0,81.0,2.0,1
60,0,0,11.0,1.0,1
150,0,1,38.5,8.0,1
90,0,0,49.6,5.0,1
120,0,0,83.14285714285714,7.0,1
60,0,1,95.1904761904762,21.0,0
30,0,0,0.0,0.0,1
220,0,0,69.5,4.0,0
60,0,0,37.5,2.0,1
150,1,2,63.71428571428572,7.0,1
30,1,0,45.25,4.0,1
60,1,2,63.42857142857143,14.0,1
60,0,2,69.8,5.0,0
60,0,0,80.23809523809524,21.0,0
30,0,1,94.77777777777776,9.0,0
30,0,2,78.5,6.0,1
60,1,3,0.0,0.0,1
30,0,0,83.66666666666667,3.0,1
60,0,0,100.0,1.0,1
30,1,4,51.0,4.0,1
120,0,0,56.0,1.0,1
30,0,2,71.0,6.0,1
55,0,2,81.5,4.0,1
90,1,2,58.333333333333336,6.0,1
60,0,0,56.0,1.0,1
120,0,0,57.333333333333336,9.0,0
90,0,0,0.0,0.0,1
30,0,1,87.44444444444444,9.0,0
120,0,2,65.5,2.0,1
150,0,2,44.7,10.0,1
60,0,1,98.8,5.0,0
150,0,0,0.0,0.0,1
30,1,2,63.266666666666666,15.0,0
90,0,2,78.0,1.0,1
150,0,2,85.08333333333333,12.0,1
60,0,0,86.16666666666667,6.0,1
60,1,4,58.46153846153846,13.0,1
150,0,2,74.85714285714286,7.0,1
60,0,1,88.25,16.0,0
30,0,0,93.55555555555556,9.0,0
180,0,0,89.07692307692308,13.0,0
30,0,0,56.333333333333336,6.0,1
60,0,2,89.57142857142857,14.0,1
90,1,2,0.0,0.0,1
60,0,0,87.0625,16.0,0
30,0,1,79.3076923076923,13.0,0
30,0,1,77.22222222222223,9.0,0
30,1,1,80.33333333333333,12.0,0
30,0,2,75.0,4.0,1
60,0,0,63.625,8.0,1
180,0,0,72.72727272727273,11.0,0
90,0,0,77.33333333333333,15.0,1
30,0,0,0.0,0.0,1
85,0,1,0.0,0.0,1
60,0,1,79.68181818181819,22.0,0
120,0,0,0.0,0.0,1
90,0,2,78.33333333333333,9.0,0
60,0,0,60.2,5.0,1
120,0,0,49.333333333333336,6.0,0
60,0,0,62.875,8.0,1
60,0,1,74.42857142857143,7.0,1
60,0,0,77.77777777777777,9.0,0
60,0,0,64.57142857142857,7.0,1
30,0,0,75.52380952380952,21.0,0
90,0,0,80.2,20.0,1
60,0,0,96.5,4.0,1
30,0,0,43.75,8.0,1
90,0,0,100.0,1.0,1
60,0,2,74.28571428571429,7.0,1
180,0,2,11.0,1.0,1
30,1,0,78.42857142857143,7.0,1
60,0,1,83.33333333333333,9.0,0
30,1,2,89.5,2.0,1
30,0,2,78.0,2.0,1
60,0,0,77.72727272727273,11.0,0
90,0,2,84.3,20.0,0
60,0,1,94.5,4.0,0
30,1,0,78.0,1.0,1
30,0,2,53.44444444444444,9.0,1
180,0,1,0.0,0.0,1
30,0,0,62.0,2.0,1
30,0,0,72.0,7.0,1
60,0,1,84.95,20.0,0
60,1,0,44.0,1.0,1
120,0,0,0.0,0.0,1
60,0,2,0.0,0.0,1
30,0,1,89.0,1.0,1
150,0,2,50.833333333333336,6.0,1
30,0,0,58.0,5.0,1
30,0,2,55.8,5.0,0
60,0,0,68.5,2.0,1
180,0,2,0.0,0.0,1
120,0,2,0.0,0.0,1
90,0,2,77.625,8.0,1
30,0,1,78.5,2.0,1
30,1,0,56.41666666666666,12.0,0
30,0,2,62.85714285714285,7.0,1
60,0,0,68.82352941176471,17.0,1
90,0,2,68.88888888888889,9.0,0
60,0,0,70.88888888888889,9.0,1
90,0,0,75.0,4.0,1
60,0,2,62.833333333333336,6.0,1
30,0,2,44.0,1.0,1
30,0,2,60.875,8.0,0
60,0,0,86.0,6.0,0
60,0,2,70.0,4.0,1
150,0,0,83.375,8.0,0
120,0,2,33.0,1.0,1
30,0,0,82.33333333333333,3.0,1
30,1,1,0.0,0.0,1
60,0,1,61.44444444444444,9.0,0
90,0,1,97.44444444444444,9.0,0
90,0,0,84.0,1.0,1
120,0,0,79.05555555555556,18.0,0
60,0,0,91.4,5.0,0
60,0,2,33.0,1.0,1
120,0,0,94.88888888888889,9.0,0
150,0,0,92.42857142857144,21.0,0
90,0,2,42.2,5.0,1
60,0,2,0.0,0.0,1
30,1,0,70.85714285714286,14.0,1
120,0,2,0.0,0.0,1
90,0,0,75.5,2.0,1
60,0,1,78.11111111111111,9.0,1
30,0,2,97.0,6.0,0
60,1,1,79.2,15.0,0
150,0,0,59.4,5.0,1
60,0,0,67.0,13.0,1
120,0,2,5.0,2.0,1
60,0,0,42.2,5.0,0
60,0,0,88.0,5.0,0
30,0,0,0.0,0.0,1
30,0,0,88.44444444444444,9.0,0
120,1,0,86.75,8.0,0
120,0,1,56.25,8.0,0
60,0,2,93.88888888888889,9.0,0
150,0,0,88.22222222222223,9.0,0
60,0,1,40.833333333333336,6.0,0
60,0,0,78.0,1.0,1
60,0,2,49.2,10.0,1
30,0,0,70.75,12.0,1
30,1,0,87.5,8.0,1
60,0,0,0.0,0.0,1
120,1,2,100.0,1.0,1
30,1,0,80.4,5.0,0
60,0,2,91.2,5.0,0
120,0,0,82.2,20.0,0
120,0,0,0.0,0.0,1
60,0,0,69.08333333333333,12.0,0
30,1,0,78.33333333333333,3.0,1
30,0,1,68.57142857142857,7.0,1
150,0,0,66.21428571428571,14.0,1
60,0,1,79.8125,16.0,0
90,0,0,33.0,1.0,1
120,0,1,70.5,2.0,1
60,0,2,89.5,4.0,1
90,0,2,0.0,0.0,1
30,0,2,23.5,2.0,1
30,0,0,76.22222222222223,9.0,0
30,1,1,73.6,5.0,1
60,0,0,71.3076923076923,13.0,1
90,0,1,83.0,4.0,1
60,0,1,87.0,5.0,1
60,0,2,0.0,0.0,1
30,0,1,88.22222222222223,9.0,0
90,0,2,47.90909090909091,11.0,1
90,0,2,79.0,3.0,1
120,0,2,0.0,0.0,1
30,0,1,24.166666666666668,6.0,1
60,0,2,72.0,16.0,0
150,0,2,44.0,1.0,1
30,0,0,0.0,0.0,1
60,0,0,91.8,5.0,0
90,0,0,73.5,14.0,1
60,0,2,0.0,0.0,1
120,1,0,79.88888888888889,9.0,0
30,0,2,50.75,4.0,1
150,0,0,53.75,4.0,1
60,0,0,78.0,6.0,1
60,0,1,86.0,5.0,0
30,1,0,41.11111111111112,9.0,1
60,0,2,83.85714285714286,21.0,0
120,0,0,60.333333333333336,3.0,1
60,0,0,92.75,16.0,0
60,0,2,91.0,2.0,1
60,0,4,94.57142857142856,21.0,0
60,0,2,67.0,1.0,1
120,0,0,59.888888888888886,9.0,0
120,0,0,73.66666666666667,3.0,1
60,0,2,72.8,5.0,0
30,0,1,89.0,6.0,1
60,0,0,0.0,0.0,1
90,0,2,83.92307692307692,13.0,1
60,1,0,66.6,5.0,0
90,0,1,0.0,0.0,1
120,0,2,0.0,0.0,1
120,0,1,85.4,20.0,0
60,0,1,83.55555555555556,9.0,0
60,0,2,6.5,2.0,1
60,0,2,86.14285714285714,21.0,0
90,0,2,71.75,12.0,0
30,0,0,83.0,2.0,1
90,0,0,64.25,4.0,1
60,0,0,54.875,8.0,0
30,0,1,32.0,2.0,1
30,1,2,49.75,4.0,1
30,0,2,67.33333333333333,3.0,1
120,0,0,68.3125,16.0,0
90,0,0,57.0,2.0,1
60,0,2,75.23076923076923,13.0,0
60,0,0,82.66666666666667,9.0,0
60,0,2,74.0,2.0,1
30,0,1,56.0,2.0,1
30,0,1,29.0,2.0,1
60,0,0,66.2,5.0,1
30,0,2,0.0,0.0,1
90,0,0,0.0,0.0,1
30,0,2,71.5,2.0,1
30,0,0,0.0,0.0,1
90,1,1,45.18181818181818,11.0,1
150,0,2,43.333333333333336,6.0,1
60,0,2,79.15384615384616,13.0,1
30,0,0,67.33333333333333,9.0,1
90,0,2,33.2,5.0,1
30,1,2,84.0,5.0,1
30,0,0,97.0,2.0,1
60,0,1,81.28571428571429,21.0,0
30,0,1,0.0,0.0,1
90,0,2,0.0,0.0,1
90,0,0,79.15384615384616,13.0,1
60,0,0,80.75,4.0,1
30,0,0,83.0,2.0,1
90,0,0,68.15384615384616,13.0,1
30,0,2,68.33333333333333,3.0,1
150,0,0,71.77777777777777,9.0,0
60,0,2,0.0,0.0,1
30,0,0,44.0,9.0,1
60,1,2,73.22222222222223,9.0,0
30,1,2,52.13636363636363,22.0,1
30,0,1,58.0,2.0,1
120,0,2,0.0,0.0,1
60,0,2,71.71428571428571,7.0,1
120,0,0,89.0,1.0,1
60,0,2,55.4,5.0,1
30,0,0,47.333333333333336,6.0,1
30,1,1,0.0,0.0,1
60,0,0,79.0,16.0,0
60,0,2,68.76923076923077,13.0,1
60,0,1,85.55555555555556,9.0,0
60,0,2,83.375,16.0,1
30,0,1,61.55555555555556,9.0,1
30,0,0,82.83333333333333,6.0,0
60,0,2,86.44444444444444,9.0,0
120,0,1,44.0,1.0,1
30,0,0,44.0,1.0,1
30,1,0,54.0,15.0,0
120,0,0,97.07142857142856,28.0,0
30,0,2,33.0,1.0,1
60,0,2,68.88888888888889,9.0,1
90,0,0,67.0,1.0,1
60,1,2,92.2,5.0,1
60,0,0,69.11764705882354,17.0,1
240,0,2,0.0,0.0,1
60,0,2,64.6,5.0,1
60,0,2,64.875,16.0,1
60,0,0,81.88888888888889,9.0,0
30,0,0,51.8,5.0,0
30,0,0,98.77777777777776,9.0,0
30,0,0,62.1875,16.0,1
60,0,1,0.0,0.0,1
60,0,1,65.375,8.0,0
300,0,2,62.333333333333336,6.0,1
60,0,1,94.95238095238096,21.0,0
60,1,0,42.25,8.0,1
60,0,0,64.5,2.0,1
60,0,0,86.125,16.0,0
90,0,2,79.08333333333333,12.0,1
60,0,0,62.76923076923077,13.0,0
150,0,2,0.0,0.0,1
30,0,0,88.66666666666667,9.0,0
90,0,0,86.58333333333333,12.0,1
30,0,0,68.0,1.0,1
30,0,0,46.75,4.0,1
90,0,0,42.578947368421055,19.0,1
60,0,0,77.92307692307692,13.0,1
90,0,1,71.0,4.0,1
60,0,2,61.7,20.0,0
30,1,2,78.4,5.0,1
30,0,0,25.0,3.0,1
60,1,0,0.0,0.0,1
60,0,0,66.0,2.0,1
150,0,0,84.375,16.0,0
60,0,2,77.84615384615384,13.0,1
180,0,0,79.4,15.0,1
60,0,0,74.33333333333333,12.0,1
90,0,0,71.07692307692308,13.0,1
30,0,2,69.22222222222223,9.0,0
60,0,2,67.0,1.0,1
60,1,0,58.55,20.0,1
60,0,0,72.55555555555556,9.0,1
30,0,2,73.77777777777777,9.0,1
30,0,0,56.0,1.0,1
30,0,2,74.0,9.0,0
60,0,1,74.55,20.0,0
110,0,0,60.2,5.0,1
30,0,2,93.43478260869566,23.0,0
150,0,0,84.6,5.0,1
120,0,0,90.25,4.0,1
90,0,2,60.75,8.0,1
90,1,0,77.3529411764706,17.0,1
210,0,0,91.25,8.0,0
120,0,2,57.0,14.0,0
30,0,1,78.0,1.0,1
60,0,0,80.07692307692308,13.0,0
120,0,1,80.0,2.0,1
120,0,2,70.71428571428571,7.0,1
30,0,0,90.76190476190476,21.0,0
120,0,2,0.0,0.0,1
30,0,1,53.5,8.0,1
30,0,0,81.63636363636364,11.0,1
60,0,1,38.42857142857143,7.0,1
90,0,0,48.85714285714285,7.0,1
90,0,1,0.0,0.0,1
60,1,0,79.58333333333333,12.0,0
90,0,0,38.333333333333336,3.0,1
120,0,2,92.5,16.0,0
60,0,0,100.0,5.0,0
90,0,0,91.875,16.0,0
120,1,0,60.0,13.0,0
90,0,2,93.8,15.0,0
30,0,2,84.0,2.0,1
60,0,2,20.0,2.0,1
60,0,0,49.1,10.0,1
60,0,2,60.0,17.0,1
60,1,0,76.76190476190476,21.0,1
60,0,1,83.95238095238095,21.0,0
120,0,1,93.75,8.0,0
60,0,0,91.44444444444444,9.0,0
90,0,0,93.9375,16.0,0
60,0,2,71.05,20.0,0
60,0,0,67.6875,16.0,0
120,0,1,82.0,15.0,1
60,0,0,0.0,0.0,1
120,0,2,16.0,4.0,1
30,1,0,69.5,6.0,1
60,1,0,64.0,13.0,1
480,1,2,0.0,0.0,1
60,0,1,91.22222222222224,9.0,0
90,0,0,61.333333333333336,3.0,1
30,0,2,70.71428571428571,21.0,0
30,1,4,71.14285714285714,14.0,0
60,0,1,66.33333333333333,6.0,0
120,0,2,53.44444444444444,18.0,1
30,0,2,80.08333333333333,12.0,0
30,0,0,79.8,5.0,0
60,0,0,78.66666666666667,3.0,1
30,0,2,53.0,5.0,1
60,0,0,75.71428571428571,14.0,1
30,0,2,89.52380952380952,21.0,0
60,1,2,81.25,4.0,1
30,0,2,50.66666666666666,9.0,1
60,0,0,75.6,5.0,0
90,0,1,73.91666666666667,12.0,1
30,0,0,41.0,9.0,1
30,0,2,73.25,4.0,1
30,1,2,62.5,14.0,1
60,0,0,70.5625,16.0,0
120,0,0,84.65,20.0,0
120,0,2,60.333333333333336,3.0,1
60,0,2,66.25,16.0,0
60,0,0,75.07142857142857,14.0,0
30,0,2,88.875,16.0,0
120,0,2,77.2,5.0,1
30,0,1,78.76923076923077,13.0,0
120,0,0,59.4,10.0,1
60,0,1,66.93333333333334,15.0,0
60,0,0,62.16666666666666,6.0,1
60,0,1,71.66666666666667,9.0,0
60,0,1,91.75,16.0,0
60,0,0,71.61111111111111,18.0,0
90,0,1,90.5,6.0,1
60,0,1,82.83333333333333,12.0,0
60,0,2,0.0,0.0,1
30,0,2,71.0,4.0,0
150,0,2,0.0,0.0,1
60,1,0,54.333333333333336,6.0,1
60,0,2,70.73333333333333,15.0,0
30,0,0,57.42857142857143,7.0,1
30,0,0,37.8,5.0,1
60,0,1,68.5,8.0,1
90,0,2,71.5,2.0,1
90,0,2,49.6,5.0,1
210,0,2,83.5,12.0,1
60,0,2,93.6,5.0,0
150,0,2,0.0,0.0,1
120,0,2,45.875,8.0,0
210,0,0,42.3,10.0,1
30,1,2,70.66666666666667,9.0,1
30,0,0,76.28571428571429,21.0,0
30,0,1,98.55555555555556,9.0,0
60,0,0,81.0,6.0,0
60,1,0,62.6,5.0,1
90,0,2,73.57142857142857,7.0,1
60,0,2,96.22222222222224,9.0,0
60,0,2,88.625,16.0,0
120,0,1,82.42857142857143,7.0,1
60,0,2,82.21428571428571,14.0,0
30,0,2,68.9,10.0,1
90,0,0,89.16666666666667,6.0,0
60,0,0,61.66666666666666,9.0,1
60,0,1,96.11764705882354,17.0,0
30,0,2,24.33333333333333,3.0,1
60,0,0,100.0,3.0,1
60,0,0,95.0,5.0,0
90,0,0,91.25,16.0,0
150,0,0,89.0,1.0,1
60,0,2,57.5,12.0,1
60,0,2,84.11111111111111,9.0,0
60,0,0,78.0,11.0,1
90,0,3,90.4375,16.0,0
60,0,0,64.7,10.0,0
90,0,0,71.84615384615384,13.0,0
90,1,0,80.875,8.0,1
90,0,2,75.72727272727273,11.0,1
60,0,2,93.47368421052632,19.0,0
30,0,4,57.66666666666666,9.0,0
30,0,2,0.0,0.0,1
60,1,2,58.5,4.0,1
60,0,0,84.44444444444444,9.0,0
120,0,0,48.0,2.0,1
60,0,2,58.266666666666666,15.0,0
30,0,1,72.66666666666667,6.0,1
60,0,3,86.6,15.0,0
120,1,0,74.53846153846153,13.0,0
30,0,2,69.22222222222223,9.0,0
60,0,1,90.0,16.0,0
270,0,3,51.25,4.0,1
60,0,2,59.66666666666666,21.0,1
60,0,0,77.23809523809524,21.0,1
60,0,0,78.22222222222223,9.0,0
60,1,1,72.42105263157895,19.0,1
60,0,2,64.53846153846153,13.0,0
90,0,0,75.66666666666667,12.0,1
30,0,0,85.0,2.0,1
120,0,2,87.0,13.0,0
90,0,0,81.21428571428571,14.0,0
60,0,0,96.44444444444444,9.0,0
60,0,2,74.53333333333333,15.0,1
60,0,0,79.21428571428571,14.0,1
90,0,2,68.14285714285714,7.0,1
60,0,2,78.8,5.0,1
60,0,2,0.0,0.0,1
60,0,2,83.33333333333333,12.0,0
30,0,2,79.66666666666667,3.0,1
90,0,0,71.0,5.0,1
60,0,1,78.05555555555556,18.0,0
90,0,2,33.0,1.0,1
90,0,2,83.4,15.0,0
60,0,3,69.66666666666667,3.0,0
60,0,0,77.15384615384616,13.0,1
120,1,2,61.16666666666666,6.0,1
60,0,2,45.8,10.0,1
120,0,0,67.0,1.0,1
90,0,2,64.4,5.0,1
30,0,0,72.8,5.0,0
30,0,0,70.5,6.0,1
60,0,0,90.6,5.0,0
150,0,2,68.75,12.0,1
30,0,1,71.61538461538461,13.0,0
90,0,0,88.35714285714286,14.0,0
30,0,1,62.66666666666666,9.0,1
30,0,2,73.0,6.0,1
60,0,1,76.0,5.0,1
60,1,0,67.16666666666667,6.0,1
60,1,0,83.42857142857143,7.0,1
60,0,0,76.375,16.0,0
30,0,0,82.1,10.0,0
60,0,2,92.375,16.0,0
60,0,0,66.83333333333333,12.0,0
90,0,0,0.0,0.0,1
120,0,0,73.6875,16.0,0
60,0,0,62.70588235294117,17.0,1
30,0,0,57.8,10.0,1
60,0,1,59.2,5.0,1
120,0,2,74.71428571428571,7.0,1
90,0,2,76.92307692307692,13.0,1
90,0,2,49.72727272727273,11.0,1
60,0,0,79.0,4.0,1
30,0,0,75.625,8.0,1
60,0,2,67.25,16.0,0
90,0,0,81.125,16.0,0
60,0,0,67.93333333333334,15.0,1
60,0,0,93.625,16.0,0
30,0,0,94.38095238095238,21.0,0
60,0,2,88.84615384615384,13.0,0
90,0,1,90.875,16.0,0
60,0,0,59.42857142857143,7.0,1
60,0,0,82.95238095238095,21.0,0
30,0,1,93.61904761904762,21.0,0
120,0,2,91.0,4.0,1
60,0,0,49.2,5.0,1
90,0,0,65.76923076923077,13.0,1
30,0,2,67.66666666666667,9.0,1
60,0,1,86.5625,16.0,0
30,1,0,61.25,4.0,1
60,0,2,52.0,5.0,1
60,0,1,83.14285714285714,7.0,1
60,0,0,50.57142857142857,7.0,1
90,0,1,63.76923076923077,13.0,0
30,0,2,73.33333333333333,6.0,1
60,0,2,67.8,10.0,1
90,0,2,82.5,4.0,1
150,0,4,83.85714285714286,14.0,0
60,0,0,71.75,8.0,1
30,1,0,55.2,10.0,1
60,0,0,69.85714285714286,7.0,1
60,0,1,82.46666666666667,15.0,1
60,0,2,58.05882352941177,17.0,1
90,0,2,95.0,5.0,1
90,0,2,81.125,8.0,1
60,0,2,71.33333333333333,6.0,1
30,0,2,64.0,5.0,0
60,0,2,71.5,8.0,0
60,0,2,82.9047619047619,21.0,0
60,0,4,97.125,8.0,0
90,0,0,80.35714285714286,14.0,1
60,0,0,76.85714285714286,14.0,1
60,0,0,87.875,16.0,0
60,1,0,65.25,4.0,1
60,0,2,80.46153846153847,13.0,0
120,0,1,73.47619047619048,21.0,0
30,0,0,71.8125,16.0,0
30,1,0,61.5625,16.0,0
60,0,2,65.58333333333333,12.0,0
30,0,0,79.4,5.0,0
90,0,1,81.5,4.0,1
60,0,0,65.0,5.0,0
90,0,0,80.06666666666666,15.0,1
90,0,0,86.26666666666667,15.0,0
60,0,0,74.42857142857143,21.0,0
60,0,2,67.6923076923077,13.0,1
30,0,0,50.142857142857146,7.0,1
90,0,0,72.3076923076923,13.0,1
90,0,1,55.25,4.0,1
60,0,0,76.875,16.0,0
60,0,2,0.0,0.0,1
120,1,2,70.8,5.0,1
30,0,0,61.0,5.0,1
150,0,1,61.25,4.0,1
60,0,0,61.25,4.0,0
60,0,1,74.8,5.0,1
30,1,2,75.5,6.0,1
120,0,0,48.66666666666666,3.0,1
60,0,0,89.8125,16.0,0
90,0,0,79.22222222222223,9.0,0
60,0,0,63.73333333333333,15.0,1
90,1,0,56.75,8.0,1
90,0,0,56.0,1.0,1
30,0,0,64.84615384615384,13.0,1
30,0,0,91.25,4.0,1
150,0,2,95.71428571428572,7.0,1
60,0,0,81.28571428571429,7.0,1
60,0,1,61.0,2.0,1
60,1,1,75.04347826086956,23.0,0
30,0,0,58.285714285714285,7.0,0
30,0,0,75.5,16.0,0
60,0,1,74.25,16.0,0
60,0,0,86.11111111111111,9.0,0
30,0,0,71.54545454545455,11.0,1
60,0,0,54.42857142857143,14.0,0
60,0,0,70.2,10.0,1
60,1,1,82.25,4.0,1
150,0,2,70.57142857142857,7.0,1
90,0,0,66.25,4.0,1
120,0,0,89.8,5.0,1
60,1,4,86.63636363636364,11.0,1
90,0,2,60.85714285714285,7.0,1
60,0,0,0.0,0.0,1
30,0,1,61.083333333333336,12.0,1
30,0,0,70.38461538461539,13.0,1
90,0,0,78.2,5.0,0
60,0,2,84.0,3.0,1
90,0,2,66.45454545454545,11.0,1
60,0,2,76.3,10.0,0
90,1,0,79.15384615384616,13.0,0
60,0,0,89.33333333333333,15.0,0
60,1,0,53.66666666666666,9.0,1
120,0,1,61.77777777777778,9.0,1
90,0,0,88.0,21.0,0
30,0,0,67.38461538461539,13.0,0
30,0,2,59.5,12.0,1
60,0,2,60.8125,16.0,0
60,0,1,96.41176470588236,17.0,0
60,0,2,85.33333333333333,21.0,0
30,0,2,62.77777777777778,9.0,0
60,1,2,68.75,8.0,1
60,0,0,78.22222222222223,9.0,0
60,0,2,82.5,2.0,1
60,1,2,77.125,8.0,1
30,0,2,72.5,4.0,1
180,0,2,56.11111111111112,9.0,1
30,0,0,57.75,4.0,1
60,0,0,98.88888888888889,9.0,0
90,0,0,72.0,4.0,1
60,0,1,71.0,2.0,1
30,0,0,69.11111111111111,9.0,1
90,0,2,95.5,4.0,1
60,0,0,86.625,8.0,1
60,0,0,0.0,0.0,1
30,0,0,86.25,12.0,1
60,0,0,82.88888888888889,9.0,0
60,0,0,76.6,5.0,1
60,0,0,88.36363636363636,11.0,1
120,0,1,90.75,12.0,1
60,0,0,77.0,16.0,0
60,0,1,74.92307692307692,13.0,1
60,0,0,53.5,8.0,1
30,0,0,72.76923076923077,13.0,1
30,0,0,75.84615384615384,13.0,0
60,0,1,71.625,8.0,1
120,0,0,77.33333333333333,6.0,0
30,0,0,77.5,4.0,1
30,1,1,56.61538461538461,13.0,1
60,0,1,96.4,5.0,0
90,0,2,50.66666666666666,9.0,1
120,0,1,67.83333333333333,6.0,0
60,0,2,46.285714285714285,7.0,1
60,0,2,96.38095238095238,21.0,0
90,0,0,83.6,5.0,0
30,0,0,66.42857142857143,7.0,1
30,0,0,81.6,5.0,0
60,0,1,84.23809523809524,21.0,0
60,0,2,85.3076923076923,13.0,0
60,0,0,71.0625,16.0,0
60,0,0,73.5,2.0,1
60,0,3,63.36363636363637,11.0,0
90,0,1,67.375,8.0,1
30,1,2,64.0,4.0,1
30,0,2,48.333333333333336,9.0,1
30,0,1,84.6875,16.0,0
90,0,2,72.85714285714286,7.0,1
30,1,1,54.0,2.0,1
90,1,2,56.85714285714285,7.0,1
60,0,2,44.833333333333336,6.0,1
30,0,1,61.11111111111112,9.0,1
60,0,0,76.875,16.0,0
90,1,1,46.94736842105263,19.0,0
60,1,2,64.78947368421052,19.0,0
30,0,2,0.0,0.0,1
90,1,0,66.8125,16.0,1
30,0,1,91.33333333333331,9.0,0
60,0,0,72.15384615384616,13.0,0
30,0,2,46.8,10.0,1
30,0,0,76.75,12.0,0
90,0,0,81.4,10.0,0
120,0,2,56.0,1.0,1
30,0,2,99.0,2.0,1
30,0,2,86.25,4.0,1
30,0,0,0.0,0.0,1
60,0,0,71.5,8.0,1
120,0,2,67.0,1.0,1
30,0,1,62.76923076923077,13.0,1
60,0,0,82.23809523809524,21.0,0
30,0,0,55.16666666666666,12.0,1
30,0,2,93.0625,16.0,0
30,1,0,69.8,5.0,1
60,0,2,56.0,1.0,1
120,0,1,85.5,12.0,1
60,1,0,67.95238095238095,21.0,0
60,0,2,70.0,5.0,1
60,1,2,59.333333333333336,15.0,0
120,0,0,67.0,1.0,1
30,0,0,72.16666666666667,18.0,0
60,0,0,90.57142857142856,21.0,0
60,0,0,68.125,16.0,0
30,1,0,59.0,10.0,0
90,0,1,91.0,7.0,1
60,0,2,83.91666666666667,12.0,1
90,0,2,96.83333333333331,12.0,1
30,0,1,71.16666666666667,6.0,1
60,0,0,79.57142857142857,7.0,1
120,0,2,64.0,2.0,1
120,0,0,0.0,0.0,1
60,0,0,85.22222222222223,9.0,0
60,0,0,49.0,7.0,1
120,0,2,85.54545454545455,11.0,1
60,0,0,85.42857142857143,7.0,0
90,0,0,74.5,4.0,1
90,0,2,89.5,4.0,1
60,0,0,82.125,16.0,0
90,0,0,76.0,16.0,0
60,0,2,85.0,1.0,1
90,0,1,74.66666666666667,12.0,1
30,0,1,64.25,4.0,1
60,0,0,75.25,16.0,1
90,0,0,86.33333333333333,9.0,0
60,0,1,44.0,1.0,1
30,0,2,55.2,5.0,1
60,0,0,86.6875,16.0,0
120,0,0,66.625,16.0,0
60,0,0,94.6,5.0,0
60,1,2,70.16666666666667,6.0,1
60,0,0,87.8125,16.0,0
60,0,1,89.75,4.0,1
60,0,1,70.33333333333333,6.0,1
60,0,1,66.06666666666666,15.0,0
60,0,0,79.57142857142857,21.0,0
30,0,0,80.0,3.0,1
60,0,0,80.75,12.0,0
30,0,2,86.71428571428571,14.0,0
60,0,0,80.19047619047619,21.0,0
30,0,0,80.0,6.0,0
120,0,0,70.4,10.0,1
30,0,1,79.0,13.0,0
60,0,0,64.52380952380952,21.0,0
60,0,2,100.0,1.0,1
60,0,0,86.0,16.0,0
120,0,0,81.33333333333333,15.0,0
60,0,1,91.84615384615384,13.0,0
120,0,0,59.5,6.0,1
60,1,0,84.8,5.0,1
60,0,2,75.0952380952381,21.0,1
90,0,0,74.66666666666667,3.0,1
90,1,1,72.53846153846153,13.0,0
90,0,0,0.0,0.0,1
30,0,1,73.0,9.0,1
60,0,1,80.875,16.0,1
60,0,0,64.57894736842105,19.0,0
30,0,2,0.0,0.0,1
90,0,0,0.0,0.0,1
60,0,0,90.0625,16.0,0
90,0,1,82.07142857142857,14.0,1
60,0,0,84.0,5.0,1
30,1,0,66.6,5.0,1
30,0,2,55.8,5.0,1
30,1,0,81.0,6.0,1
60,0,2,80.58333333333333,12.0,0
90,1,2,68.58333333333333,12.0,1
60,0,2,78.75,4.0,1
90,0,0,83.0,1.0,1
30,0,0,81.16666666666667,6.0,1
60,1,0,75.0,4.0,1
60,0,2,63.8,15.0,1
60,0,0,77.1875,16.0,0
60,0,0,80.0,21.0,0
60,0,0,65.0,3.0,1
30,0,0,51.55555555555556,9.0,1
60,0,0,73.07692307692308,13.0,1
60,0,2,51.5,8.0,1
60,0,1,67.5,4.0,1
60,0,2,81.5625,16.0,1
90,0,2,44.0,1.0,1
120,0,2,67.85714285714286,7.0,1
60,0,0,53.2,15.0,1
30,1,2,38.142857142857146,7.0,1
90,0,2,56.125,8.0,1
60,0,0,91.55555555555556,9.0,0
60,1,0,71.92307692307692,13.0,0
60,0,0,88.5,16.0,0
60,1,0,0.0,0.0,1
60,0,1,96.66666666666669,9.0,0
150,0,0,0.0,0.0,1
60,0,2,81.71428571428571,7.0,1
60,0,1,90.5,8.0,1
60,0,2,81.33333333333333,9.0,0
60,0,1,74.3076923076923,13.0,0
60,0,0,80.6,5.0,0
60,1,2,63.125,8.0,0
90,0,0,80.88888888888889,9.0,1
60,0,0,93.21428571428572,14.0,0
30,0,0,82.84615384615384,13.0,0
90,0,0,77.33333333333333,21.0,0
30,0,2,89.0,1.0,1
60,0,0,83.14285714285714,7.0,0
30,0,1,0.0,0.0,1
90,0,1,67.0,1.0,1
120,0,0,98.33333333333331,12.0,0
60,1,0,74.42857142857143,14.0,0
60,0,0,0.0,0.0,1
90,0,0,77.23076923076923,13.0,1
60,0,2,63.333333333333336,3.0,1
120,0,2,75.5,2.0,1
30,1,2,63.61538461538461,13.0,1
60,0,0,99.0,2.0,1
30,0,2,79.77777777777777,9.0,0
60,0,2,78.0,4.0,1
90,0,0,69.38461538461539,13.0,1
150,0,2,75.64285714285714,14.0,1
60,0,0,83.33333333333333,3.0,1
90,0,0,86.75,16.0,0
60,0,4,80.4,5.0,1
60,0,1,90.75,16.0,0
60,1,0,99.33333333333331,3.0,1
30,0,0,96.8,5.0,0
90,0,1,33.0,1.0,1
90,0,1,88.11111111111111,9.0,0
30,0,2,65.8,5.0,0
60,0,0,77.75,4.0,1
60,0,0,75.8,10.0,1
90,0,0,88.88888888888889,9.0,0
60,0,4,81.76190476190476,21.0,0
60,0,0,67.61538461538461,13.0,0
120,0,0,90.0,6.0,1
60,0,2,70.6,5.0,1
180,0,2,64.0,1.0,1
30,0,0,60.6,5.0,0
60,1,1,81.42857142857143,21.0,0
120,0,1,46.583333333333336,12.0,1
60,0,2,79.6,5.0,1
120,0,0,77.75,8.0,0
60,0,1,84.0,7.0,0
90,0,0,91.36363636363636,11.0,1
30,0,0,91.3076923076923,13.0,0
60,0,0,66.94736842105263,19.0,0
90,0,2,67.16666666666667,6.0,1
160,0,0,76.5,2.0,1
30,1,1,82.1,10.0,1
60,0,0,0.0,0.0,1
60,0,2,63.80952380952381,21.0,1
120,1,2,78.28571428571429,14.0,0
60,0,0,0.0,0.0,1
60,0,2,90.0625,16.0,1
60,0,1,97.11111111111111,9.0,0
60,0,1,86.28571428571429,7.0,1
90,0,2,84.8125,16.0,0
60,1,0,44.66666666666666,3.0,1
90,0,1,95.66666666666669,9.0,0
120,0,1,86.77777777777777,9.0,0
60,0,1,87.4,5.0,1
60,0,0,94.66666666666669,21.0,0
60,1,1,69.0,8.0,1
60,0,1,81.5,2.0,1
120,0,1,90.9375,16.0,0
60,0,0,54.3,20.0,1
60,0,2,74.25,16.0,0
90,0,0,73.91666666666667,12.0,0
60,0,0,88.55555555555556,9.0,0
60,1,1,90.15384615384616,13.0,0
60,0,0,72.72727272727273,11.0,0
60,0,0,96.0,10.0,1
60,1,1,77.30434782608695,23.0,0
30,0,1,76.0,12.0,1
120,0,0,35.8,10.0,1
60,1,0,76.8,5.0,1
210,0,2,37.5,2.0,1
60,0,0,73.9047619047619,21.0,0
90,0,0,85.44444444444444,9.0,0
30,0,0,79.66666666666667,3.0,1
60,0,2,60.4,5.0,1
60,0,0,91.88888888888889,9.0,0
60,0,0,79.6923076923077,13.0,0
30,0,4,89.3,10.0,1
60,1,0,52.16666666666666,6.0,0
60,0,0,86.53846153846153,13.0,0
30,0,0,82.92307692307692,13.0,0
60,0,2,86.88888888888889,9.0,0
120,1,2,0.0,0.0,1
180,0,0,45.75,4.0,1
60,0,0,87.66666666666667,21.0,0
60,0,4,92.4375,16.0,0
60,0,2,92.8095238095238,21.0,0
60,0,0,0.0,0.0,1
30,1,0,69.57142857142857,7.0,1
60,0,1,71.6,10.0,0
60,0,1,53.11111111111112,9.0,0
60,0,0,74.25,8.0,0
60,0,1,69.875,8.0,0
30,0,2,30.666666666666668,3.0,1
30,0,0,76.46153846153847,13.0,0
60,0,1,79.16666666666667,6.0,1
60,0,0,74.4,5.0,1
60,0,0,89.0,1.0,1
90,0,1,78.55555555555556,9.0,0
120,1,0,78.0,9.0,0
60,0,1,48.833333333333336,12.0,1
30,0,0,74.22222222222223,9.0,0
60,0,0,86.4,15.0,0
60,0,0,73.5,2.0,1
60,0,0,84.1875,16.0,0
30,0,1,98.8,5.0,0
60,0,2,90.8,5.0,0
60,1,2,76.2,15.0,0
60,0,0,82.15384615384616,13.0,0
60,0,0,94.77777777777776,9.0,0
120,0,0,0.0,0.0,1
60,0,2,66.6,5.0,1
60,1,0,68.47368421052632,19.0,0
60,0,0,89.125,16.0,0
90,0,2,87.25,12.0,1
60,0,0,85.65,20.0,0
30,0,2,23.666666666666668,3.0,1
180,0,2,92.85714285714286,7.0,1
60,0,2,66.84615384615384,13.0,0
60,1,2,92.28571428571428,14.0,1
30,1,0,48.0,12.0,1
120,0,0,70.0,15.0,1
30,0,2,82.9375,16.0,0
30,0,0,71.88235294117646,17.0,1
60,0,2,84.375,16.0,0
120,1,0,75.85714285714286,14.0,0
60,0,0,46.77777777777778,9.0,1
90,0,0,0.0,0.0,1
30,0,0,64.6,5.0,1
60,0,0,84.61904761904762,21.0,0
60,0,0,70.14285714285714,7.0,1
60,0,0,70.42857142857143,21.0,1
60,1,0,75.93333333333334,15.0,1
60,1,0,76.1875,16.0,0
60,0,1,97.33333333333331,12.0,0
60,0,0,95.07692307692308,13.0,0
30,0,1,87.25,4.0,1
90,0,2,58.44444444444444,9.0,0
30,0,0,72.71428571428571,21.0,1
30,0,2,66.8,5.0,1
60,0,1,67.3125,16.0,1
30,0,0,72.92307692307692,13.0,0
120,0,0,22.0,1.0,1
30,0,0,80.85714285714286,7.0,1
60,0,2,90.76923076923076,13.0,0
60,0,2,92.92307692307692,13.0,0
30,0,1,67.0,7.0,1
30,0,1,61.3125,16.0,0
90,1,2,67.33333333333333,12.0,1
90,1,0,71.6,20.0,1
30,0,2,47.0,5.0,1
120,0,0,62.6,5.0,1
90,0,1,88.6,5.0,0
60,0,2,88.76923076923077,13.0,0
150,0,0,71.4,5.0,1
90,0,0,82.3076923076923,13.0,1
120,1,0,92.75,8.0,1
120,0,0,0.0,0.0,1
60,1,0,68.8125,16.0,0
90,0,2,85.8,5.0,1
60,0,2,44.333333333333336,6.0,1
60,0,2,55.8,15.0,1
60,0,2,83.2,5.0,0
60,1,0,74.23809523809524,21.0,0
150,0,2,66.42857142857143,7.0,1
90,0,0,92.44444444444444,9.0,0
60,0,2,69.25,4.0,1
30,1,2,77.25,4.0,1
90,0,2,51.42857142857143,7.0,1
90,0,1,49.0,7.0,1
60,0,2,85.13333333333334,15.0,1
60,0,0,84.1875,16.0,0
60,0,1,93.0952380952381,21.0,0
90,1,0,43.66666666666666,3.0,1
30,0,2,53.0,9.0,1
30,0,0,69.42857142857143,7.0,1
60,0,1,59.9375,16.0,0
90,0,2,87.16666666666667,12.0,1
30,0,0,83.0,13.0,0
60,0,0,66.0,4.0,1
60,0,2,81.04761904761905,21.0,0
30,0,1,78.0,1.0,1
60,0,2,84.11764705882354,17.0,0
60,0,2,0.0,0.0,1
60,0,2,96.5,4.0,1
90,0,0,85.92307692307692,13.0,0
150,0,0,74.88888888888889,9.0,0
30,0,2,94.2,5.0,0
120,0,3,0.0,0.0,1
60,0,2,88.55555555555556,9.0,0
30,1,1,96.16666666666669,6.0,0
90,0,0,0.0,0.0,1
30,1,4,99.0,14.0,0
30,0,2,78.5,4.0,1
90,1,2,82.66666666666667,3.0,1
60,0,0,52.375,16.0,1
60,0,0,86.33333333333333,9.0,0
150,0,0,65.375,8.0,0
60,1,0,23.142857142857142,7.0,1
60,0,2,81.0,4.0,1
60,0,2,90.0,16.0,0
60,0,2,52.0,7.0,1
60,1,2,28.6,5.0,1
60,0,1,78.73333333333333,15.0,0
30,0,2,72.0,1.0,1
60,0,1,83.875,16.0,0
60,0,2,27.75,4.0,1
30,0,1,60.91666666666666,12.0,0
90,1,1,92.66666666666669,6.0,1
30,0,2,69.5,6.0,1
60,0,2,60.333333333333336,3.0,1
90,1,2,76.25,4.0,1
90,0,0,88.85714285714286,7.0,1
30,0,1,80.25,16.0,0
120,0,0,54.0,1.0,1
30,0,2,90.0,9.0,0
30,0,2,68.0,12.0,1
90,0,2,9.0,2.0,1
60,0,0,85.66666666666667,18.0,0
60,1,2,82.61538461538461,13.0,0
60,0,2,75.4,10.0,1
60,1,2,81.83333333333333,18.0,0
120,0,0,67.125,8.0,0
30,0,0,76.45454545454545,11.0,0
30,1,0,83.33333333333333,6.0,1
60,0,0,78.75,4.0,1
30,0,0,91.88888888888889,9.0,0
30,0,0,67.16666666666667,6.0,1
60,0,0,65.0,21.0,1
30,0,0,57.16666666666666,12.0,1
120,0,0,61.6,10.0,0
30,0,2,43.0,3.0,1
120,0,2,75.25,8.0,1
60,0,1,90.25,8.0,0
60,0,4,87.0952380952381,21.0,0
30,0,2,67.3076923076923,13.0,1
30,0,2,86.92307692307692,13.0,0
120,0,0,90.75,8.0,0
90,0,2,37.44444444444444,9.0,1
30,0,0,78.0,1.0,1
60,1,0,79.75,4.0,1
60,0,2,69.57142857142857,7.0,1
60,0,1,76.52380952380952,21.0,0
30,0,0,77.04761904761905,21.0,0
60,0,2,74.85714285714286,14.0,0
60,0,0,79.9,10.0,0
60,0,1,95.0,21.0,0
60,0,1,80.26666666666667,15.0,0
60,0,2,80.42857142857143,7.0,0
90,0,2,67.4,5.0,1
30,0,0,56.66666666666666,3.0,1
150,0,0,22.5,2.0,1
180,0,0,77.57142857142857,7.0,1
60,0,0,77.85714285714286,14.0,1
30,0,0,72.58333333333333,12.0,0
180,1,0,65.91666666666667,12.0,1
60,0,0,93.4,5.0,1
180,1,0,74.06666666666666,15.0,0
30,0,0,77.41666666666667,12.0,0
90,0,2,88.75,4.0,1
60,1,2,35.0,2.0,1
60,0,2,69.05882352941177,17.0,1
90,0,0,83.5,4.0,1
60,0,0,83.125,16.0,0
60,0,2,99.33333333333331,9.0,0
60,0,1,61.92307692307692,13.0,1
60,1,2,65.33333333333333,6.0,1
60,0,2,82.0,8.0,0
60,1,0,88.0,21.0,0
60,1,1,83.38095238095238,21.0,0
90,0,0,67.0,1.0,1
60,0,2,51.375,8.0,1
60,0,0,66.47619047619048,21.0,1
90,0,1,72.4,10.0,1
30,0,0,69.71428571428571,7.0,1
60,0,1,89.57142857142857,21.0,0
30,1,0,48.36842105263158,19.0,1
120,0,0,71.22222222222223,9.0,0
120,0,0,71.2,5.0,1
60,0,0,72.22222222222223,18.0,0
60,0,1,94.44444444444444,9.0,0
60,0,2,87.47619047619048,21.0,0
240,0,0,0.0,0.0,1
60,0,1,85.38461538461539,13.0,0
90,0,2,87.75,4.0,1
60,0,0,39.07692307692308,13.0,1
120,0,1,96.33333333333331,21.0,0
60,0,2,80.5,16.0,0
90,0,2,73.0,6.0,1
60,1,0,83.16666666666667,12.0,1
30,0,1,75.92307692307692,13.0,1
30,0,1,92.6153846153846,13.0,0
60,0,0,92.4375,16.0,0
60,0,1,88.0,4.0,1
90,0,4,99.55555555555556,9.0,0
30,0,2,63.22222222222222,9.0,0
60,1,0,77.55555555555556,9.0,0
60,0,1,93.8125,16.0,0
60,0,1,96.125,16.0,0
60,0,0,98.28571428571428,14.0,1
90,0,0,81.5,6.0,1
90,0,2,79.86666666666666,15.0,1
120,0,0,79.7,20.0,0
30,0,1,76.23076923076923,13.0,0
30,0,0,79.76923076923077,13.0,0
30,1,0,60.0,2.0,1
60,1,2,67.0,1.0,1
30,0,0,93.0,5.0,0
60,0,0,87.5,4.0,1
60,0,0,82.8,5.0,0
60,0,2,76.875,8.0,0
90,0,0,75.0,5.0,1
60,1,2,48.71428571428572,7.0,1
60,0,0,84.16666666666667,6.0,1
30,0,0,89.77777777777777,9.0,0
60,0,1,97.0,9.0,0
60,0,2,87.625,8.0,1
60,1,1,87.0,5.0,1
60,0,0,73.23076923076923,13.0,1
120,0,2,95.66666666666669,3.0,1
30,0,4,94.1875,16.0,0
30,0,0,59.53333333333333,15.0,1
30,0,0,93.0,9.0,0
60,0,0,79.0,6.0,1
60,0,1,87.14285714285714,21.0,0
60,0,2,53.25,4.0,1
180,0,0,72.45454545454545,11.0,1
90,0,2,57.642857142857146,14.0,1
60,0,4,94.14285714285714,21.0,0
60,0,4,84.86666666666666,15.0,1
90,0,2,49.125,8.0,1
120,0,0,84.33333333333333,18.0,0
30,0,0,67.33333333333333,9.0,0
60,0,2,60.92307692307692,13.0,0
90,0,0,84.9090909090909,11.0,1
30,0,0,60.09090909090909,11.0,1
30,0,0,73.0,9.0,0
60,0,0,100.0,5.0,0
30,0,0,78.92307692307692,13.0,0
60,0,2,79.83333333333333,12.0,1
60,0,0,81.23076923076923,13.0,0
60,0,4,96.375,16.0,0
30,0,0,78.0,1.0,1
90,0,1,84.26666666666667,15.0,1
60,0,0,88.2,5.0,0
30,0,2,85.16666666666667,6.0,1
60,0,1,78.10526315789474,19.0,0
30,0,0,76.28571428571429,7.0,1
60,0,0,83.4375,16.0,0
30,0,1,94.6,5.0,0
30,0,2,64.11111111111111,9.0,1
120,0,1,89.33333333333333,21.0,0
60,0,0,83.6923076923077,13.0,0
60,0,2,70.25,12.0,1
60,0,0,60.8125,16.0,0
60,1,1,0.0,0.0,1
60,0,0,61.1,10.0,1
90,0,0,79.33333333333333,6.0,1
60,1,2,70.2,5.0,1
60,0,0,64.125,16.0,0
30,1,4,58.47058823529412,17.0,0
150,0,0,51.833333333333336,6.0,1
30,0,0,97.55555555555556,9.0,0
60,0,1,79.4,5.0,0
90,0,0,96.77777777777776,9.0,0
30,0,0,61.888888888888886,9.0,0
60,0,4,96.6923076923077,13.0,0
120,0,0,47.5,2.0,1
90,0,2,88.125,16.0,0
120,0,0,94.77777777777776,9.0,0
120,0,2,33.0,1.0,1
30,0,1,88.8,5.0,0
90,0,0,79.0,4.0,1
120,0,0,67.0,1.0,1
120,0,0,84.0,6.0,0
90,0,0,81.5,4.0,1
60,0,0,0.0,0.0,1
150,0,1,92.76190476190476,21.0,0
90,0,0,82.625,8.0,0
60,0,1,67.11111111111111,9.0,0
90,0,0,0.0,0.0,1
180,0,0,53.75,4.0,1
90,0,1,6.0,1.0,1
90,0,0,48.13333333333333,15.0,1
120,0,1,93.9047619047619,21.0,0
120,0,0,98.11111111111111,9.0,0
150,0,0,33.25,4.0,1
60,0,0,90.3076923076923,13.0,0
120,0,4,0.0,0.0,1
120,0,0,67.0,1.0,1
120,0,0,84.5,6.0,0
280,0,1,0.0,0.0,1
60,0,0,22.0,1.0,1
60,0,0,78.5,8.0,0
150,0,0,59.083333333333336,12.0,1
360,0,0,0.0,0.0,1
120,0,0,0.0,0.0,1
90,0,3,63.0,2.0,1
120,0,0,0.0,0.0,1
90,0,1,0.0,0.0,1
150,0,2,63.6875,16.0,0
60,0,0,49.8,5.0,1
120,0,0,76.38095238095238,21.0,0
120,0,2,28.5,2.0,1
30,0,2,80.33333333333333,9.0,0
120,0,0,63.125,8.0,1
90,0,0,56.66666666666666,3.0,1
30,0,0,0.0,0.0,1
30,0,2,89.0,9.0,0
60,0,2,87.3076923076923,13.0,0
90,0,0,0.0,0.0,1
150,0,0,74.33333333333333,3.0,1
150,0,2,56.0,2.0,1
120,0,0,73.6,5.0,0
90,0,0,72.125,16.0,0
150,0,2,54.0,6.0,1
60,0,0,92.4,5.0,0
60,0,0,55.125,8.0,0
150,0,2,0.0,0.0,1
120,0,1,55.5,12.0,1
90,0,2,0.0,0.0,1
120,0,1,0.0,0.0,1
60,0,0,0.0,0.0,1
120,0,0,85.0,2.0,1
120,0,0,0.0,0.0,1
60,0,1,86.33333333333333,9.0,0
60,0,1,78.83333333333333,6.0,1
90,0,0,87.0,4.0,1
60,0,1,57.142857142857146,7.0,1
60,0,2,87.75,4.0,1
90,0,0,95.25,4.0,1
120,0,0,84.25,8.0,0
180,0,2,49.5,2.0,1
120,0,1,57.0,2.0,1
120,0,0,54.125,16.0,1
90,0,1,75.71428571428571,7.0,1
30,0,1,85.55555555555556,9.0,0
120,0,0,92.22222222222224,9.0,0
60,0,0,93.66666666666669,9.0,0
150,0,2,68.75,20.0,0
90,0,0,91.6,5.0,0
90,0,0,0.0,0.0,1
120,0,0,69.46153846153847,13.0,0
120,0,2,72.2,5.0,1
180,0,1,88.22222222222223,9.0,0
120,0,2,82.4,5.0,1
120,0,1,88.0,4.0,1
90,0,0,91.11111111111111,9.0,0
120,0,0,89.66666666666667,21.0,0
30,0,4,94.33333333333331,9.0,0
60,0,1,99.5,8.0,0
150,0,0,11.0,1.0,1
60,0,0,64.28571428571429,7.0,0
120,0,0,90.5,8.0,0
120,0,2,68.57142857142857,7.0,1
60,0,1,96.33333333333331,9.0,0
240,0,2,0.0,0.0,1
120,0,0,86.0,6.0,0
60,0,2,0.0,0.0,1
90,0,1,84.66666666666667,21.0,0
60,0,1,78.0,1.0,1
30,0,2,75.22222222222223,9.0,0
120,0,1,0.0,0.0,1
90,0,0,69.22222222222223,9.0,1
110,0,2,97.0625,16.0,0
120,0,0,72.16666666666667,6.0,1
90,0,1,90.0,3.0,1
120,0,1,0.0,0.0,1
120,0,0,82.75,8.0,1
90,0,2,80.21428571428571,14.0,1
60,0,4,59.45454545454545,11.0,0
120,0,0,0.0,0.0,1
30,0,1,82.33333333333333,9.0,0
90,0,0,92.55555555555556,9.0,0
150,0,0,43.333333333333336,9.0,1
60,0,1,93.0,3.0,1
60,0,0,98.4,5.0,0
120,0,2,53.333333333333336,9.0,0
150,0,1,57.0,1.0,1
60,0,0,84.33333333333333,9.0,0
60,0,0,66.66666666666667,3.0,1
90,0,2,51.333333333333336,3.0,1
90,0,1,75.0,4.0,1
120,0,0,50.0625,16.0,0
60,0,2,0.0,0.0,1
120,0,0,0.0,0.0,1
120,0,0,0.0,0.0,1
60,0,0,0.0,0.0,1
30,0,0,0.0,0.0,1
60,0,2,67.5,2.0,1
120,0,0,0.0,0.0,1
60,0,0,86.08333333333333,12.0,0
180,0,0,70.4,5.0,1
120,0,0,67.81818181818181,11.0,0
120,0,2,0.0,0.0,1
120,0,0,97.77777777777776,9.0,0
150,0,1,75.58333333333333,12.0,1
120,0,0,64.0,2.0,1
120,0,0,82.66666666666667,3.0,1
120,0,0,84.7,10.0,0
60,0,0,46.22222222222222,9.0,1
120,0,0,70.5,2.0,1
120,0,0,84.125,8.0,0
90,0,0,74.5,4.0,1
30,0,4,44.0,1.0,1
60,0,0,17.5,2.0,1
60,0,2,81.33333333333333,9.0,0
60,0,0,59.07692307692308,13.0,0
120,0,0,96.0,2.0,1
60,0,3,0.0,0.0,1
60,0,0,83.08333333333333,12.0,0
210,0,2,0.0,0.0,1
60,0,0,67.25,8.0,0
120,0,0,71.04761904761905,21.0,0
120,0,4,81.16666666666667,6.0,0
90,0,1,67.0,1.0,1
60,0,0,76.38461538461539,13.0,0
120,0,2,0.0,0.0,1
90,0,0,83.33333333333333,12.0,1
120,0,0,81.25,4.0,1
60,0,2,99.33333333333331,9.0,0
60,0,1,80.0,9.0,0
120,0,0,64.33333333333333,3.0,1
90,0,0,0.0,0.0,1
120,0,2,0.0,0.0,1
90,0,0,0.0,0.0,1
120,0,0,73.91666666666667,12.0,1
120,0,0,66.38095238095238,21.0,1
120,0,0,0.0,0.0,1
120,0,2,0.0,0.0,1
60,0,0,0.0,0.0,1
90,0,2,84.4,5.0,0
60,0,2,63.0,3.0,1
60,0,0,78.22222222222223,9.0,0
30,0,4,71.2,5.0,0
120,0,0,0.0,0.0,1
210,0,2,0.0,0.0,1
120,0,2,69.53333333333333,15.0,0
270,0,0,33.0,1.0,1
120,0,2,67.0,1.0,1
240,0,2,62.285714285714285,7.0,1
60,0,2,39.0,4.0,1
180,0,0,91.2,5.0,0
60,0,0,92.44444444444444,9.0,0
90,0,0,77.3,10.0,1
90,0,2,70.25,4.0,1
90,0,2,0.0,0.0,1
90,0,0,74.61538461538461,13.0,0
120,0,0,0.0,0.0,1
120,0,0,70.42857142857143,7.0,1
120,0,2,0.0,0.0,1
60,0,0,87.22222222222223,9.0,0
90,0,3,67.22222222222223,9.0,0
90,0,0,25.0,2.0,1
120,0,2,0.0,0.0,1
120,0,0,60.63636363636363,11.0,1
90,0,0,67.0,5.0,1
75,0,4,50.625,8.0,1
90,0,2,66.25,4.0,0
60,0,0,100.0,1.0,1
90,0,0,83.14285714285714,7.0,0
90,0,0,0.0,0.0,1
120,0,0,0.0,0.0,1
90,0,0,82.75,4.0,1
60,0,1,77.0,9.0,0
60,0,2,51.0,3.0,1
60,0,0,56.0,1.0,1
60,0,2,66.66666666666667,9.0,1
60,0,0,0.0,0.0,1
120,0,1,72.66666666666667,6.0,1
150,0,0,54.16666666666666,12.0,1
90,0,1,82.71428571428571,21.0,0
120,0,0,0.0,0.0,1
120,0,2,79.75,12.0,1
60,0,0,91.8,5.0,0
90,0,2,0.0,0.0,1
120,0,0,48.875,8.0,0
120,0,1,0.0,0.0,1
60,0,1,62.833333333333336,6.0,1
180,0,0,59.625,8.0,1
120,0,2,76.5,12.0,0
60,0,0,97.33333333333331,9.0,0
90,0,0,90.0,4.0,1
90,0,0,78.0,1.0,1
120,0,0,0.0,0.0,1
120,0,0,90.2,5.0,0
150,0,0,0.0,0.0,1
30,0,0,72.5,2.0,1
30,0,0,0.0,0.0,1
120,0,0,0.0,1.0,1
60,0,1,0.0,0.0,1
90,0,1,0.0,0.0,1
60,0,0,0.0,0.0,1
60,0,0,87.66666666666667,9.0,0
120,0,1,93.8125,16.0,0
120,0,0,80.6875,16.0,0
120,0,2,0.0,0.0,1
120,0,2,0.0,0.0,1
120,0,2,95.0,2.0,1
120,0,1,97.4375,16.0,0
90,0,0,97.88888888888889,9.0,0
60,0,0,67.55555555555556,9.0,0
120,0,0,0.0,0.0,1
90,0,0,58.2,10.0,1
120,0,0,84.0,13.0,0
120,0,2,0.0,0.0,1
30,0,1,73.11111111111111,9.0,0
120,0,0,0.0,0.0,1
120,0,2,45.25,4.0,1
120,0,0,74.76923076923077,13.0,0
60,0,1,0.0,0.0,1
60,0,0,0.0,0.0,1
60,0,0,46.0,4.0,1
120,0,1,98.07692307692308,13.0,0
120,0,0,0.0,0.0,1
90,0,0,91.0,4.0,1
120,0,2,61.30769230769231,13.0,1
180,0,0,0.0,0.0,1
120,0,1,78.70588235294117,17.0,0
90,0,1,97.0,9.0,0
90,0,1,33.333333333333336,3.0,1
120,0,0,81.22222222222223,9.0,0
90,0,0,54.0,4.0,1
120,0,0,66.61538461538461,13.0,0
90,0,2,48.0,3.0,1
60,0,1,88.0,1.0,1
60,0,0,0.0,0.0,1
60,0,3,84.0,8.0,0
60,0,1,72.28571428571429,7.0,1
90,0,2,0.0,0.0,1
60,0,2,68.5,4.0,1
120,0,4,62.66666666666666,9.0,0
150,0,0,93.0,5.0,0
30,0,1,89.66666666666667,9.0,0
60,0,0,83.61538461538461,13.0,0
120,0,2,0.0,0.0,1
120,0,2,72.17647058823529,17.0,0
120,0,0,63.0,5.0,1
60,0,0,0.0,0.0,1
30,0,0,0.0,0.0,1
90,0,0,81.4,5.0,1
120,0,0,89.55555555555556,9.0,0
150,0,2,0.0,0.0,1
120,0,0,60.9375,16.0,0
90,0,4,90.33333333333331,9.0,0
30,0,2,96.75,8.0,0
150,0,0,0.0,0.0,1
60,0,0,35.5,2.0,1
60,0,4,80.6,5.0,0
120,0,0,0.0,0.0,1
90,0,0,0.0,0.0,1
30,0,1,91.11111111111111,9.0,0
120,0,0,0.0,0.0,1
150,0,0,50.875,8.0,0
120,0,2,91.66666666666669,9.0,0
120,0,0,0.0,0.0,1
150,0,1,85.9,20.0,0
60,0,0,76.55555555555556,9.0,0
120,0,2,85.22222222222223,9.0,0
60,0,0,33.0,1.0,1
90,0,0,69.5,2.0,1
120,0,0,87.07692307692308,13.0,0
120,0,2,0.0,0.0,1
120,0,2,0.0,0.0,1
30,0,0,96.11111111111111,9.0,0
60,0,2,62.0,7.0,0
120,0,0,72.05263157894737,19.0,0
120,0,2,0.0,0.0,1
120,0,0,79.5,10.0,0
90,0,0,87.5,2.0,1
120,0,2,0.0,0.0,1
120,0,2,0.0,0.0,1
90,0,0,63.85714285714285,7.0,1
90,0,4,84.33333333333333,9.0,0
60,0,1,97.2,5.0,0
120,0,0,81.88888888888889,9.0,0
60,0,3,79.08333333333333,12.0,0
120,0,0,0.0,0.0,1
90,0,0,82.33333333333333,3.0,1
120,0,2,100.0,1.0,1
30,0,1,56.22222222222222,9.0,0
60,0,1,92.22222222222224,9.0,0
120,0,0,0.0,0.0,1
210,0,0,52.2,10.0,1
90,0,2,66.0,2.0,1
120,0,2,0.0,0.0,1
120,0,1,72.82352941176471,17.0,1
90,0,1,95.44444444444444,9.0,0
120,0,0,93.0,9.0,0
60,0,2,67.0,1.0,1
120,0,0,0.0,0.0,1
60,0,1,85.2,5.0,0
180,0,2,82.75,4.0,1
150,0,0,66.33333333333333,9.0,0
30,0,1,95.8,5.0,0
90,0,1,56.75,16.0,0
60,0,0,81.83333333333333,6.0,1
120,0,0,79.19047619047619,21.0,0
30,0,1,94.11111111111111,9.0,0
120,0,3,83.04761904761905,21.0,0
60,0,1,69.66666666666667,12.0,0
240,0,2,0.0,0.0,1
60,0,0,65.6,10.0,0
210,0,0,89.0,5.0,0
120,0,1,83.4,20.0,0
90,0,1,96.55555555555556,9.0,0
60,0,0,88.22222222222223,9.0,0
240,0,2,0.0,0.0,1
60,0,1,82.84615384615384,13.0,0
90,0,2,95.0,6.0,0
30,0,2,77.11111111111111,9.0,1
60,0,1,0.0,0.0,1
60,0,2,59.0,2.0,1
90,0,0,92.5,4.0,1
30,0,2,70.42857142857143,7.0,0
60,0,2,67.75,8.0,1
90,0,0,93.88888888888889,9.0,0
120,0,1,96.2,5.0,0
60,0,2,0.0,0.0,1
60,0,0,97.2,5.0,0
30,0,1,80.5,6.0,1
210,0,1,98.22222222222224,9.0,0
60,0,2,69.42857142857143,7.0,0
150,0,0,28.5,4.0,1
120,0,0,93.6,5.0,1
60,0,0,0.0,0.0,1
120,0,0,0.0,0.0,1
90,0,1,76.11111111111111,9.0,0
150,0,0,73.25,4.0,1
60,0,0,98.4,5.0,0
90,0,0,89.66666666666667,3.0,1
150,0,2,62.833333333333336,12.0,0
60,0,4,98.44444444444444,9.0,0
120,0,2,0.0,0.0,1
30,0,2,0.0,0.0,1
60,0,1,45.0,3.0,1
90,0,0,0.0,0.0,1
60,0,1,91.88888888888889,9.0,0
180,0,0,80.57142857142857,7.0,0
120,0,2,86.6875,16.0,0
90,0,1,80.55555555555556,9.0,0
120,0,0,86.76923076923077,13.0,0
150,0,1,77.52380952380952,21.0,0
60,0,0,96.28571428571428,7.0,0
120,0,2,0.0,0.0,1
60,0,2,0.0,0.0,1
150,0,0,87.22222222222223,9.0,0
120,0,0,69.5,12.0,1
120,0,1,68.76923076923077,13.0,0
120,0,0,0.0,0.0,1
60,0,1,94.33333333333331,9.0,0
240,0,0,0.0,0.0,1
60,0,0,92.07692307692308,13.0,0
90,0,2,0.0,0.0,1
180,0,2,78.41666666666667,12.0,1
120,0,0,95.33333333333331,9.0,0
90,0,2,0.0,0.0,1
60,0,0,74.53846153846153,13.0,1
120,0,2,77.72222222222223,18.0,0
120,0,1,85.11111111111111,9.0,0
120,0,2,78.375,8.0,0
120,0,2,0.0,0.0,1
60,0,1,79.0,7.0,1
120,0,0,98.8,5.0,0
120,0,4,82.8,5.0,0
60,0,1,78.625,8.0,0
120,0,0,0.0,0.0,1
90,0,2,85.25,4.0,1
120,0,0,76.92857142857143,14.0,0
120,0,2,0.0,0.0,1
60,0,1,0.0,0.0,1
60,0,1,92.0,8.0,1
120,0,1,0.0,0.0,1
90,0,0,56.44444444444444,9.0,0
120,0,0,77.75,4.0,1
90,0,0,92.8,5.0,0
90,0,1,80.0,3.0,1
90,0,2,86.5,4.0,1
60,0,0,41.0,2.0,1
120,0,2,0.0,0.0,1
60,0,2,47.0,2.0,1
120,0,2,64.19047619047619,21.0,0
150,0,0,97.88888888888889,9.0,0
60,0,2,94.0,9.0,0
120,0,4,0.0,0.0,1
90,0,2,47.66666666666666,3.0,1
60,0,2,0.0,0.0,1
60,0,1,72.38461538461539,13.0,1
120,0,0,87.5,2.0,1
30,0,0,64.71428571428571,7.0,0
150,0,2,98.22222222222224,9.0,0
30,0,2,83.11111111111111,9.0,0
60,0,1,91.88888888888889,9.0,0
120,0,0,83.52631578947368,19.0,0
120,0,1,80.66666666666667,9.0,0
120,0,0,88.88888888888889,9.0,0
120,0,0,98.42857142857144,21.0,0
60,0,1,96.44444444444444,9.0,0
90,0,2,64.3529411764706,17.0,1
60,0,1,95.22222222222224,9.0,0
180,0,2,0.0,1.0,1
60,0,0,73.3076923076923,13.0,0
150,0,1,0.0,0.0,1
90,0,1,82.1875,16.0,0
60,0,0,78.33333333333333,9.0,0
60,0,1,97.125,8.0,0
120,0,0,0.0,0.0,1
120,0,2,55.0,13.0,1
60,0,1,75.15384615384616,13.0,0
60,0,0,99.33333333333331,3.0,1
30,0,0,92.55555555555556,9.0,0
90,0,4,91.88888888888889,9.0,0
120,0,2,73.14285714285714,21.0,0
60,0,1,79.15384615384616,13.0,0
120,0,2,86.4,5.0,1
120,0,0,91.66666666666669,9.0,0
60,0,2,0.0,0.0,1
30,0,0,93.8,5.0,0
60,0,2,0.0,0.0,1
60,0,2,0.0,0.0,1
90,0,0,67.0,1.0,1
120,0,2,0.0,0.0,1
60,0,2,0.0,0.0,1
30,0,0,86.5,2.0,1
60,0,0,46.0,7.0,1
120,0,0,52.55555555555556,9.0,0
60,0,2,73.5,2.0,1
90,0,0,90.875,8.0,0
120,0,0,78.0,1.0,1
120,0,0,73.04761904761905,21.0,0
240,0,2,0.0,0.0,1
120,0,0,79.80952380952381,21.0,0
150,0,1,82.0,3.0,1
90,0,0,91.0,2.0,1
60,0,2,95.44444444444444,9.0,0
90,0,1,0.0,0.0,1
30,0,0,0.0,0.0,1
180,0,0,0.0,0.0,1
90,0,0,88.0,5.0,0
30,0,1,72.4,5.0,1
120,0,2,0.0,0.0,1
60,0,2,64.6,5.0,1
120,0,0,65.875,8.0,0
90,0,4,95.22222222222224,9.0,0
30,0,1,65.55555555555556,9.0,0
30,0,4,67.0,1.0,1
120,0,0,0.0,0.0,1
60,0,1,54.66666666666666,3.0,0
60,0,1,0.0,0.0,1
60,0,0,55.0,9.0,1
120,0,2,0.0,0.0,1
60,0,2,71.66666666666667,9.0,0
90,0,0,46.5,8.0,1
90,0,2,82.5,4.0,1
150,0,0,64.66666666666667,9.0,0
60,0,0,56.0,1.0,1
30,0,2,65.5,2.0,1
120,0,2,81.25,4.0,1
90,0,1,78.33333333333333,12.0,0
60,0,0,96.88888888888889,9.0,0
60,0,0,80.76923076923077,13.0,0
90,0,2,86.0,1.0,1
30,0,2,64.5,4.0,1
150,0,0,78.33333333333333,6.0,1
30,0,4,98.44444444444444,9.0,0
120,0,0,95.88888888888889,9.0,0
120,0,1,90.76190476190476,21.0,0
60,0,1,54.57142857142857,7.0,1
60,0,1,90.84615384615384,13.0,0
90,0,0,78.0,1.0,1
60,0,0,78.0,1.0,1
120,0,0,89.25,16.0,0
120,0,2,83.5625,16.0,0
90,0,1,66.14285714285714,7.0,1
60,0,2,94.6923076923077,13.0,0
30,0,1,65.22222222222223,9.0,0
60,0,1,56.0,1.0,1
150,0,0,71.42857142857143,7.0,0
90,0,2,77.66666666666667,6.0,0
105,0,1,70.52631578947368,19.0,1
90,0,0,0.0,0.0,1
120,0,0,67.85714285714286,14.0,1
180,0,0,0.0,0.0,1
120,0,2,0.0,0.0,1
60,0,1,72.77777777777777,9.0,0
210,0,0,92.57142857142856,7.0,1
90,0,0,97.77777777777776,9.0,0
120,0,2,57.75,12.0,0
120,0,0,56.0,1.0,1
120,0,2,93.5625,16.0,0
150,0,1,93.66666666666669,3.0,1
60,0,0,89.0,9.0,0
210,0,0,0.0,0.0,1
90,0,1,89.125,16.0,0
90,0,0,56.0,1.0,1
120,0,2,94.76923076923076,13.0,0
60,0,4,0.0,0.0,1
120,0,2,78.36363636363636,11.0,0
120,0,0,59.9375,16.0,0
60,0,1,98.55555555555556,9.0,0
120,0,1,84.33333333333333,6.0,0
120,0,0,78.61904761904762,21.0,0
120,0,0,77.8125,16.0,0
120,0,0,86.6,5.0,0
60,0,0,78.0,1.0,1
150,0,2,0.0,0.0,1
150,0,0,0.0,0.0,1
90,0,4,86.71428571428571,7.0,0
30,0,1,80.11111111111111,9.0,0
120,0,0,64.4,10.0,0
90,0,2,0.0,0.0,1
90,0,0,93.33333333333331,9.0,0
60,0,0,97.0,9.0,0
30,0,1,98.22222222222224,9.0,0
30,0,1,98.55555555555556,9.0,0
60,0,0,0.0,0.0,1
60,0,1,57.5,6.0,1
240,0,2,0.0,0.0,1
90,0,0,70.33333333333333,3.0,1
120,0,2,0.0,0.0,1
120,0,0,89.33333333333333,18.0,0
60,0,0,97.55555555555556,9.0,0
90,0,1,84.375,8.0,1
30,0,4,76.22222222222223,9.0,0
60,0,0,0.0,0.0,1
90,0,2,76.42857142857143,14.0,0
120,0,0,0.0,0.0,1
120,0,3,47.0,6.0,1
120,0,0,33.0,2.0,1
120,0,0,67.0,3.0,1
120,0,0,0.0,0.0,1
120,0,0,85.11111111111111,9.0,0
120,0,0,0.0,0.0,1
120,0,0,74.0952380952381,21.0,0
90,0,0,91.6,5.0,0
120,0,0,92.11111111111111,9.0,0
30,0,0,91.8,5.0,1
120,0,0,40.0,2.0,1
90,0,2,0.0,0.0,1
150,0,0,74.0,1.0,1
30,0,1,87.6,5.0,1
120,0,0,77.14285714285714,7.0,0
120,0,0,0.0,0.0,1
180,0,0,37.66666666666666,9.0,1
90,0,1,95.33333333333331,9.0,0
90,0,2,89.0,1.0,1
120,0,1,87.33333333333333,15.0,0
30,0,4,85.33333333333333,3.0,1
120,0,0,0.0,0.0,1
60,0,0,66.8,5.0,0
90,0,0,86.8125,16.0,0
60,0,1,80.07692307692308,13.0,0
90,0,0,96.44444444444444,9.0,0
120,0,2,0.0,0.0,1
120,0,0,46.66666666666666,3.0,1
120,0,0,0.0,0.0,1
90,0,1,61.77777777777778,9.0,0
120,0,0,99.0,2.0,1
120,0,1,34.333333333333336,3.0,1
90,0,0,89.375,8.0,0
120,0,2,65.3125,16.0,0
60,0,0,78.16666666666667,6.0,0
120,0,0,0.0,0.0,1
150,0,0,88.0952380952381,21.0,0
30,0,1,73.5,6.0,1
150,0,0,78.0,9.0,0
90,0,2,79.35714285714286,14.0,0
60,0,0,91.55555555555556,9.0,0
120,0,3,0.0,0.0,1
90,0,2,53.75,4.0,1
60,0,0,71.84615384615384,13.0,0
120,0,0,32.77777777777778,9.0,1
240,0,0,0.0,0.0,1
120,0,0,83.5,8.0,0
60,0,2,97.66666666666669,6.0,1
90,0,3,85.5,4.0,1
120,0,1,96.8125,16.0,0
60,0,2,64.33333333333333,3.0,1
60,0,2,62.0,5.0,1
180,0,0,73.83333333333333,6.0,1
120,0,0,0.0,0.0,1
180,0,2,0.0,0.0,1
90,0,4,87.07142857142857,14.0,0
120,0,0,56.0,1.0,1
120,0,0,16.555555555555557,9.0,1
60,0,2,78.72727272727273,11.0,1
120,0,0,50.0,3.0,1
90,0,1,83.66666666666667,3.0,1
90,0,4,96.88888888888889,9.0,0
30,0,0,57.22222222222222,9.0,0
30,0,1,86.11111111111111,9.0,0
120,0,0,85.6,5.0,0
60,0,1,91.0,9.0,0
60,0,0,0.0,0.0,1
90,0,0,56.0,1.0,1
60,0,0,69.0,3.0,1
30,0,0,71.11111111111111,9.0,0
150,0,0,78.33333333333333,3.0,1
120,0,0,94.5625,16.0,0
30,0,1,83.33333333333333,9.0,0
120,0,1,90.6,5.0,1
60,0,1,81.76923076923077,13.0,0
30,0,1,84.0,2.0,1
120,0,0,94.0,16.0,0
120,0,1,90.0,3.0,1
60,0,0,77.4,5.0,0
120,0,0,0.0,0.0,1
30,0,1,60.22222222222222,9.0,0
120,0,0,73.55555555555556,9.0,0
30,0,1,90.22222222222224,9.0,0
90,0,2,83.8,5.0,1
120,0,2,0.0,0.0,1
60,0,2,76.66666666666667,9.0,0
240,0,3,94.0,1.0,1
120,0,2,0.0,0.0,1
90,0,0,76.0,4.0,1
60,0,2,91.875,8.0,0
90,0,2,71.33333333333333,3.0,1
90,0,0,87.88888888888889,9.0,0
180,0,0,78.25,4.0,1
90,0,0,67.0,1.0,1
120,0,1,83.75,4.0,1
90,0,0,84.75,4.0,1
30,0,0,87.33333333333333,9.0,0
150,0,0,80.75,8.0,0
120,0,0,89.2,5.0,1
120,0,1,96.77777777777776,9.0,0
120,0,0,44.0,1.0,1
60,0,0,78.2,5.0,1
120,0,0,85.3076923076923,13.0,0
60,0,1,69.54545454545455,11.0,0
180,0,2,58.5,2.0,1
90,0,0,54.6,5.0,0
60,0,1,67.25,4.0,1
60,0,4,92.44444444444444,9.0,0
120,0,2,45.333333333333336,12.0,1
210,0,1,44.0,1.0,1
90,0,0,77.4,5.0,1
120,0,0,99.0,6.0,0
120,0,0,77.375,16.0,0
60,0,0,81.5,2.0,1
120,0,0,97.11111111111111,9.0,0
120,0,2,39.5,2.0,1
120,0,0,82.0,7.0,0
150,0,0,100.0,1.0,1
60,0,0,58.30769230769231,13.0,1
150,0,0,88.77777777777777,9.0,0
60,0,4,97.0,9.0,0
120,0,0,0.0,0.0,1
60,0,1,56.0,1.0,1
60,0,0,89.0,1.0,1
60,0,1,82.0,5.0,0
210,0,2,0.0,0.0,1
60,0,0,90.0,1.0,1
120,0,1,44.0,1.0,1
120,0,2,0.0,0.0,1
60,0,1,96.77777777777776,9.0,0
120,0,1,84.66666666666667,9.0,1
30,0,0,69.0,5.0,0
90,0,1,95.77777777777776,9.0,0
120,0,0,80.0,4.0,1
120,0,2,61.85714285714285,7.0,0
60,0,0,96.33333333333331,9.0,0
90,0,0,92.0,9.0,0
120,0,4,0.0,0.0,1
60,0,4,74.5,6.0,0
120,0,0,58.0,2.0,1
120,0,1,0.0,0.0,1
60,0,1,59.875,8.0,1
120,0,0,74.66666666666667,3.0,1
60,0,1,45.75,4.0,1
180,0,0,0.0,0.0,1
120,0,0,0.0,0.0,1
240,0,0,0.0,0.0,1
90,0,0,91.33333333333331,9.0,0
150,0,0,50.5,8.0,1
120,0,2,78.875,16.0,1
60,0,1,96.44444444444444,9.0,0
120,0,0,66.5,4.0,1
120,0,0,58.0,3.0,1
30,0,1,92.77777777777776,9.0,0
120,0,2,94.15384615384616,13.0,0
90,0,1,69.33333333333333,9.0,0
120,0,1,77.625,8.0,1
30,0,0,62.0,1.0,1
60,0,0,100.0,1.0,1
150,0,1,89.33333333333333,3.0,1
30,0,1,88.66666666666667,9.0,0
30,0,2,62.61538461538461,13.0,1
30,0,1,93.5,2.0,1
60,0,1,87.66666666666667,9.0,0
120,0,0,77.25,4.0,0
60,0,0,92.6875,16.0,0
60,0,0,49.72727272727273,22.0,1
60,0,0,85.55555555555556,9.0,0
90,0,1,84.5,12.0,0
60,0,1,69.25,4.0,1
60,0,1,85.33333333333333,9.0,0
180,0,0,67.0,1.0,1
240,0,0,94.55555555555556,9.0,0
60,1,1,58.66666666666666,3.0,1
30,0,1,78.13333333333334,15.0,0
60,0,0,69.2,5.0,1
60,0,2,83.6923076923077,13.0,1
30,0,1,66.18181818181819,11.0,1
60,0,1,95.66666666666669,9.0,0
120,0,1,93.77777777777776,9.0,0
220,1,0,0.0,0.0,1
60,1,1,83.5,12.0,1
60,0,2,25.33333333333333,3.0,1
150,0,0,93.25,8.0,0
30,0,1,66.0,3.0,1
30,0,2,58.0,2.0,1
30,1,2,55.8,5.0,1
60,0,1,95.2,5.0,0
30,0,1,78.0,1.0,1
120,0,2,76.8,5.0,0
90,0,1,77.875,8.0,0
90,0,0,91.0,5.0,0
60,0,1,91.53846153846152,13.0,0
30,0,1,67.0,1.0,1
120,0,0,92.1904761904762,21.0,0
90,0,2,82.55555555555556,9.0,0
30,0,2,0.0,0.0,1
60,0,0,83.92857142857143,14.0,1
30,0,0,77.08333333333333,12.0,0
60,0,0,76.63636363636364,11.0,1
90,0,2,93.16666666666669,12.0,1
60,1,2,73.875,8.0,1
90,0,2,78.4,10.0,0
30,0,0,90.5,2.0,1
60,0,1,92.75,12.0,0
60,0,1,84.33333333333333,9.0,0
60,0,2,84.33333333333333,9.0,1
60,0,2,64.5,18.0,1
120,1,0,86.33333333333333,3.0,1
60,0,2,0.0,0.0,1
30,0,0,70.83333333333333,6.0,0
30,1,1,50.0,3.0,1
150,0,0,80.0,21.0,0
60,0,1,89.66666666666667,9.0,0
60,0,1,86.41666666666667,12.0,0
60,0,0,93.25,4.0,1
120,0,0,80.4,5.0,0
60,0,2,0.0,0.0,1
120,0,1,95.2,5.0,0
150,1,1,11.0,1.0,1
30,0,0,70.0,5.0,0
60,0,1,88.55555555555556,9.0,0
210,0,1,97.0,9.0,0
60,0,0,0.0,0.0,0
45,0,0,90.11111111111111,9.0,0
90,0,1,60.76923076923077,13.0,1
30,0,1,84.2,5.0,1
60,0,1,97.4,5.0,0
70,0,0,92.88888888888889,9.0,0
175,0,1,0.0,0.0,1
30,1,0,58.66666666666666,6.0,1
90,0,2,74.5,2.0,1
30,1,2,66.33333333333333,6.0,1
30,0,0,51.4,5.0,1
30,0,1,96.33333333333331,9.0,0
60,0,0,65.14285714285714,14.0,1
60,0,2,85.4375,16.0,0
150,0,2,0.0,0.0,1
30,1,0,62.75,4.0,1
30,0,0,86.77777777777777,9.0,0
60,0,0,89.76923076923077,13.0,0
150,0,0,62.0,8.0,0
30,0,1,67.88888888888889,9.0,0
60,0,0,79.88888888888889,9.0,1
60,0,2,78.0,3.0,1
120,0,1,94.22222222222224,9.0,0
270,1,1,60.0,1.0,1
30,0,1,74.88888888888889,9.0,0
90,0,2,95.77777777777776,9.0,0
90,1,2,69.85,20.0,1
60,0,0,94.2,5.0,0
30,0,0,70.2,5.0,0
30,0,1,95.0,9.0,0
30,0,2,62.0,3.0,1
30,0,0,0.0,0.0,1
60,0,0,82.95238095238095,21.0,0
60,0,0,44.0,1.0,1
120,0,2,91.9375,16.0,0
60,0,0,78.0,1.0,1
150,0,1,53.5,6.0,1
60,0,0,91.44444444444444,9.0,0
30,0,2,68.78947368421052,19.0,0
60,0,1,85.53846153846153,13.0,0
40,1,1,48.333333333333336,6.0,1
150,0,2,23.33333333333333,3.0,1
30,0,0,81.25,8.0,1
120,0,2,96.42857142857144,7.0,1
90,0,1,0.0,0.0,1
30,1,1,69.0,6.0,1
60,0,0,88.33333333333333,9.0,0
60,0,0,0.0,0.0,1
60,0,1,83.22222222222223,9.0,0
30,0,1,97.44444444444444,9.0,0
30,0,0,40.333333333333336,9.0,1
30,0,2,84.55555555555556,9.0,0
60,0,0,90.88888888888889,9.0,0
60,0,4,92.77777777777776,9.0,0
30,0,1,88.4,5.0,0
30,0,0,69.0,2.0,1
30,1,0,60.55555555555556,9.0,1
90,0,1,33.0,1.0,1
60,0,1,64.75,4.0,1
60,0,0,92.22222222222224,9.0,0
30,0,0,75.0,2.0,1
60,0,1,83.0952380952381,21.0,0
90,0,2,80.0,3.0,1
60,0,0,0.0,0.0,1
30,1,0,65.2,5.0,1
30,0,0,73.4,5.0,0
30,0,2,91.8,5.0,0
60,0,0,0.0,0.0,1
30,0,2,85.0,2.0,1
90,0,2,74.2,5.0,1
30,0,0,52.66666666666666,9.0,0
60,0,0,80.0,4.0,1
60,0,0,95.21428571428572,14.0,0
60,0,1,91.66666666666669,9.0,0
90,0,2,95.4,5.0,1
90,0,0,88.33333333333333,12.0,1
60,1,2,50.5,8.0,1
90,0,3,72.66666666666667,3.0,1
30,0,0,76.33333333333333,3.0,1
90,0,0,33.0,1.0,1
30,0,1,67.0,1.0,1
60,1,2,67.33333333333333,6.0,1
30,0,2,84.52380952380952,21.0,0
90,0,0,87.44444444444444,9.0,0
30,0,2,83.0,2.0,1
120,0,1,44.0,1.0,1
150,0,0,62.375,8.0,0
120,0,0,85.625,16.0,0
30,0,1,75.11111111111111,9.0,0
30,0,2,0.0,0.0,1
60,0,2,84.88888888888889,9.0,0
60,0,2,0.0,0.0,1
30,0,1,60.5625,16.0,0
60,0,2,98.11111111111111,9.0,0
60,0,1,51.8,5.0,1
30,0,1,63.4,5.0,0
30,0,0,92.0,16.0,0
60,0,0,88.0,9.0,0
90,0,4,93.8,5.0,0
210,1,0,60.333333333333336,12.0,1
30,0,0,88.6,5.0,0
30,0,2,98.8,5.0,0
30,1,2,94.66666666666669,6.0,1
90,0,2,90.15384615384616,13.0,1
90,0,1,56.0,1.0,1
30,0,2,80.0,13.0,0
210,0,1,0.0,0.0,1
30,0,0,66.28571428571429,7.0,1
90,0,2,87.66666666666667,9.0,0
30,0,2,67.66666666666667,3.0,1
60,0,0,59.34782608695652,23.0,1
60,0,1,65.11111111111111,9.0,0
130,1,0,76.75,16.0,0
60,0,1,54.8,5.0,1
30,0,0,44.0,1.0,1
220,1,0,34.55555555555556,9.0,1
60,0,0,61.66666666666666,9.0,0
90,0,1,30.2,5.0,1
150,0,0,74.4,5.0,0
30,1,0,36.785714285714285,14.0,1
90,0,0,0.0,0.0,1
60,0,0,0.0,0.0,1
60,0,1,93.55555555555556,9.0,0
90,0,2,87.8,5.0,1
30,0,4,73.0,14.0,1
60,0,1,92.5,6.0,0
120,0,0,0.0,0.0,1
90,0,2,56.333333333333336,9.0,1
90,0,1,90.2,5.0,0
60,0,1,53.833333333333336,12.0,1
180,0,0,56.0,1.0,1
60,0,2,77.33333333333333,12.0,0
60,0,0,67.88888888888889,9.0,0
60,0,0,86.42105263157895,19.0,0
120,0,0,20.25,4.0,1
30,0,1,66.66666666666667,3.0,1
100,1,0,20.0,1.0,1
240,0,2,0.0,0.0,1
60,0,0,67.0,2.0,1
30,0,1,85.5,4.0,1
30,0,1,69.44444444444444,9.0,1
120,0,2,52.25,4.0,1
30,0,0,0.0,0.0,1
90,0,2,0.0,0.0,1
120,0,0,85.55555555555556,9.0,0
110,0,0,69.0,9.0,0
210,1,1,41.15384615384615,13.0,1
60,0,2,67.33333333333333,3.0,1
30,0,0,64.0,6.0,1
90,0,2,46.23076923076923,13.0,1
30,1,0,79.6,10.0,1
95,0,1,67.66666666666667,9.0,0
30,0,2,58.6,5.0,0
120,0,0,78.25,20.0,0
90,0,1,88.08333333333333,12.0,1
60,1,0,66.25,8.0,1
30,0,1,65.28571428571429,7.0,1
60,0,2,96.0,2.0,1
60,0,0,68.8,5.0,1
30,0,0,44.0,1.0,1
60,1,0,73.0,2.0,1
90,0,0,69.71428571428571,7.0,0
30,0,2,59.333333333333336,9.0,0
30,0,1,78.66666666666667,9.0,0
90,0,2,34.42857142857143,7.0,1
150,0,0,0.0,0.0,1
30,0,2,81.8,5.0,1
60,0,1,56.0,1.0,1
30,0,1,95.6923076923077,13.0,0
240,0,0,91.14285714285714,21.0,0
30,0,0,46.0,1.0,1
120,0,0,0.0,0.0,1
30,0,0,0.0,0.0,1
60,0,0,83.17647058823529,17.0,1
180,0,0,77.88888888888889,9.0,0
60,0,0,81.15384615384616,13.0,0
120,0,2,0.0,0.0,1
30,0,0,73.91666666666667,12.0,0
120,0,2,74.66666666666667,12.0,0
180,0,1,87.28571428571429,7.0,1
60,0,2,77.375,16.0,1
60,0,2,91.0,2.0,1
75,0,1,56.0,1.0,1
60,1,0,0.0,0.0,1
120,0,0,50.0,4.0,1
30,0,1,86.25,4.0,1
30,0,1,97.66666666666669,9.0,0
30,0,2,67.06666666666666,15.0,1
45,0,0,29.25,4.0,1
30,0,2,70.22222222222223,9.0,0
30,0,0,86.25,12.0,0
90,0,2,0.0,0.0,1
120,0,0,72.42857142857143,7.0,1
90,1,2,57.90909090909091,22.0,1
60,0,0,80.625,8.0,1
30,0,4,65.33333333333333,3.0,1
60,1,2,87.25,8.0,0
120,1,2,67.66666666666667,9.0,1
90,0,0,76.28571428571429,7.0,1
60,0,2,71.55555555555556,9.0,1
60,0,1,82.81818181818181,11.0,1
180,2,2,71.44444444444444,9.0,1
60,1,1,51.5625,16.0,0
120,2,2,37.333333333333336,12.0,1
60,0,1,82.07142857142857,14.0,0
60,1,0,0.0,0.0,1
60,0,2,0.0,0.0,1
60,0,1,0.0,0.0,1
60,0,0,57.75,12.0,0
60,0,2,68.0,5.0,1
60,1,2,48.0,14.0,0
120,0,2,71.58333333333333,12.0,0
60,4,2,66.0,14.0,0
60,0,2,0.0,0.0,1
120,1,2,66.25,4.0,1
150,0,1,89.5,14.0,0
60,1,1,66.85714285714286,14.0,1
60,0,1,50.785714285714285,14.0,0
60,0,1,68.42857142857143,7.0,0
120,0,0,81.57142857142857,14.0,0
180,0,0,0.0,0.0,1
60,1,2,38.45454545454545,11.0,1
90,2,2,61.0,8.0,1
60,0,2,39.66666666666666,3.0,1
90,0,1,47.583333333333336,12.0,1
60,0,1,81.57142857142857,14.0,0
90,0,0,0.0,0.0,1
60,0,1,81.78571428571429,14.0,0
60,0,0,63.0,1.0,1
90,0,2,49.833333333333336,6.0,1
60,0,2,33.75,4.0,1
120,2,1,44.25,8.0,1
60,0,1,78.71428571428571,14.0,0
90,0,2,66.54545454545455,11.0,1
60,1,0,0.0,0.0,1
60,0,2,42.57142857142857,7.0,1
270,0,2,35.5,2.0,1
60,0,2,75.75,4.0,1
150,0,0,75.0,2.0,1
150,3,0,0.0,0.0,1
60,1,0,62.42857142857143,7.0,1
90,1,0,42.45454545454545,11.0,1
120,0,0,68.16666666666667,6.0,1
60,2,2,78.8,5.0,1
60,0,0,82.78260869565217,23.0,0
60,0,2,37.0,2.0,1
90,0,2,30.0,1.0,1
60,0,0,87.27777777777777,18.0,0
60,0,0,76.42857142857143,14.0,0
60,0,0,74.625,8.0,1
60,0,4,80.0,14.0,0
60,0,2,33.0,1.0,1
120,1,0,0.0,0.0,1
90,0,0,72.71428571428571,14.0,0
120,0,1,0.0,0.0,1
120,1,2,67.0,6.0,1
60,0,1,0.0,0.0,1
60,2,0,72.18181818181819,11.0,1
60,1,2,63.0,1.0,1
60,0,2,69.5,4.0,1
60,0,2,57.71428571428572,14.0,0
60,0,1,69.57142857142857,7.0,1
70,2,0,62.0,12.0,0
60,0,1,91.14285714285714,14.0,0
60,1,0,47.0,1.0,1
220,2,3,40.0,1.0,1
60,0,2,71.57142857142857,14.0,0
60,0,1,58.785714285714285,14.0,1
60,0,0,53.40909090909091,22.0,1
60,0,0,87.35714285714286,14.0,0
60,0,2,84.78571428571429,14.0,0
90,0,1,73.78571428571429,14.0,0
160,1,2,0.0,0.0,1
60,0,0,46.285714285714285,7.0,1
180,2,2,30.0,1.0,1
60,0,1,85.36363636363636,11.0,1
60,0,1,61.5625,16.0,0
60,0,0,63.888888888888886,18.0,0
90,0,1,60.85,20.0,1
70,0,0,70.84615384615384,13.0,0
120,0,2,62.333333333333336,12.0,0
120,0,1,77.88888888888889,9.0,1
60,1,1,83.0,14.0,0
60,0,2,0.0,0.0,1
60,0,1,86.78571428571429,14.0,0
60,0,0,83.66666666666667,12.0,0
150,1,0,65.35714285714286,14.0,0
60,0,2,79.14285714285714,14.0,0
120,1,2,76.0,4.0,1
60,0,0,63.642857142857146,14.0,1
120,0,2,57.45454545454545,11.0,1
210,1,2,0.0,0.0,1
60,0,2,0.0,0.0,1
60,0,2,59.0,13.0,1
120,4,0,69.71428571428571,14.0,0
60,0,2,61.23076923076923,13.0,0
240,0,2,46.5,2.0,1
60,3,0,0.0,0.0,1
60,0,0,58.8,5.0,1
60,0,2,15.0,1.0,1
150,1,0,17.333333333333332,3.0,1
120,1,0,37.0,1.0,1
150,1,1,60.0,3.0,1
120,0,1,91.64285714285714,14.0,0
60,0,0,70.85714285714286,7.0,1
145,1,1,76.375,8.0,1
60,4,2,0.0,0.0,1
120,3,2,30.0,3.0,1
180,0,0,43.75,4.0,1
120,1,2,76.5,10.0,1
60,0,0,83.22222222222223,18.0,0
60,0,2,80.94117647058823,17.0,0
60,0,0,70.78571428571429,14.0,0
130,2,0,84.5,4.0,1
60,0,2,48.285714285714285,21.0,1
60,0,0,92.0,3.0,1
90,0,1,58.5,2.0,1
60,0,1,63.785714285714285,14.0,1
60,0,0,76.91304347826087,23.0,0
120,0,1,50.4,15.0,1
90,0,0,78.85714285714286,14.0,1
90,1,0,69.5,2.0,1
60,0,1,55.0,13.0,1
60,0,1,50.785714285714285,14.0,0
60,0,0,0.0,0.0,1
60,0,0,79.25,12.0,0
60,2,2,80.875,8.0,1
120,0,1,74.84615384615384,13.0,0
120,4,0,50.15384615384615,13.0,0
60,0,2,93.5,14.0,0
60,0,0,66.33333333333333,12.0,0
150,2,2,64.28571428571429,7.0,1
280,1,0,57.833333333333336,12.0,0
60,1,0,81.14285714285714,14.0,0
60,0,0,61.53846153846154,13.0,0
60,2,2,52.21428571428572,14.0,1
60,0,4,71.0,12.0,1
115,0,0,17.0,1.0,1
180,0,0,0.0,0.0,1
120,1,0,65.0,6.0,1
60,0,2,0.0,0.0,1
60,0,0,91.35714285714286,14.0,0
120,1,0,50.0,6.0,1
60,0,2,59.0,2.0,1
60,0,2,54.333333333333336,12.0,1
60,0,0,43.85714285714285,14.0,0
60,1,0,67.3,10.0,0
60,2,0,62.333333333333336,6.0,1
120,2,0,0.0,0.0,1
70,0,2,70.52631578947368,19.0,0
90,0,2,32.0,3.0,1
60,0,2,53.0,1.0,1
90,0,1,84.42857142857143,14.0,0
120,2,0,0.0,0.0,1
90,0,2,63.583333333333336,12.0,1
70,1,2,82.5,10.0,0
60,0,0,56.0,2.0,1
120,1,3,60.47368421052632,19.0,0
120,2,2,63.69230769230769,13.0,0
60,1,0,67.5,2.0,1
150,0,2,58.0,2.0,1
90,1,1,32.0,1.0,1
60,0,2,92.0,14.0,0
120,1,1,80.34782608695652,23.0,0
90,0,0,67.28571428571429,14.0,0
60,1,0,89.5,6.0,1
60,0,2,54.5,10.0,1
60,2,0,70.33333333333333,12.0,0
60,0,0,85.85714285714286,14.0,0
120,0,0,68.0,7.0,1
60,0,2,59.4,5.0,1
90,0,0,0.0,0.0,1
60,0,2,0.0,0.0,1
60,0,1,89.21739130434783,23.0,0
70,0,2,59.25,12.0,0
60,1,1,75.0,14.0,0
120,0,0,29.142857142857142,7.0,1
180,0,2,0.0,0.0,1
120,0,0,50.625,8.0,1
90,0,2,51.66666666666666,3.0,1
120,2,1,71.45454545454545,11.0,1
60,0,0,58.75,4.0,1
120,0,1,19.666666666666668,3.0,1
120,3,0,48.22222222222222,9.0,1
120,1,2,61.625,8.0,1
60,0,1,94.92857142857144,14.0,0
120,1,0,0.0,0.0,1
60,0,0,0.0,0.0,1
210,1,2,63.0,1.0,1
60,0,1,78.61538461538461,13.0,0
240,0,0,64.0,2.0,1
60,0,1,81.42857142857143,14.0,0
60,2,0,74.44444444444444,9.0,0
60,0,2,48.2,5.0,1
240,3,0,53.888888888888886,9.0,1
60,0,2,71.5,2.0,1
60,0,0,73.71428571428571,14.0,0
120,2,2,22.5,2.0,1
120,2,0,55.5,14.0,1
210,1,2,79.5,2.0,1
120,0,2,48.625,8.0,1
120,0,2,17.0,1.0,1
60,2,0,76.14285714285714,14.0,0
90,0,2,75.15384615384616,13.0,0
90,0,0,0.0,0.0,1
120,1,0,69.53846153846153,13.0,0
225,1,0,61.333333333333336,3.0,1
60,0,0,81.14285714285714,14.0,0
60,0,0,0.0,0.0,1
180,0,0,65.0,2.0,1
120,1,0,75.6,5.0,1
60,0,0,67.28571428571429,14.0,0
60,0,0,75.14285714285714,14.0,0
130,2,0,29.0,2.0,1
60,1,0,42.41666666666666,12.0,1
90,0,1,76.9090909090909,11.0,0
60,0,2,50.0,1.0,1
60,0,0,38.22222222222222,9.0,1
120,2,2,50.0,1.0,1
120,1,2,0.0,0.0,1
60,0,2,0.0,0.0,1
70,0,2,71.33333333333333,3.0,1
120,1,2,42.0,18.0,1
75,0,0,56.833333333333336,12.0,1
60,0,0,62.785714285714285,14.0,0
60,1,0,75.83333333333333,12.0,1
90,0,0,43.785714285714285,14.0,1
60,0,0,77.0,6.0,1
90,0,1,0.0,0.0,1
60,0,1,90.33333333333331,6.0,1
120,1,2,0.0,0.0,1
60,1,1,71.0,6.0,1
150,1,2,83.5,6.0,1
60,0,1,93.88888888888889,9.0,1
70,0,1,68.8695652173913,23.0,0
150,1,0,38.15384615384615,13.0,1
210,0,0,70.75,4.0,1
80,0,2,47.75,4.0,1
180,0,0,0.0,0.0,1
60,0,0,67.58333333333333,24.0,0
60,0,0,85.85714285714286,14.0,0
60,0,2,84.15384615384616,13.0,0
60,0,2,15.0,3.0,1
180,1,0,74.07142857142857,14.0,0
60,0,2,68.55555555555556,9.0,1
60,0,1,73.0,13.0,0
150,1,1,74.21428571428571,14.0,0
210,1,2,43.0,1.0,1
60,0,1,90.0,14.0,0
240,1,2,0.0,0.0,1
90,0,0,82.78571428571429,14.0,0
90,0,2,51.09090909090909,11.0,1
60,0,2,59.5,18.0,0
60,0,2,0.0,0.0,1
60,1,1,53.92857142857143,14.0,1
60,0,1,71.78571428571429,14.0,0
60,0,2,77.16666666666667,12.0,0
60,0,1,72.35714285714286,14.0,0
60,0,2,76.0,6.0,1
120,1,1,48.30769230769231,13.0,0
60,0,2,49.53846153846154,13.0,1
60,0,0,91.5,14.0,0
60,0,1,84.0,12.0,0
120,0,2,79.33333333333333,6.0,1
90,0,2,0.0,0.0,1
60,0,1,89.28571428571429,14.0,0
120,0,1,47.69230769230769,13.0,0
60,0,0,70.5,12.0,0
120,2,2,66.16666666666667,12.0,0
120,1,2,68.5,2.0,1
60,0,2,0.0,0.0,1
155,0,1,87.21428571428571,14.0,0
60,0,0,80.58333333333333,12.0,0
60,0,1,0.0,0.0,1
60,0,4,88.9090909090909,22.0,0
60,0,0,0.0,0.0,1
120,1,2,66.5,10.0,1
120,1,0,46.333333333333336,3.0,1
60,0,0,69.64285714285714,14.0,0
60,0,1,67.07692307692308,13.0,1
60,0,1,89.92857142857143,14.0,0
60,0,2,35.8,10.0,1
60,0,0,60.5,2.0,1
60,0,0,0.0,0.0,1
60,2,3,0.0,0.0,1
60,0,2,46.71428571428572,14.0,1
60,0,2,81.46153846153847,13.0,1
60,0,2,76.23076923076923,13.0,0
60,1,0,0.0,0.0,1
120,0,1,81.07142857142857,14.0,0
60,0,0,52.25,4.0,1
60,0,0,83.375,8.0,1
60,1,0,0.0,0.0,1
120,1,0,59.25,4.0,1
120,1,2,39.5,4.0,1
60,0,1,78.53846153846153,13.0,0
60,0,2,52.44444444444444,9.0,1
130,0,1,85.05263157894737,19.0,0
60,0,0,62.71428571428572,14.0,1
60,0,1,71.07692307692308,13.0,0
60,0,1,61.07692307692308,13.0,1
60,0,0,56.57142857142857,14.0,1
60,0,0,55.21428571428572,14.0,1
90,0,0,68.5,2.0,1
120,1,2,60.42857142857143,7.0,1
60,0,0,76.71428571428571,14.0,0
70,0,0,89.21428571428571,14.0,0
180,0,2,0.0,0.0,1
60,0,2,88.9090909090909,22.0,0
60,0,2,72.375,8.0,1
130,1,2,0.0,0.0,1
60,0,0,64.11111111111111,9.0,1
120,1,1,60.0,6.0,1
120,0,1,35.25,12.0,1
60,0,0,70.14285714285714,14.0,0
120,1,0,61.90909090909091,11.0,1
250,2,0,63.85714285714285,14.0,0
60,2,0,44.0,6.0,1
60,0,0,34.0,2.0,1
60,0,0,93.0,14.0,0
150,2,2,60.07142857142857,14.0,0
210,3,2,0.0,0.0,1
90,0,0,74.33333333333333,6.0,1
60,0,0,80.6875,16.0,0
60,0,2,0.0,0.0,1
60,0,2,36.125,8.0,1
180,0,0,0.0,0.0,1
60,0,1,39.36363636363637,11.0,1
60,2,2,0.0,0.0,1
150,1,1,88.38461538461539,13.0,0
60,0,1,55.75,8.0,1
60,0,0,63.66666666666666,9.0,1
80,0,0,83.78571428571429,14.0,0
60,1,1,69.0,11.0,0
120,3,2,65.4,10.0,0
120,1,0,71.77777777777777,9.0,1
60,0,0,60.07692307692308,13.0,1
60,0,2,68.0,6.0,1
210,1,2,0.0,0.0,1
60,0,2,60.76470588235294,17.0,1
60,0,2,81.14285714285714,14.0,0
120,1,0,40.0,1.0,1
120,2,0,0.0,0.0,1
60,0,0,75.58333333333333,12.0,0
60,0,0,65.58333333333333,12.0,0
120,0,2,80.78571428571429,14.0,0
60,0,2,68.0,10.0,1
60,0,2,55.76923076923077,13.0,0
130,0,0,0.0,0.0,1
90,0,0,56.1,10.0,1
60,0,0,74.36363636363636,11.0,0
120,2,1,89.0,2.0,1
60,0,2,86.4,10.0,1
120,0,1,0.0,0.0,1
60,0,0,57.0,13.0,1
60,0,4,55.66666666666666,3.0,1
120,0,0,69.5,12.0,0
60,0,2,8.0,1.0,1
60,0,0,46.35,20.0,1
240,1,0,50.0,1.0,1
60,1,0,36.66666666666666,3.0,1
240,0,0,0.0,0.0,1
60,1,2,85.85714285714286,14.0,0
150,0,1,0.0,0.0,1
60,0,2,46.85714285714285,14.0,1
120,0,0,0.0,0.0,1
60,0,0,54.5,2.0,1
180,1,2,74.66666666666667,3.0,1
150,1,0,52.6,15.0,1
60,0,0,0.0,0.0,1
120,1,0,72.84615384615384,13.0,0
60,0,0,69.35714285714286,14.0,0
60,0,2,68.33333333333333,3.0,1
60,1,0,66.64285714285714,14.0,0
240,1,2,57.0,1.0,1
130,1,0,87.21428571428571,14.0,0
180,1,2,70.16666666666667,6.0,1
120,1,2,0.0,0.0,1
80,0,0,88.85714285714286,14.0,0
105,0,0,0.0,0.0,1
60,0,1,73.0,9.0,1
60,1,2,67.75,12.0,1
60,0,2,0.0,0.0,1
120,0,0,65.66666666666667,9.0,1
60,0,0,72.54545454545455,11.0,1
60,0,1,77.83333333333333,12.0,0
120,1,2,42.66666666666666,3.0,1
75,0,2,81.5,10.0,0
60,0,1,70.0909090909091,11.0,0
60,0,2,80.78571428571429,14.0,0
60,0,2,84.71428571428571,14.0,0
60,0,0,82.42857142857143,14.0,0
60,0,2,59.0,2.0,1
60,0,1,80.23076923076923,13.0,0
60,0,2,75.61538461538461,13.0,1
60,0,2,64.21428571428571,14.0,0
180,2,2,0.0,0.0,1
60,0,2,70.71428571428571,14.0,0
60,0,0,73.71428571428571,14.0,0
120,1,1,0.0,0.0,1
60,0,2,51.25,4.0,1
60,0,0,54.11111111111112,9.0,1
90,0,0,86.0,2.0,1
120,2,0,0.0,0.0,1
60,0,0,53.5,4.0,1
120,0,0,50.76923076923077,13.0,0
60,0,0,0.0,0.0,1
120,1,1,80.42857142857143,14.0,0
60,0,1,66.26666666666667,15.0,0
60,0,2,0.0,0.0,1
120,0,2,0.0,0.0,1
120,1,1,75.33333333333333,3.0,1
120,0,0,67.0,13.0,0
180,2,2,37.0,1.0,1
60,0,2,54.57142857142857,14.0,0
60,0,2,63.42857142857143,14.0,0
60,1,0,76.6086956521739,23.0,0
90,0,2,25.666666666666668,6.0,1
90,0,1,84.78571428571429,14.0,0
60,0,2,55.85714285714285,14.0,1
60,0,0,64.15384615384616,13.0,0
210,1,2,60.0,12.0,0
190,0,0,87.92857142857143,14.0,0
120,1,0,46.5,4.0,1
105,0,0,70.66666666666667,6.0,1
90,1,0,68.23076923076923,13.0,0
60,0,0,62.142857142857146,14.0,0
60,0,2,0.0,0.0,1
150,1,2,27.125,8.0,1
60,0,0,57.0,12.0,1
120,0,2,88.28571428571429,14.0,0
120,1,0,73.5,2.0,1
60,1,2,77.22222222222223,9.0,1
60,0,2,66.4,5.0,1
180,1,2,52.36363636363637,11.0,0
120,1,1,89.07692307692308,13.0,1
120,0,2,72.5,14.0,0
60,0,2,21.857142857142858,7.0,1
60,0,0,75.0,13.0,0
240,1,2,56.91666666666666,12.0,1
150,1,2,45.285714285714285,7.0,1
60,0,2,34.833333333333336,6.0,1
60,0,2,69.07142857142857,14.0,0
120,1,2,76.78571428571429,14.0,0
150,1,0,57.54545454545455,11.0,0
120,1,2,0.0,0.0,1
180,0,2,37.0,2.0,1
60,0,0,60.0,1.0,1
60,0,0,0.0,0.0,1
60,0,1,79.22222222222223,9.0,1
120,1,1,82.71428571428571,14.0,0
120,0,0,66.72727272727273,11.0,0
60,0,0,62.642857142857146,14.0,0
120,1,2,0.0,0.0,1
240,1,1,96.78571428571428,14.0,0
60,0,0,86.92857142857143,14.0,0
90,0,1,91.64285714285714,14.0,0
120,1,1,0.0,0.0,1
60,0,0,63.09090909090909,11.0,0
70,0,4,90.92307692307692,13.0,0
120,0,4,72.64285714285714,14.0,0
60,0,1,79.68181818181819,22.0,0
180,1,0,25.0,1.0,1
70,0,2,53.0,1.0,1
120,0,0,63.0,3.0,1
120,1,0,82.21428571428571,14.0,0
120,1,2,48.333333333333336,12.0,1
60,0,1,91.91304347826087,23.0,0
70,0,0,0.0,0.0,1
60,0,0,80.2,20.0,0
120,0,0,79.57142857142857,14.0,0
180,0,2,40.0,1.0,1
60,0,1,80.92857142857143,14.0,0
90,0,0,76.8,20.0,1
120,0,1,38.66666666666666,3.0,1
120,1,0,85.14285714285714,14.0,0
180,0,2,85.0,6.0,1
120,0,2,57.0,5.0,1
120,1,2,0.0,0.0,1
60,0,2,75.75,8.0,1
120,0,2,53.66666666666666,3.0,1
180,1,0,59.5,14.0,0
120,0,0,74.42857142857143,7.0,1
180,1,0,0.0,0.0,1
60,0,0,87.92857142857143,14.0,0
60,0,3,0.0,0.0,1
210,1,0,59.4,5.0,1
60,0,2,35.0,2.0,1
120,0,1,94.14285714285714,14.0,0
60,0,1,0.0,0.0,1
120,1,2,57.0,4.0,1
60,0,1,77.0,1.0,1
60,0,2,63.85714285714285,14.0,0
60,0,0,78.5,14.0,0
120,1,0,81.4,5.0,1
210,1,2,78.4,5.0,1
210,1,2,0.0,0.0,1
60,0,0,51.69230769230769,13.0,0
120,1,1,40.375,8.0,1
60,0,0,79.0909090909091,11.0,0
60,0,0,68.82352941176471,17.0,0
60,0,0,43.333333333333336,3.0,1
180,1,0,0.0,0.0,1
60,0,0,66.66666666666667,12.0,1
60,0,0,61.0,12.0,0
80,0,0,93.21428571428572,14.0,0
90,0,2,0.0,0.0,1
60,0,0,73.61111111111111,18.0,0
90,0,2,86.0,5.0,1
60,0,0,57.0,1.0,1
60,0,0,61.833333333333336,12.0,0
120,0,1,0.0,0.0,1
60,0,0,54.5,4.0,1
60,0,2,49.75,8.0,1
120,0,0,86.35714285714286,14.0,0
80,0,1,70.64285714285714,14.0,0
120,0,1,0.0,0.0,1
60,0,2,58.66666666666666,9.0,1
90,0,0,34.0,1.0,1
145,0,0,0.0,0.0,1
70,0,0,77.66666666666667,12.0,0
120,1,2,56.11764705882353,17.0,1
150,0,0,58.285714285714285,7.0,1
60,0,1,78.0,14.0,0
60,0,0,69.92857142857143,14.0,0
120,0,0,82.78571428571429,14.0,0
180,0,0,56.35714285714285,14.0,0
60,0,0,81.42857142857143,14.0,0
210,1,0,57.55555555555556,18.0,0
120,0,0,81.76923076923077,13.0,0
60,0,2,46.285714285714285,14.0,0
60,0,0,29.2,5.0,1
60,0,1,88.14285714285714,14.0,0
120,0,2,69.61538461538461,13.0,0
60,0,0,63.35714285714285,14.0,0
120,0,0,89.92857142857143,14.0,0
60,0,1,94.47826086956522,23.0,0
60,0,0,58.07142857142857,14.0,1
120,1,2,10.0,1.0,1
180,1,2,0.0,0.0,1
60,0,2,85.57142857142857,14.0,0
120,0,2,54.25,4.0,1
120,0,2,63.42857142857143,14.0,1
120,0,0,55.90909090909091,11.0,1
60,0,2,54.083333333333336,12.0,0
60,0,2,93.66666666666669,12.0,0
90,0,0,76.0,2.0,1
60,0,0,49.53846153846154,13.0,0
120,1,0,0.0,0.0,1
120,0,1,54.0,1.0,1
60,0,2,58.57142857142857,14.0,1
120,0,2,70.78571428571429,14.0,0
60,0,0,60.785714285714285,14.0,0
120,0,2,71.5,6.0,1
60,0,2,61.53846153846154,13.0,1
120,0,0,50.642857142857146,14.0,0
210,1,0,61.21428571428572,14.0,1
60,0,2,11.5,2.0,1
60,0,2,76.28571428571429,14.0,0
240,1,2,64.25,4.0,1
60,0,0,0.0,0.0,1
180,1,0,47.0,1.0,1
60,0,0,84.15384615384616,13.0,0
120,0,0,27.5,10.0,1
120,1,1,0.0,0.0,1
120,1,2,0.0,0.0,1
120,1,0,0.0,0.0,1
150,1,0,61.0,2.0,1
60,0,2,74.0,2.0,1
60,0,0,49.44444444444444,9.0,1
60,0,2,73.88888888888889,9.0,1
60,0,2,0.0,0.0,1
120,0,0,72.45454545454545,11.0,0
180,0,0,60.0,1.0,1
120,1,0,73.5,14.0,0
120,1,2,57.0,3.0,1
180,1,1,51.0,10.0,1
60,0,2,70.125,8.0,1
90,0,1,53.36363636363637,11.0,0
60,0,2,78.85714285714286,14.0,0
120,1,0,0.0,0.0,1
60,0,2,0.0,0.0,1
180,1,0,44.66666666666666,12.0,0
120,1,2,39.5,4.0,1
120,0,0,86.0,6.0,1
60,0,2,87.17391304347827,23.0,0
60,0,0,63.5,12.0,1
180,1,0,64.35714285714286,14.0,0
60,0,0,0.0,0.0,1
120,0,0,78.85714285714286,14.0,0
60,0,0,91.71428571428572,14.0,0
60,0,3,63.333333333333336,12.0,0
120,1,0,69.5,8.0,1
60,0,1,56.38461538461539,13.0,0
150,1,0,85.35714285714286,14.0,0
120,0,0,91.75,8.0,1
180,1,1,65.92857142857143,14.0,0
120,1,2,43.0,1.0,1
120,1,0,52.5,6.0,1
120,1,1,50.2,5.0,1
60,0,2,65.57142857142857,14.0,0
120,0,2,84.0,12.0,0
60,0,0,0.0,0.0,1
60,0,0,57.7,10.0,0
60,0,2,56.66666666666666,12.0,1
120,0,0,0.0,0.0,1
120,0,0,0.0,0.0,1
120,0,2,0.0,0.0,1
120,1,0,60.72727272727273,11.0,1
60,0,2,41.66666666666666,3.0,1
120,1,0,53.25,12.0,0
60,0,0,86.85714285714286,14.0,0
120,0,0,75.63636363636364,11.0,0
120,0,2,50.30769230769231,13.0,1
120,1,2,44.0,4.0,1
180,0,0,78.71428571428571,7.0,1
60,0,0,54.90909090909091,11.0,0
60,0,1,77.38461538461539,13.0,0
180,1,2,0.0,0.0,1
120,1,2,40.0,10.0,1
60,0,2,70.0,9.0,1
120,0,2,70.0,1.0,1
60,0,0,79.84615384615384,13.0,1
60,0,4,85.85714285714286,14.0,0
120,1,2,55.142857142857146,14.0,1
120,0,1,57.4,10.0,1
70,0,2,81.92857142857143,14.0,0
120,0,0,47.0,1.0,1
60,0,0,82.77272727272727,22.0,0
60,0,0,80.35714285714286,14.0,0
180,1,0,37.0,1.0,1
90,0,2,69.625,8.0,1
90,0,2,78.5,2.0,1
70,0,4,93.21428571428572,14.0,0
60,0,2,44.0,8.0,1
120,0,2,42.53846153846154,13.0,1
180,1,0,0.0,0.0,1
60,0,2,75.63636363636364,11.0,0
120,1,0,66.5,2.0,1
60,0,2,0.0,0.0,1
120,1,2,45.0,1.0,1
120,1,2,0.0,0.0,1
60,0,2,64.6923076923077,13.0,1
120,1,2,62.285714285714285,14.0,1
120,0,0,0.0,0.0,1
60,0,1,50.0,1.0,1
160,0,0,87.0,6.0,1
60,0,0,71.875,8.0,1
90,0,1,0.0,0.0,1
60,0,2,85.14285714285714,14.0,0
60,0,0,62.09090909090909,11.0,1
75,0,0,77.92857142857143,14.0,0
75,0,0,76.5,4.0,1
60,0,0,24.5,2.0,1
130,0,2,0.0,0.0,1
120,1,1,66.28571428571429,14.0,1
120,1,2,75.25,8.0,1
60,0,0,79.78260869565217,23.0,0
60,0,1,66.1304347826087,23.0,0
120,0,0,0.0,0.0,1
60,0,0,67.71428571428571,14.0,0
120,1,2,27.0,1.0,1
60,0,2,93.5,4.0,1
120,0,2,38.5,2.0,1
60,0,2,65.0,1.0,1
60,0,2,77.85714285714286,14.0,0
90,0,2,0.0,0.0,1
90,0,2,0.0,0.0,1
60,0,0,79.78571428571429,14.0,0
100,0,0,30.1,10.0,1
90,0,2,0.0,0.0,1
90,0,2,0.0,0.0,1
60,0,2,52.0,15.0,0
60,0,2,40.8,10.0,1
120,1,2,22.0,5.0,1
60,0,0,84.07142857142857,14.0,0
180,1,2,81.0,3.0,1
60,0,2,49.5,2.0,1
60,0,0,47.15384615384615,13.0,1
90,0,2,0.0,0.0,1
90,0,0,59.38461538461539,13.0,0
120,0,0,0.0,0.0,1
135,1,0,52.71428571428572,7.0,1
120,1,2,62.333333333333336,6.0,1
60,0,0,67.33333333333333,18.0,0
60,0,2,52.13636363636363,22.0,0
90,0,0,66.2,5.0,1
60,0,0,62.57142857142857,14.0,1
60,0,1,85.35,20.0,0
60,0,0,68.07142857142857,14.0,0
60,0,0,82.57142857142857,14.0,0
60,0,0,37.0,2.0,1
60,0,1,70.0909090909091,11.0,1
60,0,0,79.78571428571429,14.0,0
60,0,0,85.0,4.0,1
60,0,2,0.0,0.0,1
60,0,0,0.0,0.0,1
60,0,2,90.5,14.0,0
60,0,2,68.76923076923077,13.0,0
60,0,2,0.0,0.0,1
60,0,0,53.16666666666666,6.0,1
120,0,0,93.0,1.0,1
90,0,2,73.3076923076923,13.0,0
60,0,2,0.0,0.0,1
90,0,2,67.57142857142857,14.0,0
60,0,0,59.0,9.0,1
60,0,2,72.125,8.0,1
60,0,0,51.0,1.0,1
90,0,2,52.875,8.0,1
60,0,0,40.25,4.0,1
60,0,1,0.0,0.0,1
60,0,2,0.0,0.0,1
60,0,2,85.38461538461539,13.0,0
60,0,0,85.71428571428571,14.0,0
70,0,3,83.85714285714286,14.0,0
60,0,0,71.0,15.0,0
90,0,2,57.5,2.0,1
60,0,1,96.0,23.0,0
120,0,2,62.66666666666666,6.0,1
60,0,0,82.9090909090909,22.0,0
60,0,2,53.125,16.0,0
60,0,0,35.25,4.0,1
60,0,0,82.14285714285714,14.0,0
60,0,2,0.0,0.0,1
60,0,0,71.84615384615384,13.0,0
60,0,0,45.92857142857143,14.0,0
60,0,0,62.25,4.0,1
60,0,2,56.0,22.0,0
60,0,0,0.0,0.0,1
60,0,0,89.93333333333334,15.0,0
60,0,2,61.25,4.0,1
60,0,2,71.1,10.0,0
60,0,1,64.53846153846153,13.0,1
60,0,0,40.90909090909091,11.0,1
60,0,0,9.0,1.0,1
60,0,1,100.0,1.0,1
60,0,2,0.0,0.0,1
120,0,2,65.42857142857143,7.0,1
60,0,3,92.21428571428572,14.0,0
60,0,2,81.7,10.0,1
60,0,0,72.35714285714286,14.0,0
60,0,0,0.0,0.0,1
60,0,0,71.5,8.0,1
60,0,0,46.23076923076923,13.0,0
60,0,0,42.55555555555556,9.0,1
120,0,0,38.4,10.0,1
60,0,0,55.92857142857143,14.0,0
60,0,2,0.0,0.0,1
60,0,2,73.25,4.0,1
60,0,0,0.0,0.0,1
90,0,0,54.15,20.0,0
60,0,0,87.5,14.0,0
60,0,2,68.58333333333333,12.0,0
60,0,0,68.46153846153847,13.0,0
60,0,0,54.84615384615385,13.0,1
120,0,0,64.85714285714286,14.0,0
60,0,0,0.0,0.0,1
120,0,2,66.92307692307692,13.0,1
60,0,2,25.5,4.0,1
120,0,0,62.0,4.0,1
60,0,0,71.5,12.0,1
60,0,2,54.642857142857146,14.0,0
60,0,2,83.91304347826087,23.0,0
60,0,0,69.11764705882354,17.0,0
90,0,2,50.523809523809526,21.0,1
60,0,3,27.0,3.0,1
60,0,0,70.4,10.0,0
60,0,0,27.5,2.0,1
60,0,2,74.0,4.0,1
120,0,0,56.35714285714285,14.0,1
120,0,0,0.0,0.0,1
60,0,2,69.5,4.0,1
60,0,2,39.5,4.0,1
60,0,0,81.92307692307692,13.0,0
120,0,1,68.28571428571429,14.0,0
90,0,0,62.1875,16.0,0
60,0,2,89.07692307692308,13.0,0
60,0,2,67.78571428571429,14.0,0
60,0,2,50.42857142857143,14.0,1
60,0,2,54.333333333333336,6.0,1
60,0,1,35.81818181818182,11.0,1
90,0,0,62.30769230769231,13.0,0
60,0,1,85.07142857142857,14.0,0
60,0,2,0.0,0.0,1
60,0,0,88.07142857142857,14.0,0
60,0,0,0.0,0.0,1
60,0,2,77.0,1.0,1
60,0,2,23.0,1.0,1
90,0,2,0.0,0.0,1
60,0,2,73.57142857142857,14.0,0
60,0,2,50.5,2.0,1
75,0,0,72.92307692307692,13.0,0
60,0,2,80.0,13.0,0
90,0,0,45.5,2.0,1
60,0,2,0.0,0.0,1
60,0,2,32.833333333333336,6.0,1
60,0,0,75.78571428571429,14.0,0
180,0,0,0.0,0.0,1
180,0,2,67.57142857142857,14.0,0
120,0,2,68.57142857142857,14.0,0
60,0,0,78.6923076923077,13.0,0
60,0,0,47.75,4.0,1
120,0,1,79.92857142857143,14.0,0
60,0,0,75.57142857142857,7.0,1
60,0,2,78.9090909090909,11.0,1
90,0,0,43.0,1.0,1
60,0,0,80.21428571428571,14.0,0
60,0,0,0.0,0.0,1
90,0,2,0.0,0.0,1
60,0,0,0.0,0.0,1
60,0,2,65.06666666666666,15.0,0
60,0,2,0.0,0.0,1
60,0,0,52.41666666666666,12.0,0
60,0,2,72.5,4.0,1
60,0,0,94.21739130434784,23.0,0
60,0,2,68.5,6.0,1
60,0,2,16.0,2.0,1
60,0,2,48.5,4.0,1
120,0,2,68.27272727272727,11.0,0
60,0,0,40.2,5.0,1
90,0,0,42.578947368421055,19.0,0
60,0,2,0.0,0.0,1
120,0,2,50.71428571428572,14.0,1
60,0,0,44.5,12.0,1
60,0,2,61.7,20.0,0
60,0,2,0.0,0.0,1
60,0,2,46.142857142857146,14.0,1
60,0,1,51.6,5.0,1
60,0,0,78.64285714285714,14.0,0
60,0,0,73.84615384615384,13.0,0
60,0,1,92.3,10.0,1
60,0,0,75.3,10.0,0
60,0,2,79.64285714285714,14.0,0
60,0,1,45.0,5.0,1
60,0,0,65.0,2.0,1
60,0,2,45.6,5.0,1
60,0,0,84.375,16.0,1
60,0,0,40.88235294117647,17.0,0
60,0,2,0.0,0.0,1
60,0,0,60.41666666666666,12.0,1
60,0,2,75.92857142857143,14.0,0
60,0,0,63.38461538461539,13.0,1
60,0,2,0.0,0.0,1
60,0,0,84.92857142857143,14.0,0
60,0,0,88.33333333333333,12.0,0
60,0,2,0.0,0.0,1
60,0,2,88.64285714285714,14.0,0
60,0,2,70.14285714285714,14.0,0
60,0,2,55.0,7.0,1
60,0,0,0.0,0.0,1
60,0,2,46.0,15.0,1
60,0,2,54.9,10.0,1
60,0,2,46.36842105263158,19.0,1
60,0,2,0.0,0.0,1
90,0,2,0.0,0.0,1
60,0,0,51.13333333333333,15.0,1
60,0,0,82.42857142857143,14.0,0
60,0,2,57.0,1.0,1
60,0,2,56.76923076923077,13.0,1
60,0,0,66.85714285714286,14.0,0
60,0,0,57.35714285714285,14.0,1
60,0,0,74.0,1.0,1
60,0,0,0.0,0.0,1
60,0,2,69.0,14.0,1
60,0,0,67.35714285714286,14.0,0
60,0,0,77.52173913043478,23.0,0
60,0,2,41.5,2.0,1
60,0,0,79.34782608695652,23.0,0
60,0,2,0.0,0.0,1
60,0,2,0.0,0.0,1
60,0,0,0.0,0.0,1
60,0,2,0.0,0.0,1
60,0,1,62.125,8.0,1
60,0,2,67.0,1.0,1
60,0,0,71.36363636363636,11.0,1
90,0,2,44.0,2.0,1
60,0,1,84.92857142857143,14.0,0
60,0,2,74.76923076923077,13.0,0
60,0,1,67.35714285714286,14.0,0
120,0,0,74.16666666666667,12.0,0
60,0,0,69.81818181818181,11.0,0
60,0,2,0.0,0.0,1
60,0,0,88.83333333333333,6.0,1
60,0,1,69.0,12.0,1
60,0,2,0.0,0.0,1
120,0,2,71.0,2.0,1
60,0,2,62.57142857142857,7.0,1
60,0,4,89.75,16.0,1
60,0,2,0.0,0.0,1
60,0,2,68.5,14.0,0
60,0,2,0.0,0.0,1
60,0,4,87.5,14.0,0
60,0,0,65.58333333333333,12.0,0
60,0,0,43.57142857142857,14.0,0
60,0,2,75.9,10.0,0
60,0,2,77.07142857142857,14.0,0
60,0,2,93.43478260869566,23.0,0
60,0,0,45.30769230769231,13.0,0
60,0,2,71.18181818181819,11.0,0
60,0,2,51.25,8.0,1
60,0,0,74.0,11.0,1
60,0,0,62.333333333333336,3.0,1
60,0,0,84.75,12.0,0
60,0,0,58.0625,16.0,0
60,0,0,57.0625,16.0,1
60,0,0,40.5,2.0,1
60,0,1,0.0,0.0,1
60,0,1,31.75,4.0,1
60,0,2,37.0,3.0,1
60,0,2,0.0,0.0,1
60,0,0,77.3529411764706,17.0,0
60,0,1,77.5,14.0,0
60,0,2,0.0,0.0,1
60,0,0,67.25,4.0,1
60,0,0,83.57142857142857,14.0,0
60,0,2,89.53846153846153,13.0,0
60,0,1,92.64285714285714,14.0,0
60,0,0,72.375,8.0,1
60,0,2,39.5,2.0,1
60,0,1,68.92307692307692,13.0,1
60,0,0,72.71428571428571,14.0,0
60,0,0,58.46153846153846,13.0,0
60,0,2,75.85714285714286,14.0,0
90,0,0,80.6875,16.0,0
120,0,0,88.21428571428571,14.0,0
60,0,0,65.38461538461539,13.0,0
60,0,2,66.25,4.0,1
60,0,2,0.0,0.0,1
60,0,2,0.0,0.0,1
60,0,2,55.63636363636363,11.0,1
60,0,2,56.285714285714285,14.0,0
90,0,0,48.85714285714285,7.0,1
60,0,0,43.0,1.0,1
60,0,2,73.21428571428571,14.0,0
60,0,2,55.07142857142857,14.0,0
60,0,0,75.3076923076923,13.0,0
60,0,2,0.0,0.0,1
60,0,0,84.6923076923077,13.0,0
60,0,0,64.5,4.0,1
60,0,2,56.16666666666666,6.0,1
60,0,1,50.0,1.0,1
60,0,2,62.23076923076923,13.0,0
60,0,2,84.0,13.0,0
60,0,1,89.57142857142857,14.0,0
60,0,0,0.0,0.0,1
60,0,0,0.0,0.0,1
60,0,2,60.57142857142857,14.0,0
90,0,2,0.0,0.0,1
120,0,0,80.85714285714286,14.0,0
90,0,1,87.5,14.0,0
60,0,1,72.8,10.0,1
60,0,2,72.82608695652173,23.0,0
60,0,2,74.71428571428571,14.0,0
90,0,0,79.72727272727273,11.0,0
60,0,0,78.0,11.0,0
60,0,2,81.42857142857143,14.0,0
60,0,1,82.64285714285714,14.0,0
60,0,0,81.14285714285714,14.0,0
60,0,2,0.0,0.0,1
90,0,1,53.07142857142857,14.0,1
60,0,2,60.0,17.0,1
60,0,2,0.0,0.0,1
60,0,2,72.6,10.0,1
90,0,2,63.92307692307692,26.0,1
60,0,0,64.57142857142857,7.0,1
150,0,0,87.9090909090909,11.0,0
60,0,2,37.0,2.0,1
60,0,2,0.0,0.0,1
60,0,2,52.5,4.0,1
60,0,0,47.53333333333333,15.0,1
60,0,1,0.0,0.0,1
60,0,2,58.71428571428572,14.0,1
60,0,0,65.5,2.0,1
60,0,0,72.78571428571429,14.0,0
60,0,0,66.14285714285714,7.0,1
100,0,0,51.66666666666666,6.0,1
60,0,2,0.0,0.0,1
60,0,1,85.0,4.0,1
60,0,0,79.85714285714286,14.0,0
60,0,0,77.0,2.0,1
60,0,2,59.35714285714285,14.0,1
60,0,0,82.42857142857143,14.0,0
60,0,2,88.38888888888889,18.0,1
60,0,2,64.63636363636364,11.0,1
60,0,2,47.57142857142857,14.0,0
60,0,2,74.5,6.0,1
60,0,2,65.0,2.0,1
60,0,2,53.642857142857146,14.0,0
60,0,1,43.5,2.0,1
60,0,1,52.06666666666667,15.0,1
60,0,1,91.64285714285714,14.0,0
60,0,1,73.25,12.0,0
60,0,1,88.92307692307692,13.0,0
60,0,1,87.65217391304348,23.0,0
60,0,2,73.07692307692308,13.0,1
120,0,2,0.0,0.0,1
60,0,0,66.08333333333333,12.0,0
120,0,0,0.0,0.0,1
60,0,2,33.0,1.0,1
60,0,0,93.42857142857144,14.0,0
60,0,4,89.21428571428571,14.0,0
60,0,2,82.38461538461539,13.0,0
90,0,0,82.21428571428571,14.0,0
60,0,0,75.64285714285714,14.0,0
60,0,0,77.85714285714286,14.0,0
60,0,2,18.0,1.0,1
60,0,0,71.58333333333333,12.0,0
180,0,2,0.0,0.0,1
60,0,0,63.2,15.0,1
60,0,0,0.0,0.0,1
90,0,2,63.07142857142857,14.0,1
60,0,2,61.4,5.0,1
60,0,0,60.0,3.0,1
60,0,0,69.27272727272727,11.0,1
60,0,2,46.5,2.0,1
60,0,1,89.64285714285714,14.0,0
60,0,1,0.0,0.0,1
60,0,0,80.16666666666667,12.0,0
60,0,0,57.285714285714285,7.0,1
60,0,0,46.333333333333336,3.0,1
60,0,0,54.21428571428572,14.0,1
60,0,0,54.25,4.0,1
60,0,1,76.28571428571429,14.0,0
60,0,1,67.42857142857143,7.0,1
60,0,0,86.61538461538461,13.0,0
60,0,0,81.21428571428571,14.0,0
60,0,2,0.0,0.0,1
60,0,0,53.0,1.0,1
60,0,0,66.57142857142857,7.0,1
60,0,0,76.35714285714286,14.0,0
60,0,0,47.21428571428572,14.0,1
60,0,0,84.92857142857143,14.0,0
60,0,2,53.333333333333336,3.0,1
60,0,2,0.0,0.0,1
60,0,0,70.14285714285714,14.0,0
60,0,2,53.44444444444444,18.0,0
60,0,0,42.5,14.0,1
60,0,2,83.3,10.0,1
60,0,2,70.0,1.0,1
60,0,0,51.07692307692308,13.0,1
60,0,1,74.21428571428571,14.0,0
60,0,1,42.5,2.0,1
60,0,1,85.71428571428571,14.0,0
60,0,0,83.23076923076923,13.0,0
60,0,0,0.0,0.0,1
60,0,2,0.0,0.0,1
60,0,1,62.71428571428572,14.0,0
60,0,0,52.82608695652174,23.0,1
60,0,0,71.61538461538461,13.0,0
120,0,2,0.0,0.0,1
60,0,1,86.0,14.0,0
60,0,2,0.0,0.0,1
60,0,0,93.28571428571428,14.0,0
60,0,2,40.0,14.0,1
60,0,1,53.2,5.0,1
60,0,0,82.85714285714286,14.0,0
60,0,1,42.66666666666666,9.0,1
60,0,2,71.38461538461539,13.0,0
60,0,0,64.71428571428571,14.0,0
60,0,1,63.42857142857143,14.0,1
60,0,0,75.71428571428571,14.0,0
60,0,2,71.8695652173913,23.0,0
60,0,2,56.125,8.0,1
60,0,0,0.0,0.0,1
60,0,1,0.0,0.0,1
60,0,2,86.35714285714286,14.0,0
60,0,0,35.214285714285715,14.0,1
60,0,0,43.333333333333336,3.0,1
60,0,0,92.64285714285714,14.0,0
60,0,0,69.04347826086956,23.0,0
90,0,0,0.0,0.0,1
60,0,2,85.38461538461539,13.0,0
60,0,1,76.85714285714286,14.0,0
60,0,1,76.6923076923077,13.0,0
60,0,2,92.04347826086956,23.0,0
60,0,0,74.92857142857143,14.0,0
60,0,0,78.07142857142857,14.0,0
60,0,2,0.0,0.0,1
60,0,1,88.21428571428571,14.0,0
90,0,1,52.25,12.0,0
60,0,0,72.0,8.0,1
60,0,1,67.9090909090909,11.0,1
60,0,2,82.15,20.0,1
60,0,0,59.4,10.0,1
60,0,0,51.5,2.0,1
90,0,2,85.54545454545455,11.0,1
180,0,1,51.71428571428572,7.0,1
60,0,1,91.28571428571428,14.0,0
90,0,1,80.8,5.0,1
90,0,1,60.66666666666666,12.0,0
130,6,2,0.0,0.0,1
60,0,2,41.5,2.0,1
60,0,1,78.76923076923077,13.0,0
120,0,2,0.0,0.0,1
75,0,0,49.72727272727273,22.0,0
90,0,0,0.0,0.0,1
60,0,0,75.5,20.0,0
60,0,2,76.14285714285714,7.0,1
120,1,0,74.66666666666667,3.0,1
60,0,0,89.43478260869566,23.0,0
60,0,0,88.07142857142857,14.0,0
90,1,0,93.0,14.0,0
120,1,1,75.8,5.0,1
60,0,2,58.625,8.0,1
120,0,2,76.5,2.0,1
60,0,1,90.28571428571428,14.0,0
60,0,0,75.75,8.0,1
60,0,1,72.0,18.0,0
70,0,0,91.78571428571428,14.0,0
90,0,2,56.833333333333336,12.0,1
60,0,0,47.92857142857143,14.0,1
270,1,2,80.5,2.0,1
120,0,0,0.0,0.0,1
60,0,2,70.0,7.0,1
70,0,0,75.78571428571429,14.0,0
60,1,2,88.5,2.0,1
120,0,1,56.72727272727273,11.0,1
60,0,2,50.35714285714285,14.0,0
60,0,0,65.92857142857143,14.0,1
120,0,1,48.5,4.0,1
60,0,0,91.71428571428572,14.0,0
150,1,1,52.5,14.0,0
120,1,2,66.0,2.0,1
90,1,1,75.28571428571429,14.0,0
60,0,0,90.57142857142856,14.0,0
180,1,2,72.92307692307692,13.0,0
60,0,0,50.61538461538461,13.0,0
150,1,0,0.0,0.0,1
60,0,1,0.0,0.0,1
70,0,2,75.0,7.0,1
90,0,1,90.28571428571428,7.0,1
75,0,0,0.0,0.0,1
60,0,0,66.92307692307692,13.0,1
60,0,2,39.18181818181818,11.0,1
120,1,0,56.0,4.0,1
60,0,1,36.333333333333336,3.0,1
60,0,0,0.0,0.0,1
60,0,2,81.63636363636364,22.0,1
80,0,0,60.07692307692308,13.0,1
120,1,0,0.0,0.0,1
120,1,0,0.0,0.0,1
70,0,0,71.85714285714286,14.0,0
60,0,2,69.85,20.0,0
60,0,0,77.16666666666667,12.0,1
60,0,1,59.46153846153846,13.0,0
90,0,0,80.21428571428571,14.0,0
90,1,1,76.64285714285714,14.0,0
60,0,0,80.5,4.0,1
60,0,4,93.57142857142856,14.0,0
60,0,2,68.78947368421052,19.0,0
90,0,2,45.66666666666666,12.0,0
60,0,2,0.0,0.0,1
60,1,1,53.0,2.0,1
180,0,2,60.875,8.0,1
90,0,1,41.0,2.0,1
70,0,0,93.47826086956522,23.0,0
60,0,2,66.92857142857143,14.0,0
60,1,0,75.76923076923077,13.0,1
70,0,1,84.77272727272727,22.0,0
60,0,0,62.71428571428572,7.0,1
60,0,2,44.0,8.0,1
60,0,2,78.3076923076923,13.0,1
160,0,1,53.42857142857143,14.0,0
120,1,0,0.0,0.0,1
60,0,2,67.2,5.0,1
60,0,0,50.92857142857143,14.0,1
90,1,2,71.68181818181819,22.0,1
180,0,0,0.0,0.0,1
90,0,0,69.21428571428571,14.0,0
120,0,1,87.125,8.0,0
90,0,1,0.0,0.0,1
60,0,2,40.0,1.0,1
60,0,1,82.6923076923077,13.0,0
60,1,0,64.92857142857143,14.0,0
240,1,2,0.0,0.0,1
130,1,1,55.0,11.0,1
180,1,0,81.25,8.0,1
90,0,1,61.0,1.0,1
60,1,1,84.76923076923077,13.0,0
150,0,0,79.28571428571429,14.0,1
60,1,1,51.333333333333336,3.0,1
90,1,1,78.15384615384616,13.0,0
60,0,2,0.0,0.0,1
60,0,0,85.07142857142857,14.0,0
60,0,0,78.41666666666667,12.0,0
60,1,2,0.0,0.0,1
60,0,2,0.0,0.0,1
60,0,1,73.42857142857143,7.0,1
60,0,2,0.0,0.0,1
60,0,2,93.6,10.0,1
60,0,2,58.5,14.0,0
120,2,0,82.6,10.0,1
60,0,0,75.5,14.0,0
120,1,0,69.25,4.0,1
60,0,1,50.0,1.0,1
120,1,0,66.57142857142857,14.0,0
120,3,0,59.125,8.0,1
60,0,4,66.15384615384616,13.0,0
60,0,1,69.92857142857143,14.0,1
60,0,0,79.0,7.0,1
80,0,1,84.5,14.0,0
160,1,2,55.38461538461539,13.0,1
60,0,0,59.34782608695652,23.0,0
60,0,1,78.26666666666667,15.0,1
60,0,1,88.76923076923077,13.0,0
120,1,0,71.66666666666667,12.0,0
60,0,2,90.6923076923077,13.0,0
60,1,2,55.0,5.0,1
120,2,0,53.0,2.0,1
60,0,1,72.5,14.0,0
60,0,1,65.77777777777777,9.0,1
150,2,1,47.888888888888886,9.0,1
130,2,0,64.0,3.0,1
60,1,1,82.71428571428571,14.0,0
60,0,0,83.5,14.0,0
60,0,0,75.42857142857143,14.0,0
60,0,0,76.92857142857143,14.0,0
60,0,2,73.36363636363636,11.0,0
60,0,2,51.42857142857143,7.0,1
315,1,2,0.0,0.0,1
60,0,2,82.38095238095238,21.0,0
60,0,0,66.52173913043478,23.0,1
60,0,1,77.9,10.0,1
120,1,2,71.35714285714286,14.0,0
60,0,0,74.08333333333333,12.0,0
90,0,0,68.66666666666667,9.0,1
180,0,1,57.84615384615385,13.0,0
130,3,2,61.57142857142857,14.0,1
120,0,2,78.7,10.0,0
120,0,1,0.0,0.0,1
60,0,2,64.83333333333333,6.0,1
60,0,0,82.3,10.0,1
60,0,2,0.0,0.0,1
120,0,0,33.285714285714285,7.0,1
90,0,0,85.08333333333333,12.0,0
100,0,0,0.0,0.0,1
120,1,2,79.5,2.0,1
60,0,1,90.5,10.0,0
120,3,0,64.21428571428571,14.0,0
60,0,2,87.33333333333333,3.0,1
120,1,2,72.35714285714286,14.0,0
60,1,0,82.46666666666667,15.0,1
60,0,2,19.0,1.0,1
60,0,2,73.14285714285714,14.0,0
180,2,2,70.61538461538461,13.0,0
120,1,4,81.21428571428571,14.0,0
60,0,1,82.35714285714286,14.0,0
60,0,2,46.23076923076923,13.0,1
120,0,2,84.5,12.0,0
120,0,1,62.85714285714285,14.0,1
60,0,0,72.85714285714286,14.0,0
60,1,2,20.0,1.0,1
200,1,0,84.35714285714286,14.0,0
60,0,0,69.57142857142857,14.0,0
120,1,2,39.75,4.0,1
300,4,0,73.0,1.0,1
120,0,0,47.0,1.0,1
60,0,0,52.42857142857143,14.0,1
60,0,1,0.0,0.0,1
110,0,0,84.21428571428571,14.0,0
60,0,0,54.0,4.0,1
60,1,1,65.16666666666667,6.0,1
60,0,2,45.84615384615385,13.0,1
60,0,2,57.53846153846154,13.0,0
60,0,2,43.333333333333336,3.0,1
120,0,2,0.0,0.0,1
60,0,0,45.4,5.0,1
60,0,0,82.21428571428571,14.0,0
60,0,0,82.07142857142857,14.0,0
120,1,0,60.22222222222222,9.0,1
180,2,0,96.28571428571428,14.0,0
120,0,2,48.0,2.0,1
150,1,0,72.125,8.0,1
120,0,0,52.66666666666666,12.0,0
60,1,2,0.0,0.0,1
60,5,2,43.0,9.0,1
60,0,1,67.71428571428571,14.0,0
60,0,0,60.0,2.0,1
60,1,2,0.0,0.0,1
60,0,3,46.61538461538461,13.0,1
90,0,0,43.66666666666666,3.0,1
60,0,0,51.5,2.0,1
180,0,0,51.333333333333336,12.0,0
120,2,0,87.0,1.0,1
60,1,2,74.64285714285714,14.0,0
280,2,1,0.0,0.0,1
90,2,0,54.45454545454545,11.0,0
60,0,1,93.21428571428572,14.0,0
70,0,0,81.54545454545455,11.0,0
120,1,3,60.142857142857146,7.0,1
60,0,2,79.61538461538461,13.0,0
60,0,2,0.0,0.0,1
180,1,0,58.76923076923077,13.0,1
120,0,1,85.875,8.0,0
120,0,0,74.66666666666667,6.0,1
90,0,2,55.2,5.0,1
60,0,2,89.5,14.0,0
60,0,0,75.14285714285714,14.0,0
60,0,0,0.0,0.0,1
120,0,2,0.0,0.0,1
60,0,2,0.0,0.0,1
60,0,1,0.0,0.0,1
90,0,1,87.0,7.0,1
60,0,2,50.625,8.0,1
60,0,2,75.25,4.0,1
70,0,1,49.42857142857143,7.0,1
60,0,0,59.22222222222222,9.0,0
60,2,0,35.0,1.0,1
60,1,0,50.142857142857146,7.0,1
120,0,0,56.0,2.0,1
120,1,1,59.0,3.0,1
60,2,0,76.14285714285714,7.0,1
60,0,2,54.5,4.0,1
90,0,0,81.33333333333333,6.0,0
60,0,0,84.42857142857143,7.0,1
60,0,2,49.0,3.0,1
60,0,0,0.0,0.0,1
60,0,2,70.0,1.0,1
60,0,0,84.0,1.0,1
60,0,1,93.71428571428572,7.0,0
60,1,2,71.55555555555556,9.0,0
60,0,0,71.14285714285714,7.0,0
180,0,2,39.0,1.0,1
60,0,0,0.0,0.0,1
120,0,1,49.25,4.0,1
120,0,0,52.16666666666666,6.0,0
60,1,0,0.0,0.0,1
70,1,0,87.33333333333333,3.0,1
60,0,1,70.85714285714286,7.0,0
240,0,2,0.0,0.0,1
160,1,2,79.0,6.0,0
60,0,0,91.57142857142856,7.0,0
60,0,1,52.5,4.0,1
180,0,0,64.28571428571429,7.0,0
120,0,1,61.71428571428572,7.0,1
60,1,0,52.142857142857146,7.0,0
90,4,1,43.0,1.0,1
60,1,1,83.0,3.0,1
60,2,2,67.0,7.0,0
60,1,0,64.25,4.0,1
180,0,0,81.0,2.0,1
60,0,1,69.83333333333333,6.0,0
150,1,2,0.0,0.0,1
60,0,2,56.285714285714285,7.0,0
60,1,0,0.0,0.0,1
120,0,2,63.0,6.0,0
60,0,2,71.0,2.0,1
60,0,2,69.14285714285714,7.0,1
120,1,2,75.9375,16.0,1
60,0,2,75.16666666666667,12.0,0
60,2,1,80.33333333333333,3.0,1
60,2,1,70.75,4.0,1
120,0,0,85.375,8.0,1
120,0,2,59.0,1.0,1
60,0,0,64.0,7.0,0
70,0,0,56.2,5.0,1
120,0,1,51.75,4.0,1
60,1,0,75.0,2.0,1
60,3,1,0.0,0.0,1
60,3,2,0.0,0.0,1
60,1,0,50.8,5.0,1
165,0,0,78.85714285714286,7.0,0
90,0,0,58.142857142857146,7.0,0
60,0,0,76.28571428571429,7.0,0
60,0,0,65.14285714285714,7.0,1
90,0,1,51.38461538461539,13.0,0
120,1,0,0.0,0.0,1
70,0,0,27.0,1.0,1
60,3,1,44.25,8.0,1
120,1,0,22.5,4.0,1
60,1,2,76.875,8.0,1
60,0,2,69.0,6.0,0
120,0,2,0.0,0.0,1
60,1,2,68.71428571428571,7.0,0
60,0,0,40.6,5.0,1
60,1,0,75.5,2.0,1
90,0,0,77.42857142857143,14.0,0
120,0,2,61.85714285714285,7.0,1
70,1,0,66.33333333333333,6.0,0
60,0,4,0.0,0.0,1
120,0,0,85.1875,16.0,0
120,0,0,53.8,10.0,0
150,0,0,68.6,5.0,0
60,0,0,70.4,5.0,0
60,1,0,68.16666666666667,6.0,0
60,0,0,65.71428571428571,7.0,0
60,0,2,74.5,6.0,0
60,0,0,0.0,0.0,1
60,0,0,79.5625,16.0,0
60,0,2,80.6,5.0,1
60,0,0,52.42857142857143,7.0,0
60,1,2,33.0,1.0,1
60,0,0,73.57142857142857,7.0,1
60,2,1,24.0,2.0,1
60,0,0,73.14285714285714,7.0,0
150,2,2,84.0,1.0,1
120,1,1,0.0,0.0,1
60,0,0,80.14285714285714,7.0,0
90,0,2,62.57142857142857,7.0,1
120,0,1,43.0,7.0,1
60,2,0,60.75,4.0,1
60,1,2,0.0,0.0,1
60,0,2,72.42857142857143,7.0,0
210,0,2,65.0,7.0,0
60,1,1,52.42857142857143,7.0,0
60,0,0,0.0,0.0,1
120,0,2,60.0,2.0,1
60,0,1,74.57142857142857,7.0,0
120,0,0,54.142857142857146,7.0,1
120,0,0,94.42857142857144,7.0,0
60,0,3,0.0,0.0,1
150,0,4,89.9375,16.0,1
90,1,1,60.85,20.0,1
60,0,2,63.42857142857143,7.0,0
90,1,2,87.85714285714286,7.0,0
120,0,3,61.0,6.0,0
150,2,1,69.66666666666667,3.0,1
90,0,0,61.66666666666666,3.0,1
60,0,2,85.42857142857143,7.0,0
120,0,2,0.0,0.0,1
180,0,2,90.0,2.0,1
60,1,0,66.15384615384616,13.0,0
60,0,1,58.0,1.0,1
150,0,0,58.0,16.0,0
60,0,2,60.5,6.0,1
180,2,2,0.0,0.0,1
60,0,2,65.0,4.0,1
60,0,0,67.57142857142857,7.0,0
60,1,0,53.142857142857146,7.0,0
60,0,1,64.14285714285714,7.0,0
60,0,2,0.0,0.0,1
60,0,1,87.0,7.0,0
60,0,0,65.42857142857143,7.0,1
60,0,0,0.0,0.0,1
150,1,0,70.85714285714286,7.0,1
120,0,0,70.0,15.0,1
90,0,0,81.6,5.0,0
60,0,2,51.0,2.0,1
120,0,0,53.71428571428572,7.0,0
60,0,1,38.25,4.0,1
75,0,1,66.14285714285714,7.0,0
120,0,2,0.0,0.0,1
60,2,0,48.5,2.0,1
120,0,1,0.0,0.0,1
120,0,2,68.71428571428571,7.0,0
60,2,0,80.14285714285714,7.0,0
90,0,0,0.0,0.0,1
60,0,2,0.0,0.0,1
60,1,2,85.14285714285714,7.0,0
60,0,2,56.0,2.0,1
60,0,0,31.666666666666668,6.0,1
90,2,0,79.71428571428571,7.0,0
60,0,0,66.71428571428571,7.0,0
60,0,2,72.0,4.0,1
75,0,0,63.0,7.0,0
60,0,0,86.0625,16.0,0
60,0,1,88.0,1.0,1
90,0,1,84.0,1.0,0
90,0,1,23.0,1.0,1
60,0,0,47.142857142857146,7.0,1
120,0,0,71.57142857142857,7.0,0
180,1,0,40.333333333333336,3.0,1
60,0,0,82.71428571428571,7.0,0
150,0,0,0.0,0.0,1
90,0,1,73.5,2.0,1
120,0,0,42.16666666666666,6.0,1
180,0,1,0.0,0.0,1
120,0,2,73.71428571428571,7.0,0
120,0,2,0.0,0.0,1
120,1,2,48.333333333333336,6.0,0
90,0,1,82.375,8.0,0
60,0,2,77.57142857142857,7.0,0
60,0,0,87.375,16.0,0
60,0,0,53.5,6.0,0
90,0,0,57.0,4.0,1
60,1,2,54.333333333333336,12.0,1
60,0,1,61.142857142857146,7.0,0
90,0,0,57.888888888888886,9.0,0
120,2,0,60.85714285714285,7.0,0
90,0,2,76.0,2.0,1
90,0,0,31.0,1.0,1
60,1,2,82.85714285714286,7.0,0
60,0,2,67.0,3.0,1
60,0,1,56.0,2.0,1
60,2,1,54.5,8.0,0
60,1,2,50.66666666666666,6.0,1
60,2,1,71.0,4.0,1
120,0,2,77.0,2.0,1
60,0,0,70.28571428571429,7.0,0
60,0,1,60.333333333333336,6.0,0
120,0,0,48.57142857142857,7.0,1
60,0,2,62.42857142857143,7.0,0
90,0,0,46.0,4.0,1
120,0,1,54.90909090909091,11.0,0
150,1,0,49.0,2.0,1
60,0,0,64.0,1.0,1
210,1,2,95.0,1.0,1
60,0,0,85.42857142857143,7.0,0
120,0,0,0.0,0.0,1
60,0,0,47.0,3.0,1
120,0,2,79.0,1.0,1
60,0,2,19.666666666666668,3.0,1
60,0,0,54.85714285714285,7.0,0
120,5,2,55.0,2.0,1
60,0,0,66.42857142857143,7.0,0
90,1,1,88.85714285714286,7.0,0
150,0,1,59.625,16.0,0
120,0,0,0.0,0.0,1
90,0,0,36.0,1.0,1
180,1,0,68.0,7.0,1
60,0,0,64.14285714285714,7.0,0
60,0,2,79.16666666666667,6.0,1
60,0,2,0.0,0.0,1
90,0,0,0.0,0.0,1
120,0,1,0.0,0.0,1
120,0,2,75.85714285714286,7.0,0
70,0,2,0.0,0.0,1
60,2,2,43.42857142857143,7.0,1
105,0,0,66.5,6.0,0
180,2,0,66.85714285714286,7.0,0
120,1,0,50.625,8.0,1
120,1,1,19.666666666666668,3.0,1
60,0,2,54.0,2.0,1
120,1,2,58.66666666666666,3.0,1
60,1,1,0.0,0.0,1
120,1,1,0.0,0.0,1
60,1,0,0.0,0.0,1
90,0,2,37.5,2.0,1
90,0,2,43.25,4.0,1
60,1,0,0.0,0.0,1
120,0,2,0.0,0.0,1
60,1,0,67.5625,16.0,0
60,0,0,0.0,0.0,1
60,1,0,62.0,1.0,1
180,0,2,71.0,1.0,1
60,1,0,66.57142857142857,7.0,0
60,0,0,80.0,7.0,0
60,0,2,49.833333333333336,6.0,1
90,0,0,46.42857142857143,7.0,0
90,0,0,0.0,0.0,1
150,0,2,71.0,7.0,0
60,0,2,58.0,1.0,1
60,0,1,0.0,0.0,1
60,0,0,50.71428571428572,7.0,0
90,0,0,54.27272727272727,11.0,1
90,0,2,57.0,4.0,1
130,1,0,71.0,7.0,0
60,0,1,89.0,7.0,0
60,0,0,67.66666666666667,6.0,0
60,0,2,86.75,16.0,0
60,0,2,46.42857142857143,7.0,1
120,0,2,0.0,0.0,1
60,0,1,46.85714285714285,7.0,0
60,0,2,63.142857142857146,7.0,0
100,1,2,57.72727272727273,11.0,1
60,0,0,92.0625,16.0,0
60,0,0,78.75,8.0,1
60,1,4,84.42857142857143,7.0,0
60,1,0,0.0,0.0,1
60,0,0,62.285714285714285,7.0,1
60,0,2,81.0,6.0,1
60,3,3,38.66666666666666,3.0,1
60,0,1,90.25,4.0,1
60,0,2,34.30769230769231,13.0,1
60,0,2,84.5,6.0,0
60,2,2,0.0,0.0,1
180,1,0,65.14285714285714,7.0,1
90,0,0,77.66666666666667,3.0,1
60,0,0,46.0,1.0,1
70,0,0,54.0,7.0,1
120,0,2,49.285714285714285,7.0,0
60,0,4,89.85714285714286,7.0,0
120,0,0,59.85714285714285,7.0,1
60,1,0,56.833333333333336,12.0,1
60,0,2,80.42857142857143,7.0,0
90,1,0,74.91666666666667,12.0,0
120,0,3,81.0,2.0,1
120,2,0,0.0,0.0,1
90,0,2,71.0,1.0,1
60,0,2,0.0,0.0,1
90,1,0,69.0,3.0,1
60,0,0,85.71428571428571,7.0,0
60,0,1,74.66666666666667,3.0,1
60,1,2,67.85714285714286,7.0,0
120,0,2,0.0,0.0,1
60,0,0,81.57142857142857,7.0,0
150,1,0,89.14285714285714,7.0,0
90,0,0,30.0,1.0,1
120,0,0,86.85714285714286,7.0,0
60,0,0,76.8,5.0,1
60,0,0,72.85714285714286,7.0,0
90,0,2,67.0,7.0,0
60,1,2,68.55555555555556,9.0,1
120,0,2,73.0,2.0,1
120,0,0,65.0,1.0,1
60,2,0,29.0,1.0,1
120,0,2,82.57142857142857,7.0,0
210,0,0,75.0,7.0,0
60,1,2,75.0,5.0,0
120,0,0,0.0,0.0,1
120,0,0,52.66666666666666,9.0,1
90,0,2,0.0,0.0,1
60,1,2,56.5,2.0,1
120,1,0,79.85714285714286,7.0,0
120,1,0,0.0,0.0,1
60,0,0,77.33333333333333,6.0,0
240,0,2,0.0,0.0,1
60,0,2,43.5,2.0,1
60,0,2,72.9375,16.0,0
60,0,2,61.5,6.0,0
70,2,0,92.5,2.0,1
150,0,2,80.0,1.0,1
60,0,1,63.0,4.0,1
60,0,2,0.0,0.0,1
60,2,0,0.0,0.0,1
180,0,2,80.61538461538461,13.0,1
150,1,2,42.142857142857146,7.0,1
60,0,0,72.28571428571429,7.0,1
120,0,0,74.28571428571429,7.0,0
120,2,0,0.0,0.0,1
120,0,0,72.5,10.0,0
60,0,1,55.333333333333336,6.0,1
70,2,0,71.4,5.0,0
90,0,2,45.5,2.0,1
60,0,0,78.57142857142857,7.0,0
60,0,4,71.71428571428571,7.0,0
60,1,1,88.14285714285714,7.0,0
90,0,0,62.85714285714285,7.0,0
120,1,3,62.66666666666666,3.0,1
150,0,0,63.5,10.0,0
60,0,0,46.0,3.0,1
120,0,1,0.0,0.0,1
60,0,2,84.14285714285714,7.0,0
60,0,0,42.0,1.0,1
60,0,0,49.71428571428572,7.0,0
165,0,2,50.25,4.0,1
60,0,1,81.54545454545455,11.0,1
120,0,0,63.75,4.0,1
60,0,0,83.6,5.0,1
60,0,2,84.28571428571429,7.0,0
90,0,0,0.0,0.0,1
90,0,2,69.9,10.0,1
60,0,0,0.0,0.0,1
60,0,1,90.14285714285714,7.0,0
60,0,0,60.2,5.0,1
60,1,2,46.71428571428572,14.0,1
60,0,1,85.28571428571429,7.0,0
120,0,0,80.33333333333333,9.0,0
60,0,4,74.5,12.0,1
60,0,2,74.0,7.0,0
60,2,0,44.285714285714285,7.0,0
60,0,2,81.33333333333333,3.0,1
60,1,0,52.25,4.0,1
180,1,2,57.5,6.0,1
60,0,0,55.42857142857143,7.0,0
60,0,0,0.0,0.0,1
60,0,0,71.63636363636364,11.0,0
60,1,0,70.0,1.0,1
60,0,2,58.0,1.0,1
60,1,2,66.0,3.0,1
60,2,0,0.0,0.0,1
60,2,0,69.42857142857143,7.0,0
60,0,1,75.42857142857143,7.0,0
60,0,0,67.85714285714286,7.0,0
120,0,2,56.5,4.0,1
120,1,1,27.666666666666668,3.0,1
60,0,0,58.142857142857146,7.0,0
60,0,1,55.875,8.0,1
120,2,2,49.0,1.0,1
270,0,0,0.0,0.0,1
70,0,2,52.5,2.0,1
300,1,2,40.833333333333336,6.0,1
60,0,2,61.0,2.0,1
75,0,3,43.583333333333336,12.0,0
120,0,0,42.8,5.0,1
150,0,1,39.6,10.0,1
120,2,0,0.0,0.0,1
110,1,1,35.25,12.0,1
120,0,0,60.0,7.0,0
60,2,0,61.90909090909091,11.0,0
60,0,2,91.14285714285714,7.0,0
90,0,0,57.57142857142857,7.0,1
60,2,2,76.14285714285714,7.0,0
60,1,0,62.8,5.0,1
60,2,1,81.0,2.0,1
60,0,0,0.0,0.0,1
120,0,0,0.0,0.0,1
60,1,0,74.33333333333333,6.0,0
60,0,0,73.8125,16.0,0
60,1,0,42.0,2.0,1
90,0,0,89.9,10.0,1
120,1,0,78.16666666666667,6.0,0
60,0,0,0.0,0.0,1
60,0,2,46.25,4.0,1
80,0,2,86.42857142857143,7.0,0
60,0,1,0.0,0.0,1
180,0,0,67.71428571428571,7.0,1
180,1,2,49.5,2.0,1
120,0,0,32.0,1.0,1
60,1,0,59.5,6.0,0
90,0,0,44.0,8.0,1
60,0,2,67.25,4.0,1
60,0,2,80.375,16.0,0
60,0,0,65.0,7.0,0
60,0,2,87.0,7.0,0
90,0,2,0.0,0.0,1
180,0,0,0.0,0.0,1
150,1,0,0.0,0.0,1
60,0,0,40.0,1.0,1
100,1,2,72.83333333333333,6.0,0
60,0,2,61.71428571428572,7.0,1
60,0,0,68.6,5.0,0
150,1,1,0.0,0.0,1
60,1,4,55.66666666666666,3.0,1
120,0,0,54.5,4.0,1
80,1,0,46.35,20.0,0
120,0,2,0.0,0.0,1
60,0,0,85.57142857142857,7.0,0
120,0,0,0.0,0.0,1
60,0,0,36.5,6.0,1
60,1,2,24.0,1.0,1
60,0,1,58.0,6.0,0
70,1,3,59.57142857142857,7.0,0
90,2,2,64.85714285714286,7.0,0
180,2,0,52.6,15.0,0
60,2,2,67.0,4.0,1
60,0,2,62.833333333333336,6.0,1
180,0,2,42.2,5.0,1
60,1,2,54.0,6.0,0
60,0,0,75.71428571428571,7.0,0
60,2,2,83.33333333333333,3.0,1
150,0,3,91.14285714285714,7.0,0
90,0,0,46.0,7.0,0
60,0,2,76.33333333333333,3.0,1
60,0,0,89.85714285714286,7.0,0
90,0,0,89.0,7.0,0
90,0,0,57.0,6.0,1
90,0,0,87.8,10.0,0
60,0,2,45.57142857142857,7.0,0
60,0,2,63.142857142857146,7.0,0
90,0,2,47.42857142857143,7.0,0
60,1,2,70.33333333333333,6.0,1
60,0,2,60.333333333333336,6.0,1
120,0,2,0.0,0.0,1
90,0,0,53.85714285714285,7.0,1
90,0,2,73.28571428571429,7.0,0
60,0,2,65.85714285714286,7.0,1
120,0,0,66.66666666666667,6.0,1
60,0,0,89.66666666666667,12.0,0
60,0,2,63.0,4.0,1
60,0,2,55.5,6.0,1
120,0,2,41.5,4.0,1
60,0,1,70.66666666666667,6.0,0
60,1,2,0.0,0.0,1
60,0,2,60.85714285714285,7.0,0
60,0,0,84.14285714285714,7.0,0
60,0,0,33.0,1.0,1
90,0,0,38.0,1.0,1
60,1,2,0.0,0.0,1
60,0,1,76.42857142857143,7.0,1
60,1,2,72.85714285714286,7.0,0
60,0,0,66.0,1.0,1
60,0,0,41.0,2.0,1
90,0,1,93.4375,16.0,0
120,1,0,80.57142857142857,7.0,0
120,0,1,92.85714285714286,7.0,0
90,0,2,81.57142857142857,7.0,0
60,0,0,78.5,2.0,1
60,0,0,70.57142857142857,7.0,0
60,0,0,83.14285714285714,7.0,0
60,3,2,37.0,1.0,1
60,0,1,0.0,0.0,1
60,1,1,80.5,6.0,0
60,0,2,65.9,10.0,1
180,1,2,25.666666666666668,6.0,1
60,0,0,82.85714285714286,7.0,0
120,1,0,70.0,7.0,0
60,0,0,18.0,1.0,1
90,2,0,43.0,1.0,1
90,0,0,73.0,7.0,0
70,0,3,39.5,2.0,1
60,0,0,55.333333333333336,6.0,0
180,0,2,78.28571428571429,7.0,0
240,1,2,0.0,0.0,1
150,0,0,41.71428571428572,7.0,1
60,0,1,90.42857142857144,7.0,0
120,0,2,56.57142857142857,7.0,0
60,2,2,77.22222222222223,9.0,1
60,0,2,52.71428571428572,7.0,0
180,0,2,53.5,6.0,1
60,0,0,86.0,4.0,1
120,0,2,0.0,0.0,1
300,0,2,77.0,1.0,1
60,1,2,21.857142857142858,7.0,1
90,1,2,80.4,5.0,1
60,1,2,70.5,2.0,1
60,0,0,87.0625,16.0,0
60,0,1,63.5,2.0,1
60,0,2,56.142857142857146,7.0,1
60,0,1,49.42857142857143,7.0,0
60,1,0,54.5,2.0,1
120,0,2,47.0,2.0,1
60,0,0,46.285714285714285,7.0,1
60,0,0,0.0,0.0,1
60,0,1,87.0,6.0,0
60,0,0,87.0,6.0,0
70,1,2,57.71428571428572,7.0,1
60,0,0,84.57142857142857,7.0,0
60,0,1,78.5,4.0,0
60,1,2,88.16666666666667,6.0,0
60,0,0,52.85714285714285,7.0,0
60,0,0,67.0,4.0,1
165,0,2,0.0,0.0,1
60,2,0,25.0,1.0,1
60,0,0,81.42857142857143,7.0,0
60,0,0,89.85714285714286,7.0,0
120,0,0,96.57142857142856,7.0,0
60,0,0,75.16666666666667,6.0,0
60,0,1,56.42857142857143,7.0,0
60,0,1,66.28571428571429,7.0,0
60,1,2,76.57142857142857,7.0,0
120,0,1,57.833333333333336,6.0,0
120,0,0,73.25,8.0,1
60,0,2,71.14285714285714,7.0,0
60,0,0,92.77777777777776,9.0,1
60,0,0,0.0,0.0,1
60,0,2,74.28571428571429,7.0,0
60,1,2,50.142857142857146,7.0,1
60,1,2,53.71428571428572,7.0,1
60,1,2,57.0,5.0,1
60,1,2,34.333333333333336,3.0,1
60,0,0,79.85714285714286,7.0,0
60,1,2,56.85714285714285,7.0,0
60,1,2,53.66666666666666,3.0,1
120,1,2,66.57142857142857,7.0,1
120,0,0,51.85714285714285,7.0,0
60,1,0,74.42857142857143,7.0,0
120,1,0,58.625,8.0,1
60,0,2,64.28571428571429,7.0,1
90,0,0,66.71428571428571,7.0,0
210,0,2,71.36363636363636,11.0,1
60,0,0,79.14285714285714,7.0,0
180,0,2,0.0,0.0,1
150,0,0,72.0,7.0,0
60,0,0,62.42857142857143,7.0,0
120,1,0,44.85714285714285,7.0,0
60,0,1,66.8,10.0,1
60,1,2,0.0,0.0,1
120,0,1,0.0,0.0,1
60,0,2,77.57142857142857,7.0,1
80,1,0,89.57142857142857,7.0,0
60,1,1,71.5,2.0,1
60,1,0,0.0,0.0,1
60,0,0,66.85714285714286,7.0,0
120,0,2,77.83333333333333,6.0,0
120,0,2,50.833333333333336,6.0,1
120,0,2,0.0,0.0,1
150,0,2,45.71428571428572,7.0,1
60,1,2,61.0,1.0,1
60,0,1,12.5,2.0,1
60,0,1,58.85714285714285,7.0,1
60,0,1,87.0,2.0,1
210,1,2,0.0,0.0,1
60,0,0,87.5,2.0,1
60,1,2,55.0,1.0,1
120,0,3,0.0,0.0,1
60,0,2,77.625,8.0,0
120,1,0,60.0,1.0,1
60,0,0,60.71428571428572,7.0,0
60,0,1,72.57142857142857,7.0,0
60,0,2,0.0,0.0,1
120,0,0,0.0,0.0,1
60,0,2,54.25,8.0,1
60,0,0,72.6,5.0,0
60,0,2,49.0,3.0,1
90,0,0,56.0,10.0,1
120,1,0,41.0,1.0,1
120,0,0,89.0,1.0,1
60,0,2,74.33333333333333,6.0,0
60,0,1,82.75,4.0,1
60,1,2,29.666666666666668,3.0,1
60,1,2,86.0,5.0,1
60,1,1,0.0,0.0,1
60,0,0,57.6,5.0,1
60,0,0,47.0,1.0,1
60,1,0,58.5,4.0,1
120,0,2,0.0,0.0,1
90,0,2,69.0,1.0,1
60,1,2,58.66666666666666,9.0,1
120,0,0,67.42857142857143,7.0,0
120,0,0,26.0,1.0,1
90,1,0,74.8,5.0,0
240,0,2,62.75,4.0,1
60,0,2,83.33333333333333,6.0,0
120,0,0,0.0,0.0,1
60,0,2,0.0,0.0,1
60,0,2,37.0,1.0,1
120,0,2,86.0,1.0,1
60,0,2,50.85714285714285,7.0,0
60,0,2,0.0,0.0,1
90,0,2,0.0,0.0,1
60,0,4,88.57142857142857,7.0,0
60,1,0,65.14285714285714,7.0,1
60,0,0,0.0,0.0,1
60,0,2,78.25,4.0,1
120,1,0,71.6,5.0,1
120,1,0,68.8,5.0,1
90,0,1,79.2,15.0,0
90,0,2,52.0,1.0,1
120,0,2,66.28571428571429,7.0,1
120,1,0,48.2,5.0,1
150,0,2,19.0,1.0,1
90,0,0,83.85714285714286,7.0,0
90,0,2,55.57142857142857,7.0,0
60,0,0,0.0,0.0,1
60,0,2,68.14285714285714,7.0,0
60,1,0,65.28571428571429,7.0,0
60,0,1,53.0,7.0,1
120,0,0,62.0,2.0,1
120,0,0,50.285714285714285,7.0,1
60,0,0,65.33333333333333,6.0,0
60,1,2,53.0,2.0,1
60,0,1,71.57142857142857,7.0,0
90,0,2,60.0,2.0,1
60,1,2,95.5,4.0,1
90,1,1,54.0,1.0,1
90,0,1,51.0,1.0,1
120,0,2,49.0,2.0,1
240,0,2,58.0,1.0,1
120,0,2,68.85714285714286,7.0,1
60,0,2,77.28571428571429,7.0,0
60,0,2,73.0,1.0,1
60,0,0,89.42857142857143,7.0,0
60,1,0,0.0,0.0,1
120,2,0,61.21428571428572,14.0,1
60,0,0,82.71428571428571,7.0,0
120,0,0,85.0,1.0,1
60,0,0,0.0,0.0,1
60,0,0,74.85714285714286,7.0,0
120,0,0,69.08333333333333,12.0,0
90,1,2,59.5,8.0,1
120,0,0,64.85714285714286,7.0,0
120,0,0,0.0,0.0,1
60,1,2,73.14285714285714,7.0,1
180,0,1,35.0,1.0,1
120,1,1,54.16666666666666,6.0,1
60,0,1,79.8125,16.0,0
60,0,0,63.5,2.0,1
150,0,0,72.625,16.0,0
60,0,0,73.42857142857143,7.0,0
120,0,0,57.71428571428572,7.0,0
120,0,0,0.0,0.0,1
120,0,0,62.5,2.0,1
60,0,2,72.0,7.0,0
60,0,4,74.85714285714286,7.0,0
60,0,2,71.85714285714286,7.0,0
120,0,0,49.0,7.0,0
120,1,1,55.285714285714285,7.0,0
90,0,0,73.42857142857143,7.0,0
60,0,0,69.42857142857143,7.0,0
120,0,0,0.0,0.0,1
120,0,0,66.0,2.0,1
60,1,2,0.0,0.0,1
60,0,2,72.0,16.0,0
90,0,0,54.75,4.0,1
60,0,0,54.142857142857146,7.0,1
90,1,0,31.0,2.0,1
60,0,0,49.0,3.0,1
75,0,0,90.5,4.0,1
120,1,2,48.25,4.0,1
60,0,2,84.0,1.0,1
60,0,0,66.5,6.0,0
60,0,0,70.28571428571429,7.0,0
60,1,2,66.66666666666667,3.0,1
90,1,0,66.85714285714286,7.0,0
60,1,2,0.0,0.0,1
90,0,0,0.0,0.0,1
60,0,2,0.0,0.0,1
60,0,0,0.0,0.0,1
60,0,1,77.85714285714286,7.0,0
150,0,0,62.0,2.0,1
60,0,2,57.5,6.0,0
60,1,2,58.66666666666666,3.0,1
60,1,2,44.85714285714285,7.0,1
60,0,0,63.8,5.0,1
75,0,0,89.14285714285714,7.0,0
60,0,0,92.75,16.0,0
60,0,2,0.0,0.0,1
60,0,2,0.0,0.0,1
60,1,0,50.16666666666666,6.0,1
60,0,2,59.2,5.0,1
60,0,1,60.66666666666666,3.0,1
60,0,0,39.0,4.0,1
60,0,0,63.0,2.0,1
120,1,0,0.0,0.0,1
60,0,1,57.0,7.0,0
120,1,2,62.2,5.0,1
60,0,1,80.85714285714286,7.0,0
90,0,2,81.85714285714286,7.0,0
90,0,0,75.875,16.0,0
120,0,1,70.4,5.0,1
60,0,2,71.0,7.0,0
60,1,0,78.71428571428571,7.0,1
150,0,0,0.0,0.0,1
60,1,0,74.0,6.0,0
60,1,0,40.0,1.0,1
60,0,0,67.85714285714286,7.0,0
120,1,0,69.0,2.0,1
120,0,0,70.5,4.0,1
60,0,2,0.0,0.0,1
90,0,0,0.0,0.0,1
60,1,1,57.4,10.0,1
60,0,0,83.71428571428571,7.0,0
120,0,2,63.66666666666666,6.0,0
60,0,2,0.0,0.0,1
120,0,2,56.42857142857143,7.0,1
60,1,2,50.0,2.0,1
60,0,0,55.142857142857146,7.0,0
60,0,2,88.85714285714286,7.0,0
60,1,3,62.0,1.0,1
150,0,4,92.33333333333331,3.0,1
60,0,2,64.71428571428571,7.0,0
60,0,0,87.71428571428571,7.0,0
90,0,0,0.0,0.0,1
60,0,0,74.28571428571429,7.0,0
90,0,0,57.333333333333336,6.0,0
60,0,2,92.57142857142856,7.0,0
60,0,2,49.57142857142857,7.0,1
210,0,0,52.0,7.0,1
120,0,0,84.14285714285714,7.0,0
120,0,0,85.28571428571429,7.0,0
90,0,0,57.25,16.0,0
60,0,0,52.5,6.0,1
100,0,2,57.0,5.0,1
60,1,0,58.142857142857146,7.0,1
60,0,0,55.85714285714285,7.0,1
60,1,2,93.5,4.0,1
60,0,0,78.85714285714286,7.0,0
180,1,0,0.0,0.0,1
60,0,2,63.0,1.0,1
60,0,0,52.42857142857143,7.0,0
120,0,2,75.25,8.0,1
60,0,1,88.28571428571429,7.0,0
60,1,2,0.0,0.0,1
90,0,1,70.0,14.0,0
60,0,0,77.71428571428571,7.0,0
60,2,0,52.71428571428572,7.0,0
60,0,0,20.33333333333333,3.0,1
180,0,1,10.0,1.0,1
60,0,2,78.0,1.0,1
90,1,2,45.66666666666666,3.0,1
60,0,2,64.0,7.0,0
60,0,0,79.0,16.0,0
60,1,2,83.375,16.0,0
60,0,2,41.44444444444444,9.0,1
120,0,2,71.0,1.0,1
60,0,0,58.333333333333336,6.0,1
90,1,0,40.25,4.0,1
60,0,2,41.85714285714285,7.0,1
60,0,0,60.57142857142857,7.0,0
60,1,2,62.66666666666666,6.0,1
120,0,1,56.5,6.0,1
90,1,2,61.25,4.0,1
90,0,2,0.0,0.0,1
60,0,1,81.42857142857143,7.0,0
60,0,0,97.07142857142856,28.0,0
60,1,0,0.0,0.0,1
60,0,2,62.71428571428572,7.0,0
60,0,0,88.71428571428571,7.0,0
60,0,2,57.5,6.0,0
120,0,0,79.66666666666667,3.0,1
60,0,0,67.83333333333333,6.0,0
150,0,2,67.16666666666667,6.0,0
60,0,2,50.285714285714285,7.0,0
60,1,2,64.875,16.0,0
240,0,2,62.333333333333336,6.0,0
60,0,2,0.0,0.0,1
60,1,1,0.0,0.0,1
60,0,0,79.16666666666667,6.0,0
90,0,2,53.5,6.0,1
120,0,0,47.85714285714285,7.0,1
60,1,2,0.0,0.0,1
60,0,1,77.0,7.0,0
60,0,0,86.125,16.0,0
120,0,2,52.285714285714285,7.0,0
180,0,0,78.5,2.0,1
120,0,2,68.0,1.0,1
180,1,2,70.0,2.0,1
60,0,0,66.71428571428571,7.0,0
120,0,2,65.4,5.0,1
90,0,0,86.1875,16.0,0
60,1,2,72.5,4.0,1
60,0,2,62.285714285714285,7.0,1
60,0,0,86.85714285714286,7.0,0
60,0,2,0.0,0.0,1
90,0,1,79.66666666666667,3.0,1
120,0,0,68.0,7.0,0
90,0,0,77.92307692307692,13.0,0
60,0,2,50.0,7.0,0
90,0,0,84.0,1.0,1
60,1,1,45.0,5.0,1
180,1,2,45.6,5.0,1
60,0,0,85.57142857142857,7.0,0
60,0,2,20.0,1.0,1
60,0,0,81.28571428571429,7.0,0
120,1,0,57.0,1.0,1
60,0,2,90.28571428571428,7.0,0
60,0,2,80.5,2.0,1
60,0,2,65.71428571428571,7.0,0
120,1,2,46.36842105263158,19.0,1
60,0,0,62.16666666666666,6.0,0
60,1,2,56.76923076923077,13.0,1
60,0,1,72.42857142857143,7.0,0
60,0,2,40.833333333333336,6.0,1
60,0,2,0.0,0.0,1
120,0,0,85.14285714285714,7.0,0
90,1,0,72.55555555555556,9.0,0
120,0,0,75.66666666666667,3.0,1
60,0,0,41.0,2.0,1
60,1,4,89.75,16.0,1
60,0,2,96.75,4.0,1
60,1,0,57.0625,16.0,1
60,0,2,68.6,5.0,0
120,0,2,61.85714285714285,7.0,1
90,0,2,57.0,14.0,0
60,0,2,60.285714285714285,7.0,0
60,0,0,80.07692307692308,13.0,0
60,0,2,65.75,4.0,1
120,1,0,0.0,0.0,1
60,0,0,40.57142857142857,7.0,1
60,0,2,33.0,2.0,1
120,0,0,88.57142857142857,7.0,1
90,1,2,0.0,0.0,1
60,0,1,52.42857142857143,7.0,1
60,0,2,83.57142857142857,7.0,0
120,0,0,80.0,5.0,0
60,0,2,90.42857142857144,7.0,0
240,0,0,70.14285714285714,7.0,0
90,0,4,0.0,0.0,1
120,0,0,92.5,12.0,0
60,0,2,87.71428571428571,7.0,0
60,0,2,0.0,0.0,1
60,0,0,91.875,16.0,0
60,0,2,64.5,2.0,1
210,0,2,0.0,0.0,1
60,0,0,61.71428571428572,7.0,0
60,0,0,89.85714285714286,7.0,0
60,1,2,60.0,17.0,0
60,0,0,91.14285714285714,7.0,0
120,0,2,25.5,4.0,1
180,0,0,0.0,0.0,1
240,0,0,0.0,0.0,1
60,0,2,43.4,5.0,1
60,0,0,52.71428571428572,7.0,1
120,0,0,79.57142857142857,7.0,0
60,0,0,45.2,5.0,1
220,0,2,0.0,0.0,1
60,1,0,0.0,0.0,1
60,0,2,0.0,0.0,1
60,0,0,47.91666666666666,12.0,1
60,0,2,79.0,7.0,0
120,0,1,80.28571428571429,7.0,1
120,0,2,0.0,0.0,1
60,0,0,76.25,4.0,1
120,1,2,83.3,10.0,1
60,0,2,84.25,4.0,1
60,0,0,86.85714285714286,7.0,0
60,0,0,55.57142857142857,7.0,0
60,0,0,73.42857142857143,7.0,0
150,0,0,62.6,5.0,1
60,0,0,0.0,0.0,1
60,0,0,69.14285714285714,7.0,0
120,0,0,39.66666666666666,3.0,1
60,0,2,75.33333333333333,3.0,1
120,1,0,68.28571428571429,7.0,0
60,1,1,55.71428571428572,7.0,0
60,0,2,54.0,7.0,1
120,0,0,84.85714285714286,7.0,0
120,0,1,42.5,2.0,1
60,0,0,79.71428571428571,7.0,0
120,0,1,87.28571428571429,7.0,0
120,0,1,91.0,6.0,0
60,0,0,66.8,10.0,0
60,0,0,76.0,1.0,1
60,0,0,70.5625,16.0,0
60,0,0,48.142857142857146,7.0,1
60,0,1,88.71428571428571,7.0,0
60,0,2,66.25,16.0,0
120,0,0,24.0,1.0,1
60,0,2,88.875,16.0,0
60,0,0,70.71428571428571,7.0,0
120,1,2,82.15,20.0,0
60,0,1,93.85714285714286,7.0,0
60,0,0,77.5,6.0,0
120,0,0,92.14285714285714,7.0,0
120,0,0,43.0,3.0,1
60,0,0,96.0,7.0,0
60,0,0,52.8,5.0,1
60,0,2,81.0,7.0,0
120,0,0,67.13333333333334,15.0,1
60,0,0,0.0,0.0,1
60,0,0,24.2,5.0,1
60,0,0,0.0,0.0,1
90,0,0,62.16666666666666,6.0,0
90,0,2,48.4,5.0,1
120,0,0,0.0,0.0,1
60,0,2,0.0,0.0,1
90,0,3,49.333333333333336,3.0,1
120,0,0,87.28571428571429,7.0,0
180,0,0,0.0,0.0,1
120,0,2,25.0,1.0,1
60,0,1,91.75,16.0,0
120,0,2,0.0,0.0,1
60,0,2,87.83333333333333,6.0,0
60,0,2,41.333333333333336,3.0,1
90,0,2,75.4,5.0,1
90,0,0,65.15384615384616,13.0,0
75,0,2,70.0,5.0,1
60,0,0,72.25,4.0,1
90,0,1,37.833333333333336,6.0,1
60,0,2,88.71428571428571,7.0,0
60,0,2,70.73333333333333,15.0,0
120,0,2,69.0,1.0,1
60,0,0,57.42857142857143,7.0,0
60,0,0,72.0,1.0,1
60,0,2,71.0,6.0,0
60,0,2,57.66666666666666,6.0,0
90,0,0,44.57142857142857,7.0,1
60,0,2,84.71428571428571,7.0,0
60,0,0,0.0,0.0,1
60,0,2,60.0,9.0,1
120,0,0,54.125,16.0,0
120,0,0,45.42857142857143,7.0,1
60,0,0,0.0,0.0,1
120,0,0,58.833333333333336,6.0,1
90,0,1,84.25,4.0,1
90,0,1,0.0,0.0,1
90,0,1,0.0,0.0,1
60,0,2,0.0,0.0,1
90,0,2,88.625,16.0,0
60,0,1,82.42857142857143,7.0,0
120,0,0,76.71428571428571,7.0,0
60,0,0,0.0,0.0,1
90,0,0,0.0,0.0,1
60,0,0,74.5,6.0,0
60,0,2,82.21428571428571,14.0,0
60,0,2,68.57142857142857,7.0,0
210,0,2,68.9,10.0,0
60,0,0,51.333333333333336,6.0,1
60,0,0,0.0,0.0,1
120,0,2,0.0,0.0,1
60,0,2,26.4,5.0,1
60,0,2,84.0,7.0,0
120,0,2,72.28571428571429,7.0,0
150,0,2,0.0,0.0,1
60,0,2,0.0,0.0,1
60,0,0,82.28571428571429,7.0,0
60,0,0,91.0,2.0,1
60,0,2,0.0,0.0,1
60,0,2,79.28571428571429,7.0,0
60,0,0,41.0,1.0,1
60,0,0,63.5,4.0,1
60,0,0,63.0,3.0,1
90,0,0,91.25,16.0,0
120,0,0,73.57142857142857,7.0,0
60,0,2,40.85714285714285,7.0,1
120,0,1,0.0,0.0,1
120,0,0,63.2,5.0,1
90,0,1,0.0,0.0,1
150,0,0,74.57142857142857,7.0,0
120,0,0,69.42857142857143,7.0,0
165,0,0,71.42857142857143,7.0,0
60,0,0,55.142857142857146,7.0,0
60,0,1,0.0,0.0,1
120,0,2,0.0,0.0,1
60,0,1,80.14285714285714,7.0,0
70,0,0,91.85714285714286,7.0,0
60,0,0,65.71428571428571,7.0,0
120,0,0,80.875,8.0,0
120,0,0,69.33333333333333,6.0,0
90,0,0,68.0625,16.0,0
120,0,0,77.57142857142857,7.0,0
195,0,2,54.42857142857143,7.0,1
120,0,2,79.0,1.0,1
60,0,2,58.266666666666666,15.0,0
60,0,0,76.14285714285714,7.0,0
60,0,0,77.5,2.0,1
120,0,0,72.71428571428571,7.0,0
60,0,1,77.57142857142857,7.0,0
120,0,0,57.833333333333336,6.0,1
120,0,0,0.0,0.0,1
60,0,2,57.16666666666666,6.0,1
60,0,3,86.6,15.0,0
120,0,0,88.35714285714286,14.0,0
90,0,0,74.53846153846153,13.0,0
60,0,1,90.0,16.0,0
90,0,3,51.25,4.0,1
60,0,2,82.57142857142857,7.0,0
120,0,0,0.0,0.0,1
60,0,2,82.85714285714286,7.0,0
120,0,0,71.0,1.0,1
60,0,2,0.0,0.0,1
120,0,2,0.0,0.0,1
120,0,0,63.0,1.0,1
60,0,0,83.14285714285714,7.0,0
150,0,2,64.53846153846153,13.0,0
120,0,2,63.57142857142857,7.0,0
120,0,0,64.66666666666667,3.0,1
60,0,2,73.28571428571429,7.0,0
120,0,0,75.57142857142857,7.0,1
60,0,0,69.14285714285714,7.0,0
60,0,0,88.0,7.0,0
120,0,0,44.642857142857146,14.0,0
60,0,0,81.21428571428571,14.0,0
120,0,0,76.0,3.0,1
60,0,1,82.42857142857143,7.0,0
90,0,0,56.333333333333336,6.0,1
60,0,0,0.0,0.0,1
60,0,2,0.0,0.0,1
150,0,2,57.5,4.0,1
150,0,2,0.0,0.0,1
60,0,0,68.28571428571429,7.0,1
120,0,0,73.14285714285714,7.0,0
120,0,0,80.14285714285714,7.0,0
120,0,0,0.0,0.0,1
120,0,2,60.57142857142857,7.0,0
60,0,2,83.33333333333333,12.0,0
120,0,2,28.0,1.0,1
120,0,0,71.0,5.0,0
120,0,2,75.71428571428571,7.0,0
60,0,0,76.42857142857143,7.0,0
90,0,0,89.25,16.0,0
60,0,2,83.4,15.0,0
60,0,0,43.07692307692308,13.0,1
60,0,0,0.0,0.0,1
120,0,0,48.0,1.0,1
120,0,0,71.0,3.0,1
60,0,0,58.16666666666666,6.0,0
120,0,1,85.0,2.0,1
210,0,0,0.0,0.0,1
120,0,2,0.0,0.0,1
120,0,2,45.8,10.0,0
120,0,2,0.0,0.0,1
60,0,2,61.833333333333336,6.0,1
120,0,0,76.28571428571429,7.0,1
60,0,2,64.4,5.0,0
210,0,1,0.0,0.0,1
60,0,2,62.0,1.0,1
120,0,0,65.57142857142857,7.0,0
60,0,0,61.5,6.0,0
240,0,0,0.0,0.0,1
60,0,0,0.0,0.0,1
60,0,1,89.14285714285714,7.0,0
60,0,0,59.142857142857146,7.0,0
120,0,2,63.85714285714285,7.0,0
60,0,2,62.5,4.0,1
60,0,2,0.0,0.0,1
60,0,0,88.35714285714286,14.0,0
60,0,0,69.25,4.0,1
60,0,0,81.85714285714286,7.0,0
120,0,0,43.8,5.0,1
120,0,0,43.71428571428572,7.0,1
60,0,2,39.0,1.0,1
60,0,0,0.0,0.0,1
60,0,2,92.375,16.0,0
60,0,0,66.83333333333333,12.0,0
60,0,0,0.0,0.0,1
60,0,2,36.85714285714285,7.0,1
120,0,0,53.85714285714285,7.0,1
60,0,1,78.71428571428571,7.0,0
60,0,2,0.0,0.0,1
60,0,2,76.0,4.0,1
60,0,0,80.28571428571429,7.0,0
60,0,1,91.14285714285714,7.0,0
60,0,0,87.28571428571429,7.0,0
60,0,0,58.142857142857146,7.0,0
60,0,2,45.5,2.0,1
60,0,2,74.71428571428571,7.0,0
120,0,1,0.0,0.0,1
120,0,1,52.0,1.0,1
60,0,1,89.28571428571429,7.0,0
120,0,1,86.2,5.0,0
60,0,0,84.57142857142857,7.0,0
120,0,0,73.33333333333333,6.0,1
60,0,2,67.25,16.0,0
120,0,2,0.0,0.0,1
90,0,0,81.125,16.0,0
60,0,2,57.6,5.0,1
180,0,1,58.57142857142857,7.0,1
60,0,0,55.5,2.0,1
60,0,0,0.0,0.0,1
60,0,0,0.0,0.0,1
60,0,2,0.0,0.0,1
90,0,0,77.14285714285714,7.0,0
120,0,2,51.0,2.0,1
60,0,1,0.0,0.0,1
60,0,0,67.93333333333334,15.0,0
75,0,0,93.625,16.0,0
120,0,0,67.2,5.0,1
60,0,2,47.0,7.0,1
120,0,0,92.625,16.0,0
120,0,0,91.6923076923077,13.0,0
90,0,1,90.875,16.0,0
60,0,0,49.0,1.0,1
120,0,2,73.4,5.0,0
60,0,2,84.0,7.0,0
120,0,1,66.14285714285714,7.0,1
90,0,1,87.0,7.0,0
90,0,1,88.1875,16.0,0
60,0,0,57.0,7.0,0
120,0,0,91.0,12.0,1
90,0,2,34.0,1.0,1
90,0,2,60.0,1.0,1
60,0,1,86.5625,16.0,0
120,0,2,0.0,0.0,1
120,0,1,78.53333333333333,15.0,0
60,0,0,77.42857142857143,7.0,0
60,0,1,0.0,0.0,1
60,0,2,41.5,4.0,1
90,0,0,62.9,10.0,1
90,0,2,55.15384615384615,13.0,1
120,0,0,0.0,0.0,1
60,0,0,0.0,0.0,1
60,0,2,67.8,10.0,1
60,0,2,0.0,0.0,1
120,0,2,32.666666666666664,3.0,1
60,0,1,0.0,0.0,1
60,0,0,74.28571428571429,7.0,0
60,0,2,58.44444444444444,9.0,1
60,0,2,0.0,0.0,1
90,0,0,73.42857142857143,7.0,0
60,0,0,53.16666666666666,6.0,0
180,0,0,55.2,10.0,0
90,0,0,79.6875,16.0,0
60,0,2,88.14285714285714,7.0,0
90,0,2,82.71428571428571,7.0,0
60,0,1,85.42857142857143,7.0,0
90,0,0,87.28571428571429,7.0,0
60,0,2,28.666666666666668,3.0,1
60,0,0,75.83333333333333,6.0,0
75,0,2,70.0,2.0,1
60,0,2,81.125,8.0,0
60,0,1,87.57142857142857,7.0,0
90,0,2,67.0,8.0,1
90,0,0,66.66666666666667,6.0,1
60,0,0,77.0,7.0,0
120,0,0,71.83333333333333,6.0,0
90,0,0,58.42857142857143,7.0,0
120,0,2,87.14285714285714,7.0,0
60,0,1,70.0,1.0,1
60,0,2,71.14285714285714,7.0,0
180,0,0,64.5,6.0,0
60,0,0,55.0,4.0,1
120,0,2,0.0,0.0,1
60,0,1,61.71428571428572,7.0,0
60,0,0,61.0,2.0,1
60,0,0,87.875,16.0,0
60,0,0,71.8125,16.0,0
120,0,2,69.0,2.0,1
60,0,0,41.142857142857146,7.0,1
60,0,0,0.0,0.0,1
120,0,1,65.0,1.0,1
90,0,0,86.26666666666667,15.0,0
240,0,2,0.0,0.0,1
60,0,1,81.85714285714286,7.0,0
180,0,0,73.85714285714286,7.0,1
60,0,0,83.71428571428571,7.0,0
60,0,0,63.0,1.0,1
90,0,1,0.0,0.0,1
180,0,1,50.71428571428572,7.0,0
120,0,2,45.0,1.0,1
60,0,0,70.33333333333333,3.0,1
60,0,2,70.0,1.0,1
60,0,2,0.0,0.0,1
60,0,2,75.75,4.0,1
60,0,0,76.875,16.0,0
60,0,0,74.0,5.0,1
60,0,0,83.85714285714286,7.0,0
60,0,0,69.14285714285714,7.0,0
60,0,0,74.71428571428571,7.0,0
120,0,2,73.14285714285714,7.0,1
60,0,0,52.5,2.0,1
90,0,2,80.375,16.0,0
120,0,2,56.0,7.0,1
120,0,2,0.0,0.0,1
60,0,2,73.33333333333333,3.0,1
120,0,2,0.0,0.0,1
195,0,2,83.42857142857143,7.0,0
120,0,0,76.5,4.0,1
120,0,0,0.0,0.0,1
60,0,2,70.0,6.0,1
60,0,0,89.8125,16.0,0
120,0,2,81.0,1.0,1
300,0,0,0.0,0.0,1
70,0,0,78.83333333333333,6.0,0
60,0,0,66.14285714285714,7.0,0
120,0,2,0.0,0.0,1
60,0,2,0.0,0.0,1
60,0,0,55.285714285714285,7.0,1
120,0,2,62.0,13.0,1
60,0,2,66.85714285714286,7.0,0
60,0,0,75.85714285714286,7.0,0
60,0,2,79.71428571428571,7.0,0
150,0,0,56.75,8.0,1
180,0,2,37.0,1.0,1
120,0,0,51.142857142857146,7.0,0
120,0,0,71.85714285714286,7.0,0
150,0,0,0.0,0.0,1
120,0,0,44.0,5.0,1
120,0,0,80.71428571428571,7.0,0
90,0,0,42.0,1.0,1
60,0,1,61.833333333333336,6.0,0
120,0,2,0.0,0.0,1
60,0,2,0.0,0.0,1
120,0,0,66.2,5.0,1
120,0,0,65.0,5.0,1
120,0,1,0.0,0.0,1
120,0,2,0.0,0.0,1
120,0,0,76.14285714285714,7.0,0
120,0,0,0.0,0.0,1
90,0,1,72.6,5.0,0
120,0,0,41.833333333333336,6.0,1
60,0,0,0.0,0.0,1
120,0,2,78.57142857142857,7.0,0
60,0,0,75.5,16.0,0
60,0,1,74.25,16.0,0
60,0,0,58.0,4.0,1
60,0,0,42.66666666666666,6.0,1
60,0,0,80.57142857142857,7.0,0
60,0,0,54.42857142857143,14.0,1
210,0,2,0.0,0.0,1
60,0,0,70.2,10.0,0
120,0,2,24.0,1.0,1
120,0,2,0.0,0.0,1
90,0,0,96.28571428571428,14.0,0
120,0,0,0.0,0.0,1
60,0,2,89.55555555555556,9.0,1
60,0,2,70.75,4.0,1
60,0,2,56.85714285714285,7.0,1
60,0,1,84.71428571428571,7.0,0
60,0,0,87.42857142857143,7.0,0
120,0,1,86.57142857142857,7.0,0
60,0,2,0.0,0.0,1
60,0,2,78.25,4.0,1
60,0,0,89.33333333333333,15.0,0
120,0,0,53.66666666666666,9.0,0
60,0,0,0.0,0.0,1
60,0,1,61.77777777777778,9.0,0
60,0,2,71.0,2.0,1
60,0,1,48.833333333333336,6.0,1
60,0,2,70.0,1.0,1
60,0,2,60.8125,16.0,0
60,0,1,88.33333333333333,6.0,0
60,0,0,0.0,0.0,1
120,0,2,71.28571428571429,7.0,0
120,0,2,0.0,0.0,1
60,0,2,77.42857142857143,7.0,0
60,0,2,56.0,1.0,1
60,0,2,0.0,0.0,1
120,0,1,0.0,0.0,1
120,0,0,0.0,0.0,1
60,0,0,0.0,0.0,1
180,0,0,42.625,8.0,1
60,0,0,69.11111111111111,9.0,0
120,0,0,84.66666666666667,6.0,0
60,0,0,84.71428571428571,7.0,0
60,0,1,75.0,1.0,1
60,0,0,86.25,12.0,0
60,0,0,80.14285714285714,7.0,0
60,0,0,85.0,7.0,0
60,0,0,51.333333333333336,6.0,1
60,0,0,88.36363636363636,11.0,0
60,0,0,0.0,0.0,1
60,0,0,77.66666666666667,6.0,0
90,0,2,51.125,16.0,0
60,0,0,0.0,0.0,1
60,0,2,77.66666666666667,6.0,0
60,0,1,77.14285714285714,7.0,0
90,0,2,65.8,15.0,0
90,0,2,63.125,8.0,1
60,0,0,77.0,16.0,0
180,0,0,0.0,0.0,1
60,0,1,74.92307692307692,13.0,0
60,0,0,49.0,1.0,1
60,0,0,94.0,7.0,0
60,0,0,53.5,8.0,0
60,0,0,72.76923076923077,13.0,0
120,0,1,0.0,0.0,1
150,0,0,89.5,16.0,0
120,0,0,0.0,0.0,1
60,0,1,71.625,8.0,0
120,0,0,80.85714285714286,7.0,0
120,0,0,79.66666666666667,6.0,1
60,0,0,0.0,0.0,1
120,0,0,74.28571428571429,7.0,0
60,0,2,61.0,2.0,1
120,0,0,0.0,0.0,1
60,0,1,81.57142857142857,7.0,0
120,0,2,0.0,0.0,1
60,0,0,74.14285714285714,7.0,0
60,0,2,78.42857142857143,7.0,0
120,0,0,70.42857142857143,7.0,0
120,0,0,62.85714285714285,7.0,0
120,0,2,62.5,2.0,1
90,0,0,56.66666666666666,3.0,1
60,0,0,45.66666666666666,6.0,1
60,0,2,0.0,0.0,1
60,0,0,66.42857142857143,7.0,0
60,0,2,64.28571428571429,7.0,0
90,0,2,66.0,1.0,1
60,0,2,85.3076923076923,13.0,0
180,0,2,53.0,7.0,1
60,0,2,0.0,0.0,1
60,0,0,0.0,0.0,1
60,0,0,0.0,0.0,1
60,0,2,43.0,1.0,1
60,0,0,0.0,0.0,1
60,0,0,79.85714285714286,7.0,0
60,0,0,71.0625,16.0,0
60,0,0,17.0,1.0,1
90,0,2,0.0,0.0,1
90,0,0,81.57142857142857,7.0,0
60,0,0,0.0,0.0,1
60,0,1,51.57142857142857,7.0,0
120,0,0,94.42857142857144,7.0,1
60,0,3,63.36363636363637,11.0,0
120,0,0,85.57142857142857,7.0,1
120,0,1,85.14285714285714,7.0,0
60,0,2,67.66666666666667,3.0,1
120,0,0,34.0,2.0,1
90,0,2,0.0,0.0,1
120,0,1,67.375,8.0,1
120,0,2,45.71428571428572,7.0,1
120,0,2,52.5,12.0,1
90,0,0,87.6,5.0,1
60,0,2,0.0,0.0,1
60,0,0,84.42857142857143,7.0,0
60,0,0,62.0,2.0,1
60,0,2,91.0,7.0,0
120,0,0,50.42857142857143,7.0,0
120,0,0,56.57142857142857,7.0,0
60,0,1,84.6875,16.0,0
60,0,2,72.85714285714286,7.0,0
120,0,2,68.0,1.0,1
120,0,2,66.0,1.0,1
60,0,1,68.0,1.0,1
120,0,2,0.0,0.0,1
120,0,0,67.5,2.0,1
60,0,0,76.875,16.0,0
60,0,1,0.0,0.0,1
90,0,2,64.78947368421052,19.0,0
60,0,1,0.0,0.0,1
60,0,1,81.0,7.0,0
120,0,0,61.142857142857146,7.0,0
120,0,0,0.0,1.0,1
60,0,1,0.0,0.0,1
120,0,2,60.833333333333336,6.0,0
60,0,2,71.57142857142857,7.0,0
90,0,2,0.0,0.0,1
90,0,0,76.75,12.0,0
120,0,0,89.85714285714286,7.0,0
60,0,0,81.4,10.0,0
120,0,2,0.0,0.0,1
60,0,0,75.66666666666667,3.0,1
60,0,2,0.0,0.0,1
60,0,0,0.0,0.0,1
60,0,0,71.5,8.0,0
60,0,0,0.0,0.0,1
120,0,0,77.57142857142857,14.0,0
60,0,2,36.25,4.0,1
60,0,2,58.71428571428572,7.0,0
240,0,0,56.22222222222222,9.0,1
150,0,2,68.0,1.0,1
90,0,2,43.0,2.0,1
60,0,0,82.85714285714286,7.0,0
120,0,0,55.642857142857146,14.0,1
90,0,2,75.71428571428571,7.0,0
90,0,0,84.85714285714286,7.0,0
90,0,0,69.8,5.0,0
60,0,2,0.0,0.0,1
120,0,0,80.75,4.0,1
120,0,0,59.4,5.0,1
120,0,1,34.666666666666664,6.0,1
120,0,3,83.57142857142857,7.0,0
120,0,0,76.33333333333333,6.0,1
120,0,2,43.0,6.0,1
90,0,2,59.333333333333336,15.0,0
60,0,2,89.71428571428571,7.0,0
60,0,0,0.0,0.0,1
60,0,2,0.0,0.0,1
60,0,0,69.8,5.0,1
90,0,0,0.0,0.0,1
60,0,2,60.333333333333336,6.0,0
60,0,0,79.42857142857143,7.0,0
60,0,0,53.0,1.0,1
90,0,0,47.57142857142857,7.0,0
120,0,0,93.28571428571428,7.0,0
120,0,0,49.333333333333336,9.0,1
60,0,0,68.125,16.0,0
60,0,0,44.71428571428572,7.0,1
90,0,0,64.125,16.0,0
120,0,0,59.375,8.0,0
60,0,0,55.5,6.0,0
210,0,0,0.0,0.0,1
60,0,2,0.0,0.0,1
120,0,0,0.0,0.0,1
120,0,1,71.28571428571429,7.0,1
60,0,0,44.0,2.0,1
120,0,0,62.1875,16.0,0
90,0,0,79.57142857142857,7.0,0
60,0,0,69.28571428571429,7.0,0
60,0,2,59.833333333333336,6.0,1
60,0,0,53.71428571428572,7.0,1
60,0,1,85.83333333333333,6.0,0
120,0,2,82.2,5.0,1
60,0,0,63.285714285714285,7.0,1
60,0,0,49.0,7.0,0
60,0,1,0.0,0.0,1
60,0,2,0.0,0.0,1
60,0,0,77.33333333333333,6.0,0
90,0,2,80.0,5.0,1
60,1,2,85.54545454545455,11.0,1
60,0,1,0.0,0.0,1
90,0,0,58.06666666666667,15.0,0
60,0,0,82.125,16.0,0
90,0,0,76.0,16.0,0
180,0,0,0.0,0.0,1
60,0,2,0.0,0.0,1
150,0,0,0.0,0.0,1
120,0,0,64.6,5.0,1
60,0,0,52.66666666666666,6.0,0
90,0,0,0.0,0.0,1
60,0,0,86.6875,16.0,0
90,0,0,70.14285714285714,14.0,0
60,0,1,90.57142857142856,7.0,0
60,0,0,66.625,16.0,0
60,0,2,0.0,0.0,1
60,0,0,0.0,0.0,1
90,0,0,0.0,0.0,1
120,0,2,70.16666666666667,6.0,0
90,0,0,0.0,0.0,1
120,0,2,80.0,7.0,0
60,0,0,79.28571428571429,7.0,0
60,0,3,12.5,2.0,1
90,0,2,0.0,0.0,1
60,0,0,87.8125,16.0,0
130,0,2,51.0,7.0,0
90,0,1,83.0,7.0,0
60,0,0,0.0,0.0,1
60,0,0,91.16666666666669,6.0,0
60,0,0,79.0,7.0,0
60,0,1,80.42857142857143,7.0,0
60,0,0,65.14285714285714,7.0,0
60,0,2,32.0,1.0,1
120,0,0,67.0,2.0,1
120,0,0,84.28571428571429,7.0,0
60,0,0,51.0,1.0,1
120,0,4,0.0,0.0,1
60,0,0,80.75,12.0,0
120,0,0,76.28571428571429,7.0,0
60,0,0,43.5,12.0,1
60,0,1,89.14285714285714,7.0,0
60,0,0,0.0,0.0,1
60,0,1,84.71428571428571,7.0,0
60,0,2,86.71428571428571,14.0,0
60,0,1,0.0,0.0,1
120,0,2,42.142857142857146,7.0,1
90,0,2,90.625,16.0,0
120,0,2,0.0,0.0,1
60,0,0,78.85714285714286,7.0,0
120,0,2,65.85714285714286,7.0,0
60,0,1,85.0,7.0,0
60,0,2,0.0,0.0,1
60,0,0,86.0,16.0,0
90,0,2,66.0,7.0,0
60,0,0,81.33333333333333,15.0,0
120,0,2,56.0,7.0,0
60,0,2,48.0,1.0,1
60,0,2,0.0,0.0,1
60,0,2,77.28571428571429,7.0,0
120,0,2,0.0,0.0,1
150,0,1,71.85714285714286,7.0,0
60,0,0,89.0,7.0,0
60,0,1,62.85714285714285,7.0,0
90,0,2,34.0,1.0,1
150,0,1,73.0,2.0,1
120,0,2,0.0,0.0,1
60,0,0,0.0,0.0,1
60,0,2,32.0,2.0,1
120,0,0,74.0,7.0,0
60,0,1,77.4,5.0,0
60,0,2,33.0,1.0,1
60,0,0,85.0,2.0,1
120,0,0,79.0,7.0,1
120,0,0,58.0,6.0,0
120,0,0,0.0,0.0,1
120,0,0,74.14285714285714,7.0,0
60,0,0,90.0625,16.0,0
90,0,0,63.1,10.0,1
60,0,2,63.85714285714285,7.0,0
90,0,2,0.0,0.0,1
60,0,2,52.57142857142857,7.0,0
60,0,2,87.85714285714286,7.0,0
120,0,2,0.0,0.0,1
120,0,0,66.5,6.0,0
60,0,2,68.0,3.0,1
120,0,2,89.71428571428571,7.0,0
60,0,1,87.0,7.0,0
180,0,0,0.0,0.0,1
60,0,2,80.58333333333333,12.0,0
60,0,2,84.85714285714286,7.0,0
60,0,0,0.0,0.0,1
90,0,1,0.0,0.0,1
120,0,2,46.16666666666666,6.0,1
60,0,0,56.16666666666666,6.0,1
90,0,2,66.5,4.0,1
60,0,0,83.0,7.0,0
60,0,0,62.2,5.0,1
60,0,0,54.0,5.0,1
120,0,2,56.85714285714285,7.0,0
60,0,0,77.1875,16.0,0
60,0,2,84.42857142857143,7.0,0
120,0,2,0.0,0.0,1
60,0,0,87.33333333333333,3.0,1
60,0,1,40.6,5.0,1
90,0,0,60.42857142857143,7.0,0
60,0,2,27.0,1.0,1
120,0,0,75.0,5.0,0
60,0,0,0.0,0.0,1
90,0,2,55.85714285714285,7.0,1
60,0,2,51.57142857142857,7.0,1
60,0,0,73.07692307692308,13.0,0
90,0,0,77.5,6.0,0
210,0,0,0.0,0.0,1
150,0,2,67.85714285714286,7.0,0
60,0,2,70.28571428571429,7.0,0
120,0,0,73.53846153846153,13.0,1
60,0,0,67.42857142857143,7.0,0
60,0,0,79.57142857142857,7.0,0
90,0,1,0.0,0.0,1
60,0,2,0.0,0.0,1
120,0,0,59.0,1.0,1
60,0,0,73.57142857142857,7.0,0
120,0,0,0.0,0.0,1
60,0,2,0.0,0.0,1
120,0,2,70.0,2.0,1
60,0,0,52.85714285714285,7.0,1
60,0,0,78.71428571428571,7.0,0
60,0,1,90.5,8.0,0
90,0,2,81.4375,16.0,0
120,0,0,0.0,0.0,1
60,0,1,89.0,7.0,0
60,0,1,74.3076923076923,13.0,0
60,0,0,0.0,0.0,1
120,0,0,80.88888888888889,9.0,1
60,0,0,93.21428571428572,14.0,0
60,0,0,73.5,4.0,1
60,0,0,49.57142857142857,7.0,0
180,0,1,42.71428571428572,7.0,1
90,0,0,69.0,1.0,1
60,0,1,88.14285714285714,7.0,0
120,0,0,0.0,0.0,1
60,0,2,0.0,0.0,1
120,0,0,72.0,1.0,1
60,0,0,0.0,0.0,1
120,0,0,71.0,1.0,1
60,0,2,0.0,0.0,1
120,0,2,65.0,8.0,1
120,0,0,0.0,0.0,1
120,0,0,78.28571428571429,7.0,0
120,0,0,81.16666666666667,6.0,0
60,0,0,68.85714285714286,7.0,0
60,0,1,85.85714285714286,7.0,0
60,0,1,81.57142857142857,7.0,0
60,0,0,0.0,0.0,1
180,0,3,0.0,0.0,1
90,0,2,54.42857142857143,7.0,1
60,0,2,0.0,0.0,1
90,0,0,57.0,2.0,1
60,0,0,66.0,4.0,1
90,0,0,70.28571428571429,7.0,0
60,0,0,0.0,0.0,1
90,0,0,57.5,4.0,1
120,0,2,59.5,2.0,1
90,0,0,84.15384615384616,13.0,0
60,0,0,0.0,0.0,1
90,0,0,79.14285714285714,7.0,0
90,0,2,0.0,0.0,1
120,0,2,0.0,0.0,1
60,0,2,0.0,0.0,1
120,0,0,64.83333333333333,6.0,1
90,0,2,38.85714285714285,7.0,1
60,0,2,72.25,12.0,1
90,0,1,79.0,15.0,0
60,0,0,0.0,0.0,1
60,0,1,85.0,1.0,1
90,0,0,83.8125,16.0,0
60,0,0,37.0,1.0,1
120,0,0,56.66666666666666,6.0,0
90,0,0,86.75,16.0,0
60,0,2,64.25,4.0,1
180,0,0,66.33333333333333,6.0,1
90,0,0,80.5625,16.0,0
90,0,2,72.71428571428571,7.0,1
70,0,1,49.0,4.0,1
90,0,2,63.333333333333336,6.0,0
120,0,2,79.71428571428571,7.0,0
60,0,2,0.0,0.0,1
90,0,2,62.142857142857146,7.0,0
60,0,0,90.33333333333331,6.0,0
60,0,0,75.8,10.0,0
60,0,2,0.0,0.0,1
60,0,2,24.5,4.0,1
120,0,0,72.66666666666667,3.0,1
90,0,0,61.06666666666667,15.0,0
60,0,1,0.0,0.0,1
90,0,1,88.28571428571429,7.0,0
60,0,2,81.71428571428571,7.0,0
90,0,0,89.0,15.0,0
60,0,4,57.0,7.0,0
120,0,0,56.66666666666666,3.0,1
60,0,0,94.0,7.0,0
60,0,0,60.833333333333336,6.0,0
90,0,0,29.0,1.0,1
60,0,2,57.66666666666666,6.0,0
150,0,2,64.0,1.0,1
60,0,0,58.57142857142857,7.0,0
90,0,0,62.42857142857143,7.0,1
120,0,2,0.0,0.0,1
60,0,1,46.583333333333336,12.0,0
60,0,0,53.25,4.0,1
60,0,0,53.6,5.0,1
60,0,1,81.14285714285714,7.0,0
90,0,1,59.66666666666666,6.0,1
60,0,0,91.36363636363636,11.0,0
120,0,2,43.53846153846154,13.0,0
120,0,0,0.0,0.0,1
90,0,0,64.83333333333333,6.0,1
60,0,0,48.0,7.0,0
60,0,0,0.0,0.0,1
60,0,2,37.66666666666666,6.0,1
120,0,0,54.5,2.0,1
60,0,1,79.5,6.0,0
120,0,2,92.71428571428572,7.0,0
60,0,0,47.71428571428572,7.0,0
120,0,0,79.5,2.0,1
60,0,0,48.85714285714285,7.0,0
60,0,0,89.28571428571429,7.0,0
120,0,0,46.0,1.0,1
60,0,0,90.5,2.0,1
120,0,1,66.0,6.0,0
90,0,2,84.28571428571429,7.0,0
60,0,1,77.14285714285714,7.0,0
60,0,0,69.14285714285714,7.0,0
120,0,0,0.0,0.0,1
120,0,2,49.0,7.0,0
120,0,2,54.0,2.0,1
90,0,1,86.28571428571429,7.0,0
90,0,2,84.8125,16.0,0
120,0,0,44.66666666666666,3.0,1
120,0,2,49.0,1.0,1
60,0,2,60.75,4.0,1
60,0,0,0.0,0.0,1
60,0,0,0.0,0.0,1
60,0,0,52.0,1.0,1
60,0,1,80.71428571428571,7.0,0
60,0,0,41.6,5.0,1
60,0,0,76.0,4.0,0
60,0,2,74.25,16.0,0
60,0,0,73.91666666666667,12.0,0
90,0,0,0.0,0.0,1
120,0,2,69.5,4.0,1
120,0,0,85.85714285714286,7.0,0
70,0,4,89.85714285714286,7.0,0
60,0,0,72.72727272727273,11.0,0
90,0,0,0.0,0.0,1
60,0,1,28.0,3.0,1
60,0,4,74.0,1.0,1
60,0,0,35.8,10.0,1
90,0,0,79.0,7.0,0
60,0,0,67.2,5.0,0
60,0,1,0.0,0.0,1
120,0,1,50.0,2.0,1
60,0,2,0.0,0.0,1
60,0,2,80.0,1.0,1
60,0,0,0.0,0.0,1
60,0,2,0.0,0.0,1
90,0,0,45.142857142857146,7.0,0
60,0,2,0.0,0.0,1
120,0,2,83.45454545454545,11.0,0
60,0,0,42.4,5.0,1
60,0,2,74.71428571428571,7.0,0
60,0,2,68.33333333333333,6.0,1
90,0,2,81.71428571428571,7.0,0
120,0,0,80.85714285714286,7.0,0
60,0,0,47.333333333333336,3.0,1
240,0,0,70.57142857142857,7.0,0
60,0,0,87.14285714285714,7.0,0
60,0,4,92.4375,16.0,0
150,0,1,0.0,0.0,1
120,1,1,80.8,5.0,1
90,0,1,65.42857142857143,7.0,0
120,0,0,0.0,0.0,1
60,0,1,81.28571428571429,7.0,0
60,0,1,86.57142857142857,7.0,0
90,0,1,90.0625,16.0,0
60,4,1,67.5,4.0,1
60,0,1,66.18181818181819,11.0,0
60,0,1,50.0,1.0,1
60,2,1,56.142857142857146,7.0,0
150,0,1,78.71428571428571,7.0,0
90,0,0,87.625,16.0,0
210,0,1,72.2,15.0,0
120,0,2,75.85714285714286,7.0,0
60,0,2,0.0,0.0,1
60,2,2,63.0,1.0,1
60,0,0,58.66666666666666,3.0,1
60,0,0,57.0,7.0,0
60,0,0,47.57142857142857,7.0,1
60,0,0,0.0,0.0,1
90,0,0,60.71428571428572,7.0,1
60,0,2,59.285714285714285,7.0,0
60,1,1,90.33333333333331,3.0,1
60,0,2,78.4,10.0,0
60,0,0,84.42857142857143,7.0,0
60,0,0,75.25,4.0,1
60,0,0,62.0,6.0,0
120,0,1,92.75,12.0,1
90,1,2,67.0,3.0,1
60,0,2,37.66666666666666,3.0,1
60,0,2,0.0,0.0,1
90,2,0,79.625,16.0,0
60,0,0,77.0,7.0,0
135,0,0,78.0,1.0,1
90,0,1,76.3,10.0,1
60,0,2,48.11111111111112,9.0,1
60,0,0,84.42857142857143,7.0,0
130,0,1,93.85714285714286,7.0,0
60,0,2,57.0,6.0,1
60,0,2,52.85714285714285,7.0,1
120,0,1,66.83333333333333,6.0,1
60,0,1,70.0,4.0,1
60,0,1,56.142857142857146,7.0,0
60,1,2,75.0,7.0,0
60,0,0,64.71428571428571,7.0,0
60,0,2,93.0,3.0,1
60,0,2,0.0,0.0,1
90,0,0,59.6,5.0,1
120,1,1,90.28571428571428,7.0,0
60,0,1,0.0,0.0,1
60,0,2,0.0,0.0,1
60,0,1,89.42857142857143,7.0,0
60,1,1,0.0,0.0,1
60,0,1,80.16666666666667,6.0,0
60,0,0,44.0,1.0,1
60,0,1,65.85714285714286,7.0,0
90,0,1,0.0,0.0,1
90,0,1,65.42857142857143,7.0,0
180,1,1,57.16666666666666,6.0,0
180,0,1,79.5,8.0,1
120,0,2,0.0,0.0,1
90,0,1,72.33333333333333,6.0,0
60,1,0,60.07692307692308,13.0,1
60,2,0,0.0,0.0,1
60,0,2,0.0,0.0,1
60,0,2,71.14285714285714,7.0,0
60,0,1,76.25,4.0,1
60,0,1,54.63636363636363,11.0,1
60,0,0,81.25,8.0,0
60,0,0,69.72727272727273,11.0,1
130,0,1,91.0,7.0,0
60,0,2,96.42857142857144,7.0,0
60,0,1,83.63636363636364,11.0,1
120,0,2,61.0,2.0,1
70,0,2,52.0,2.0,1
120,1,1,41.0,2.0,1
130,0,4,59.0,1.0,1
60,2,0,75.76923076923077,13.0,1
60,0,1,86.14285714285714,7.0,0
60,1,0,62.71428571428572,7.0,1
60,0,1,84.57142857142857,7.0,0
70,1,0,71.57142857142857,7.0,0
60,0,0,68.55555555555556,9.0,1
240,0,2,0.0,0.0,1
60,0,1,76.57142857142857,7.0,0
60,0,1,58.25,4.0,1
120,0,2,0.0,0.0,1
90,0,2,71.0,3.0,1
60,0,0,75.5,6.0,0
60,0,1,79.125,8.0,1
90,0,2,50.5,8.0,0
120,0,2,67.0,7.0,0
60,2,1,75.71428571428571,7.0,0
150,2,1,86.81818181818181,11.0,1
120,1,0,79.28571428571429,14.0,0
140,0,1,91.14285714285714,7.0,0
220,0,0,52.42857142857143,7.0,0
60,0,2,0.0,0.0,1
120,1,0,76.16666666666667,12.0,1
60,0,2,0.0,0.0,1
60,0,0,73.85714285714286,7.0,0
60,0,1,88.57142857142857,7.0,0
60,0,2,45.0,1.0,1
60,0,2,88.0,7.0,0
60,1,2,67.0,7.0,0
120,0,0,70.14285714285714,7.0,0
150,0,1,49.0,1.0,1
60,0,0,78.66666666666667,9.0,1
150,0,2,0.0,0.0,1
70,1,2,88.75,4.0,1
60,0,0,85.42857142857143,7.0,0
60,0,1,60.5625,16.0,0
180,0,0,87.57142857142857,7.0,1
60,0,2,82.0,1.0,1
60,4,0,0.0,0.0,1
120,0,1,66.33333333333333,9.0,0
60,0,0,92.0,16.0,0
60,1,2,76.0,7.0,0
180,0,2,0.0,0.0,1
60,0,2,38.0,1.0,1
60,0,1,80.57142857142857,7.0,0
120,0,0,60.333333333333336,12.0,0
60,0,2,65.85714285714286,7.0,0
60,0,1,0.0,0.0,1
90,0,0,87.0,4.0,1
190,1,1,22.0,3.0,1
330,1,0,0.0,0.0,1
60,1,1,69.92857142857143,14.0,0
60,1,0,79.0,7.0,0
60,0,0,66.28571428571429,7.0,0
90,0,1,95.16666666666669,6.0,0
120,0,0,88.0,7.0,0
60,3,0,69.0,4.0,1
70,0,0,77.0,1.0,1
90,0,0,0.0,0.0,1
60,0,0,0.0,0.0,1
270,0,0,67.0,1.0,1
60,0,2,58.0,7.0,1
90,0,0,36.785714285714285,14.0,1
60,0,0,83.57142857142857,7.0,0
60,0,2,79.0,5.0,0
240,0,1,92.71428571428572,7.0,0
60,1,0,87.5,6.0,0
150,1,0,0.0,0.0,1
90,0,2,82.0,7.0,0
120,0,2,75.11111111111111,9.0,1
90,0,0,70.4,5.0,0
60,0,0,66.0,5.0,0
60,0,1,53.833333333333336,12.0,0
160,1,1,76.14285714285714,7.0,0
60,0,2,66.42857142857143,7.0,0
120,0,0,62.0,1.0,1
70,0,2,92.0,7.0,0
60,0,1,80.75,4.0,1
60,1,2,51.42857142857143,7.0,1
60,0,2,79.28571428571429,7.0,0
120,1,2,0.0,0.0,1
90,0,1,63.142857142857146,7.0,1
60,0,2,51.142857142857146,7.0,1
60,0,2,0.0,0.0,1
60,0,0,0.0,0.0,1
60,0,0,0.0,0.0,1
120,0,2,0.0,0.0,1
60,0,1,85.83333333333333,6.0,0
120,0,2,65.0,7.0,0
90,0,1,41.15384615384615,13.0,1
60,1,2,0.0,0.0,1
90,1,1,35.666666666666664,6.0,1
60,0,0,79.54545454545455,11.0,1
90,1,2,19.0,1.0,1
60,0,1,46.0,2.0,1
60,1,0,32.0,3.0,1
60,0,1,58.0,6.0,1
60,1,1,80.14285714285714,7.0,0
60,1,2,46.23076923076923,13.0,1
90,0,0,79.6,10.0,0
60,1,2,72.75,4.0,1
60,0,0,69.4,5.0,0
60,0,2,55.0,1.0,1
60,0,2,78.0,11.0,1
60,0,1,55.16666666666666,6.0,1
90,1,0,94.8,5.0,0
90,0,1,67.0,1.0,1
120,0,2,86.0,6.0,0
60,0,2,0.0,0.0,1
90,0,0,0.0,0.0,1
120,0,2,75.5,4.0,1
60,0,0,0.0,0.0,1
60,0,0,92.85714285714286,7.0,0
150,1,1,62.85714285714285,14.0,0
60,2,0,68.8,5.0,0
60,0,2,0.0,0.0,1
60,0,2,26.0,1.0,1
60,1,2,58.66666666666666,9.0,1
60,0,2,82.0,2.0,1
60,0,0,0.0,0.0,1
60,0,1,0.0,0.0,1
60,1,2,0.0,0.0,1
90,0,2,48.71428571428572,7.0,1
60,0,1,63.5,4.0,1
120,0,2,0.0,0.0,1
60,0,0,81.85714285714286,7.0,0
120,1,2,75.5,6.0,0
60,0,0,62.54545454545455,11.0,1
60,1,0,86.83333333333333,6.0,1
60,0,2,74.0,1.0,1
210,1,2,81.0,7.0,0
120,0,2,65.42857142857143,7.0,0
120,0,0,0.0,0.0,1
60,0,1,59.0,3.0,1
70,0,2,55.285714285714285,7.0,0
120,2,0,60.22222222222222,9.0,1
90,0,0,75.2,15.0,0
120,2,2,0.0,0.0,1
60,0,0,75.0,7.0,0
60,1,0,70.57142857142857,7.0,0
60,1,0,60.0,2.0,1
60,0,2,57.66666666666666,3.0,1
60,0,2,0.0,0.0,1
60,0,2,67.06666666666666,15.0,0
90,0,1,68.75,4.0,1
120,0,2,79.57142857142857,7.0,0
60,2,0,89.83333333333333,6.0,0
60,2,0,0.0,0.0,1
60,2,2,66.5,6.0,0
60,1,0,49.7,10.0,1
60,0,2,57.0,6.0,0
120,0,0,72.42857142857143,7.0,0
60,0,2,0.0,0.0,1
100,2,2,57.90909090909091,22.0,1
60,0,0,48.75,4.0,1
330,0,0,0.0,0.0,1
120,1,2,65.28571428571429,7.0,1
90,0,0,89.375,16.0,0
120,0,0,72.0,1.0,1
120,1,0,74.66666666666667,6.0,1
60,1,2,71.16666666666667,6.0,0
60,0,0,79.42857142857143,7.0,0
120,0,2,74.375,24.0,1
60,1,0,76.28571428571429,7.0,0
60,0,0,0.0,0.0,1
120,1,0,56.0,2.0,1
60,0,1,66.0,1.0,1
120,0,2,64.5,4.0,1
60,0,0,58.5,6.0,0
90,0,1,84.9090909090909,11.0,1
60,1,2,0.0,0.0,1
60,0,1,87.66666666666667,6.0,0
60,0,0,0.0,0.0,1
60,0,0,80.33333333333333,6.0,0
60,1,2,86.55555555555556,9.0,1
60,0,1,71.88888888888889,9.0,1
60,0,0,40.66666666666666,6.0,1
180,0,2,83.33333333333333,3.0,1
120,1,2,45.71428571428572,7.0,0
60,0,0,70.0,4.0,1
60,0,0,75.28571428571429,7.0,0
150,2,2,0.0,0.0,1
60,0,0,56.625,8.0,1
120,0,0,0.0,0.0,1
210,4,0,0.0,0.0,1
150,0,2,69.2,10.0,1
150,0,1,63.142857142857146,7.0,0
120,1,0,85.375,8.0,0
195,1,1,0.0,0.0,1
60,0,1,0.0,0.0,1
60,0,4,92.14285714285714,7.0,0
180,1,2,52.42857142857143,7.0,0
60,0,2,81.0,7.0,0
60,0,0,66.14285714285714,7.0,0
240,1,1,47.583333333333336,12.0,1
60,0,0,69.0,1.0,1
120,0,2,46.0,1.0,1
60,0,1,0.0,0.0,1
60,0,2,76.0,3.0,1
120,1,2,79.0,1.0,1
60,0,0,82.85714285714286,7.0,0
60,1,2,66.54545454545455,11.0,1
60,0,0,83.85714285714286,7.0,0
100,1,0,59.75,4.0,1
60,1,1,96.25,4.0,1
210,0,2,0.0,0.0,1
60,0,2,77.33333333333333,6.0,0
60,0,0,52.5,2.0,1
120,1,2,46.0,1.0,1
60,2,2,0.0,0.0,1
60,0,2,34.0,2.0,1
60,0,0,80.0,1.0,1
60,0,2,73.28571428571429,7.0,0
60,0,0,74.14285714285714,7.0,0
60,2,2,0.0,0.0,1
120,1,0,0.0,0.0,1
150,3,2,84.0,1.0,1
60,0,0,67.0,1.0,1
60,0,2,84.0,1.0,1
60,0,0,55.72727272727273,11.0,0
60,0,0,93.16666666666669,12.0,0
60,0,2,41.0,1.0,1
60,0,0,75.54545454545455,11.0,1
80,4,0,24.0,1.0,1
210,1,2,65.0,7.0,1
60,0,1,0.0,0.0,1
60,0,1,0.0,0.0,1
60,0,1,0.0,0.0,1
120,1,0,54.142857142857146,7.0,1
150,1,4,89.9375,16.0,1
270,0,1,80.6,5.0,1
90,0,2,42.8,5.0,1
60,0,1,53.66666666666666,6.0,0
60,0,0,73.85714285714286,7.0,1
135,0,2,67.25,4.0,1
120,0,0,59.285714285714285,7.0,0
60,0,2,0.0,0.0,1
60,0,0,80.71428571428571,7.0,0
90,0,1,73.8,10.0,1
60,1,0,74.33333333333333,3.0,1
60,0,0,62.0,6.0,0
60,1,0,63.5,2.0,1
60,0,2,63.25,4.0,1
90,1,0,0.0,0.0,1
60,0,2,60.0,1.0,1
60,0,1,92.5,6.0,0
60,0,1,46.833333333333336,6.0,1
60,0,1,92.0,1.0,1
60,1,2,0.0,0.0,1
60,0,1,0.0,0.0,1
60,0,0,75.5,6.0,0
150,1,1,50.4,15.0,1
60,0,0,64.07142857142857,14.0,0
120,1,0,78.85714285714286,14.0,0
60,0,2,58.833333333333336,6.0,0
540,1,0,0.0,0.0,1
135,0,0,0.0,0.0,1
60,0,2,0.0,0.0,1
180,1,1,0.0,0.0,1
120,0,2,0.0,0.0,1
60,1,0,76.85714285714286,7.0,0
60,0,1,0.0,0.0,1
60,0,2,69.66666666666667,6.0,0
120,2,2,75.57142857142857,7.0,0
90,0,2,72.66666666666667,3.0,1
150,1,4,0.0,0.0,1
60,0,2,62.0,1.0,1
120,0,0,73.33333333333333,6.0,0
90,1,0,76.33333333333333,6.0,0
120,1,2,79.0,1.0,1
60,0,2,50.125,8.0,0
120,6,2,55.0,2.0,1
60,0,2,0.0,0.0,1
60,0,0,0.0,0.0,1
60,1,2,83.25,4.0,1
60,1,0,79.2,5.0,1
90,0,0,64.18181818181819,11.0,0
120,2,0,81.0,3.0,1
120,2,1,0.0,0.0,1
150,2,3,43.4,5.0,1
60,0,0,79.57142857142857,7.0,0
180,1,2,71.0,1.0,1
180,0,2,0.0,0.0,1
60,1,0,0.0,0.0,1
90,3,0,52.4,15.0,0
60,0,2,0.0,0.0,1
60,0,2,62.5,6.0,0
60,0,2,40.5,6.0,1
60,0,1,91.85714285714286,7.0,0
60,0,0,42.42857142857143,7.0,1
90,0,2,50.333333333333336,6.0,1
60,1,2,64.66666666666667,6.0,1
70,0,0,79.14285714285714,7.0,0
60,2,2,0.0,0.0,1
60,0,1,75.0,1.0,1
60,0,2,83.0,1.0,1
60,0,0,80.5,6.0,0
60,0,0,48.0,1.0,1
60,0,0,74.0,1.0,1
60,0,0,0.0,0.0,1
135,0,1,0.0,0.0,1
120,1,2,40.0,1.0,1
90,2,0,38.15384615384615,13.0,1
60,2,0,0.0,0.0,1
120,0,2,67.0,7.0,0
60,0,1,78.2,5.0,1
60,1,0,75.375,16.0,0
60,0,4,79.57142857142857,7.0,0
60,0,2,63.91666666666666,12.0,0
150,0,1,77.66666666666667,3.0,1
60,0,1,87.5,4.0,1
120,0,2,0.0,0.0,1
120,2,0,47.0,2.0,1
60,0,2,82.0,1.0,0
60,0,2,51.285714285714285,7.0,1
60,0,0,35.4,5.0,1
180,1,2,0.0,0.0,1
120,0,0,76.71428571428571,7.0,0
120,0,0,88.0,7.0,0
120,0,1,79.375,8.0,1
60,0,1,58.57142857142857,7.0,0
120,0,2,34.5,2.0,1
60,0,2,0.0,0.0,1
160,0,0,59.0,7.0,0
150,0,0,67.33333333333333,6.0,0
60,1,0,0.0,0.0,1
60,0,0,77.0,6.0,0
60,1,1,67.33333333333333,3.0,1
60,0,1,74.5,4.0,1
70,2,0,48.57142857142857,7.0,0
60,2,2,38.0,1.0,1
60,0,0,57.66666666666666,6.0,0
60,0,0,86.0,2.0,1
60,0,2,57.0,3.0,1
150,0,2,78.6,5.0,0
60,4,2,40.0,1.0,1
120,2,2,35.8,10.0,1
60,0,2,69.5,2.0,1
60,0,1,86.5,16.0,0
120,0,2,70.14285714285714,7.0,0
60,3,0,63.0,1.0,1
60,0,0,67.85714285714286,7.0,0
60,3,2,0.0,0.0,1
150,1,2,76.0,5.0,1
60,2,2,0.0,0.0,1
150,2,0,0.0,0.0,1
90,1,2,52.44444444444444,9.0,1
60,0,0,48.0,1.0,1
120,1,2,56.5,4.0,1
120,2,1,27.666666666666668,3.0,1
60,0,2,0.0,0.0,1
90,0,1,64.66666666666667,3.0,1
150,1,1,86.42857142857143,7.0,0
60,0,0,65.0,3.0,1
120,0,2,0.0,0.0,1
120,3,0,63.0,1.0,1
120,0,0,49.285714285714285,7.0,0
90,0,3,0.0,0.0,1
330,0,0,90.5,2.0,1
60,0,2,54.85714285714285,7.0,0
60,1,0,47.21428571428572,14.0,1
60,0,0,57.875,16.0,0
60,0,1,0.0,0.0,1
120,2,2,49.5,2.0,1
120,1,0,60.07692307692308,13.0,1
60,1,2,60.76470588235294,17.0,0
60,1,0,83.71428571428571,7.0,0
120,2,2,68.16666666666667,6.0,0
60,0,0,0.0,0.0,1
60,0,0,0.0,0.0,1
120,1,0,0.0,0.0,1
150,1,0,59.71428571428572,7.0,0
120,2,0,36.66666666666666,3.0,1
60,0,2,82.57142857142857,7.0,0
120,1,0,74.5,2.0,1
60,1,2,0.0,0.0,1
60,1,0,46.42857142857143,7.0,0
60,1,0,34.44444444444444,9.0,1
60,0,0,92.57142857142856,7.0,0
120,0,0,94.5,10.0,1
60,0,0,65.5,2.0,1
60,0,2,59.0,12.0,0
60,1,0,77.14285714285714,7.0,0
150,1,2,45.5,4.0,1
60,1,0,66.71428571428571,7.0,0
60,0,0,51.0,1.0,1
60,0,0,20.5,2.0,1
120,0,2,47.142857142857146,7.0,0
60,0,2,85.14285714285714,7.0,0
60,1,0,42.0,2.0,1
60,0,0,83.8,5.0,1
60,0,0,87.0,7.0,0
60,0,0,70.85714285714286,7.0,0
60,1,2,0.0,0.0,1
70,1,0,68.85714285714286,7.0,0
120,0,1,66.77777777777777,9.0,1
120,0,2,68.0,1.0,1
150,0,2,56.66666666666666,6.0,0
180,2,2,25.666666666666668,6.0,1
120,2,0,34.5,6.0,1
90,1,0,77.4375,16.0,0
310,2,1,69.5,4.0,1
120,0,1,33.25,4.0,1
90,0,2,58.333333333333336,6.0,0
60,0,2,0.0,0.0,1
60,0,0,48.85714285714285,7.0,1
120,1,2,58.0,1.0,1
120,1,0,96.0,1.0,1
60,1,2,49.5,2.0,1
150,1,0,73.14285714285714,7.0,0
60,0,2,94.14285714285714,7.0,0
60,0,1,88.25,16.0,0
75,0,2,51.0,1.0,1
120,1,2,0.0,0.0,1
150,3,2,45.285714285714285,7.0,1
60,1,2,34.833333333333336,6.0,1
150,3,2,0.0,0.0,1
130,2,2,0.0,0.0,1
60,0,0,62.875,8.0,0
75,2,0,0.0,0.0,1
60,0,1,81.42857142857143,7.0,0
120,1,0,73.25,8.0,0
70,0,0,59.333333333333336,3.0,1
130,0,0,66.71428571428571,7.0,0
150,2,2,0.0,0.0,1
120,2,0,75.0,6.0,0
90,1,0,33.666666666666664,3.0,1
60,0,2,0.0,0.0,1
60,0,0,62.142857142857146,7.0,0
120,1,1,0.0,0.0,1
60,0,0,59.285714285714285,7.0,0
120,1,2,0.0,0.0,1
180,2,0,58.0,6.0,0
120,0,1,0.0,0.0,1
120,1,3,0.0,0.0,1
60,0,2,66.57142857142857,7.0,0
60,1,2,62.85714285714285,7.0,0
60,0,1,0.0,0.0,1
60,2,2,61.333333333333336,3.0,1
120,0,2,83.42857142857143,7.0,1
180,1,0,83.0,12.0,1
120,2,0,41.0,1.0,1
60,1,0,66.66666666666667,12.0,1
60,0,2,41.0,3.0,1
150,0,2,0.0,0.0,1
60,1,0,0.0,0.0,1
60,1,1,0.0,0.0,1
90,2,2,56.11764705882353,17.0,0
60,0,2,0.0,0.0,1
60,0,0,72.66666666666667,3.0,1
240,1,2,62.75,4.0,1
60,0,0,41.0,1.0,1
120,0,2,36.2,5.0,1
180,0,0,71.0,1.0,1
60,0,0,77.14285714285714,7.0,0
120,2,0,68.8,5.0,1
60,0,0,0.0,0.0,1
60,0,0,67.0,13.0,0
120,1,2,66.28571428571429,7.0,0
60,1,0,63.16666666666666,6.0,1
120,2,0,48.2,5.0,1
60,0,0,0.0,0.0,1
120,1,2,68.85714285714286,7.0,1
90,0,0,87.5,8.0,0
60,0,0,42.0,4.0,1
60,0,2,36.0,1.0,1
60,0,2,50.0,2.0,1
120,0,0,35.0,6.0,1
60,0,2,0.0,0.0,1
60,0,2,0.0,0.0,1
60,1,3,0.0,0.0,1
60,0,2,0.0,0.0,1
120,1,0,66.0,2.0,1
60,1,0,75.0,1.0,1
120,2,2,70.125,8.0,0
60,1,0,50.57142857142857,7.0,0
120,0,1,90.28571428571428,7.0,1
60,0,3,48.0,1.0,1
60,2,2,47.0,7.0,1
120,1,2,98.0,1.0,1
120,1,0,61.833333333333336,6.0,0
60,0,2,0.0,0.0,1
90,1,0,0.0,0.0,1
120,1,2,51.3,10.0,1
120,1,0,68.14285714285714,7.0,0
60,0,0,0.0,0.0,1
120,1,0,22.0,1.0,1
60,2,0,71.25,4.0,1
120,1,1,70.4,5.0,1
150,1,0,0.0,0.0,1
60,0,2,53.142857142857146,7.0,0
120,1,0,70.5,4.0,1
120,0,1,74.83333333333333,18.0,0
60,1,2,53.285714285714285,7.0,0
60,0,1,51.0,3.0,1
120,1,0,79.84615384615384,13.0,0
120,0,2,67.6842105263158,19.0,1
60,0,0,35.285714285714285,7.0,1
150,1,4,92.33333333333331,3.0,1
60,0,2,8.0,1.0,1
90,0,2,60.66666666666666,3.0,1
90,3,2,62.285714285714285,14.0,1
120,0,0,0.0,0.0,1
60,0,0,73.25,4.0,1
60,0,2,0.0,0.0,1
60,0,2,80.85714285714286,7.0,0
120,2,2,40.8,10.0,1
120,1,2,75.25,8.0,0
60,0,1,59.0,1.0,1
60,2,2,81.0,3.0,1
120,0,0,75.33333333333333,3.0,1
60,1,0,37.0,2.0,1
90,0,0,59.333333333333336,3.0,1
60,0,0,60.42857142857143,7.0,0
210,0,2,0.0,0.0,1
60,0,0,74.0,7.0,0
60,1,2,0.0,0.0,1
180,0,0,0.0,0.0,1
270,0,0,60.142857142857146,7.0,0
120,0,2,65.0,1.0,1
120,2,0,38.4,10.0,1
60,0,2,68.88888888888889,9.0,0
60,0,0,67.0,1.0,1
120,1,0,79.66666666666667,3.0,1
90,2,2,50.523809523809526,21.0,0
60,0,0,76.33333333333333,6.0,0
120,0,0,86.85714285714286,7.0,0
210,0,2,78.0909090909091,11.0,1
60,0,0,65.0,1.0,1
60,0,0,95.71428571428572,7.0,0
60,0,2,75.0,5.0,1
180,2,2,70.0,2.0,1
120,1,2,65.4,5.0,1
60,1,0,44.5,12.0,1
60,0,2,62.333333333333336,3.0,1
120,0,1,58.85714285714285,7.0,1
60,0,2,42.375,8.0,1
240,2,2,45.6,5.0,1
60,0,0,64.57142857142857,7.0,0
60,1,0,84.375,16.0,0
60,1,2,46.0,15.0,1
120,0,1,55.42857142857143,7.0,1
210,1,2,0.0,0.0,1
180,0,0,0.0,0.0,1
60,0,0,78.66666666666667,6.0,0
60,1,0,74.0,1.0,1
120,1,0,55.0,3.0,1
120,1,0,75.66666666666667,3.0,1
60,0,2,0.0,0.0,1
60,0,0,87.33333333333333,6.0,0
60,0,0,64.6,5.0,1
90,1,0,72.375,8.0,1
210,0,2,0.0,0.0,1
120,0,2,53.57142857142857,7.0,0
120,0,2,0.0,0.0,1
60,0,0,53.0,2.0,1
90,0,2,81.6,5.0,0
120,1,0,88.57142857142857,7.0,0
90,1,0,48.85714285714285,7.0,0
120,1,2,27.33333333333333,3.0,1
60,1,2,93.8,15.0,0
120,1,2,20.0,2.0,1
60,0,2,0.0,0.0,1
90,1,1,53.07142857142857,14.0,1
120,0,0,31.25,4.0,1
60,0,0,64.2,5.0,1
150,2,2,0.0,0.0,1
150,2,0,47.53333333333333,15.0,1
60,1,2,58.71428571428572,14.0,1
90,0,0,0.0,0.0,1
60,0,2,56.66666666666666,6.0,0
120,1,2,0.0,0.0,1
60,0,2,62.0,1.0,1
120,2,1,52.06666666666667,15.0,1
60,0,2,47.27272727272727,11.0,1
60,0,2,76.28571428571429,7.0,0
150,0,0,0.0,0.0,1
60,0,1,82.28571428571429,7.0,0
60,1,0,57.285714285714285,7.0,1
120,1,1,80.28571428571429,7.0,0
180,0,0,67.71428571428571,7.0,0
60,0,2,45.71428571428572,7.0,1
120,2,0,74.85714285714286,7.0,0
60,0,2,64.42857142857143,7.0,0
180,1,0,56.71428571428572,7.0,0
120,0,0,68.0,7.0,0
120,0,3,35.5,2.0,1
60,0,2,0.0,0.0,1
60,0,1,66.93333333333334,15.0,0
120,0,0,88.28571428571429,7.0,0
60,0,2,60.0,1.0,1
60,0,2,69.33333333333333,6.0,0
60,0,0,64.4,5.0,1
120,1,2,25.0,1.0,1
60,0,0,65.71428571428571,7.0,0
90,0,0,30.0,1.0,1
60,0,2,81.83333333333333,6.0,0
60,0,2,32.333333333333336,3.0,1
120,0,2,45.0,2.0,1
60,0,0,56.0,1.0,1
60,0,0,0.0,0.0,1
60,0,2,0.0,0.0,1
60,0,2,71.42857142857143,7.0,0
60,0,0,42.3,10.0,1
60,0,0,80.0,1.0,1
60,0,0,65.57142857142857,7.0,0
60,0,2,56.0,1.0,1
90,0,2,73.57142857142857,7.0,0
240,1,0,83.14285714285714,7.0,0
60,0,2,92.42857142857144,7.0,0
180,1,0,85.0,1.0,1
120,1,0,41.0,1.0,1
60,0,0,41.66666666666666,3.0,1
60,0,2,58.0,2.0,1
60,0,2,75.33333333333333,6.0,0
120,0,0,62.285714285714285,7.0,1
60,0,3,90.4375,16.0,0
180,1,2,46.142857142857146,7.0,0
60,0,2,69.85714285714286,7.0,0
180,1,2,54.42857142857143,7.0,0
60,0,2,0.0,0.0,1
60,0,2,81.85714285714286,7.0,1
60,0,2,83.0,6.0,0
120,0,0,0.0,0.0,1
60,0,0,0.0,0.0,1
180,1,2,32.5,2.0,1
120,0,2,81.57142857142857,7.0,0
60,0,0,64.14285714285714,7.0,0
120,1,1,85.0,2.0,1
60,0,0,62.25,4.0,1
180,0,0,76.375,16.0,0
60,0,0,98.28571428571428,7.0,0
120,0,0,81.0,7.0,0
120,1,2,0.0,0.0,1
60,0,1,61.71428571428572,7.0,0
120,1,0,74.71428571428571,7.0,0
70,0,2,0.0,0.0,1
60,0,0,69.5,6.0,0
120,0,2,0.0,0.0,1
120,0,0,0.0,0.0,1
150,0,2,43.16666666666666,6.0,1
180,1,2,80.0,1.0,1
60,0,0,78.85714285714286,7.0,0
120,0,1,54.75,4.0,1
60,0,4,83.85714285714286,14.0,0
60,0,2,50.85714285714285,7.0,0
120,0,1,0.0,0.0,1
120,0,1,60.42857142857143,7.0,0
90,0,0,52.57142857142857,7.0,0
120,1,2,0.0,0.0,1
180,1,0,73.85714285714286,7.0,0
240,0,2,0.0,0.0,1
180,1,2,0.0,0.0,1
60,0,2,70.57142857142857,7.0,0
60,0,0,0.0,0.0,1
60,0,0,51.42857142857143,7.0,0
120,0,0,0.0,0.0,1
60,0,0,74.0,7.0,0
120,1,2,62.0,13.0,0
150,1,0,56.75,8.0,1
180,1,2,37.0,1.0,1
120,0,1,0.0,0.0,1
120,0,0,70.4,5.0,0
120,1,2,0.0,0.0,1
60,0,2,60.0,3.0,1
210,1,2,0.0,0.0,1
60,0,2,0.0,0.0,1
60,0,0,85.42857142857143,7.0,0
150,0,0,55.333333333333336,6.0,0
120,0,0,83.25,4.0,1
120,0,0,69.0,1.0,1
120,0,0,75.42857142857143,7.0,0
120,0,0,66.75,8.0,1
120,1,0,0.0,0.0,1
210,1,0,58.0,1.0,1
180,1,0,42.625,8.0,1
120,1,2,63.0,1.0,1
90,0,2,0.0,0.0,1
60,0,2,76.33333333333333,3.0,1
120,0,1,74.14285714285714,7.0,0
120,0,0,23.857142857142858,7.0,1
120,0,0,81.5,2.0,1
60,0,2,0.0,0.0,1
60,0,0,60.66666666666666,6.0,1
120,1,2,0.0,0.0,1
120,1,2,62.5,2.0,1
180,1,2,53.0,7.0,0
120,0,0,65.25,4.0,1
60,0,0,0.0,0.0,1
120,1,0,94.42857142857144,7.0,0
60,0,0,85.42857142857143,7.0,0
60,0,0,0.0,0.0,1
120,0,0,86.42857142857143,7.0,0
120,1,2,68.0,1.0,1
60,0,0,17.0,1.0,1
120,0,1,0.0,0.0,1
120,1,0,67.5,2.0,1
120,1,0,74.0,1.0,1
60,0,2,75.57142857142857,7.0,0
90,0,2,80.85714285714286,7.0,1
60,0,0,55.16666666666666,12.0,0
60,0,2,93.0625,16.0,0
120,0,2,75.42857142857143,7.0,0
120,1,0,76.33333333333333,6.0,1
60,0,0,71.0,6.0,0
60,0,0,84.5,4.0,1
60,0,0,74.66666666666667,3.0,1
120,0,0,59.85714285714285,7.0,0
60,0,0,79.28571428571429,7.0,0
120,1,0,65.0,2.0,1
120,1,2,0.0,0.0,1
70,0,2,57.0,2.0,1
120,0,2,0.0,0.0,1
120,0,0,14.0,4.0,1
60,0,1,66.06666666666666,15.0,0
60,0,1,52.8,5.0,0
60,0,0,82.28571428571429,7.0,0
60,0,2,35.5,6.0,1
150,1,1,73.0,2.0,1
60,0,1,68.16666666666667,6.0,0
180,1,0,55.0,2.0,1
60,0,0,64.42857142857143,7.0,0
60,0,0,70.0,7.0,0
180,0,2,68.58333333333333,12.0,1
120,1,0,93.42857142857144,7.0,0
60,0,2,63.8,15.0,0
60,0,2,72.14285714285714,7.0,0
120,1,2,0.0,0.0,1
60,0,0,53.0,2.0,1
60,0,2,83.5,2.0,1
210,1,0,0.0,0.0,1
60,0,0,53.2,15.0,0
60,0,0,58.0,5.0,1
60,0,2,65.0,5.0,0
120,0,2,48.71428571428572,7.0,0
60,0,0,88.5,16.0,0
60,0,0,0.0,0.0,1
120,1,0,80.88888888888889,9.0,0
60,0,2,0.0,0.0,1
120,0,2,76.16666666666667,6.0,0
135,1,0,0.0,0.0,1
180,1,3,0.0,0.0,1
120,0,0,0.0,0.0,1
120,1,0,44.0,1.0,1
60,0,0,51.57142857142857,7.0,0
60,0,2,0.0,0.0,1
120,0,2,80.28571428571429,7.0,0
180,1,0,66.33333333333333,6.0,0
60,0,0,78.83333333333333,6.0,0
90,0,0,47.76923076923077,13.0,1
120,0,0,58.42857142857143,7.0,0
60,0,2,78.0,2.0,1
60,0,2,63.0,2.0,1
60,0,2,37.42857142857143,7.0,1
120,1,0,0.0,0.0,1
90,0,0,0.0,0.0,1
120,0,2,69.71428571428571,7.0,0
90,0,2,0.0,0.0,1
60,0,2,57.0,6.0,1
60,0,0,49.5,6.0,1
60,0,2,0.0,0.0,1
60,0,0,50.0,1.0,1
120,1,2,0.0,0.0,1
60,0,1,63.16666666666666,6.0,0
120,0,0,59.833333333333336,6.0,0
120,0,0,79.85714285714286,7.0,0
150,0,2,51.0,2.0,1
120,0,0,48.5,6.0,1
120,1,2,49.0,1.0,1
120,0,2,58.41666666666666,12.0,0
60,0,2,73.0,6.0,0
60,0,2,0.0,0.0,1
120,0,2,75.0,4.0,1
60,0,1,57.25,4.0,1
180,1,0,83.71428571428571,7.0,0
180,1,0,36.0,1.0,1
60,0,0,0.0,0.0,1
60,0,1,90.9375,16.0,0
60,0,2,29.0,1.0,1
120,0,2,0.0,0.0,1
120,1,2,69.5,4.0,1
90,0,2,26.0,1.0,1
60,0,2,0.0,0.0,1
120,1,0,96.0,10.0,0
60,0,2,69.71428571428571,7.0,0
60,0,2,62.142857142857146,7.0,0
120,0,2,0.0,0.0,1
60,0,0,93.57142857142856,7.0,0
60,0,1,77.85714285714286,7.0,0
60,0,0,0.0,0.0,1
60,0,0,45.75,4.0,1
90,0,2,56.0,1.0,1
60,0,2,69.0,7.0,1
60,0,2,45.42857142857143,7.0,1
90,0,0,47.0,4.0,1
60,0,0,75.16666666666667,6.0,0
60,0,0,84.66666666666667,3.0,1
60,0,2,71.0,2.0,1
60,0,2,0.0,0.0,1
60,0,0,86.57142857142857,7.0,0
60,0,0,84.66666666666667,3.0,1
60,0,2,0.0,0.0,1
75,0,2,82.0,7.0,0
90,0,2,30.666666666666668,3.0,1
60,0,0,79.85714285714286,7.0,0
60,0,1,79.16666666666667,6.0,0
120,0,0,71.0,6.0,1
60,0,0,39.0,1.0,1
60,0,0,63.0,2.0,1
60,0,2,48.5,2.0,1
90,0,1,0.0,0.0,1
90,0,2,47.5,2.0,1
60,0,1,46.0,1.0,1
90,0,2,57.0,1.0,1
60,0,2,9.0,1.0,1
60,0,0,87.42857142857143,7.0,0
60,0,0,88.71428571428571,7.0,0
60,0,0,86.4,15.0,0
60,0,1,87.14285714285714,7.0,0
120,0,2,0.0,0.0,1
60,0,0,84.1875,16.0,0
60,0,0,73.85714285714286,7.0,0
60,0,2,19.33333333333333,3.0,1
60,0,0,33.0,1.0,1
70,0,2,70.57142857142857,7.0,0
60,0,1,82.85714285714286,7.0,0
60,0,1,71.5,2.0,1
60,0,2,41.85714285714285,7.0,1
120,0,2,76.2,15.0,0
60,0,1,64.33333333333333,3.0,1
60,0,2,71.11111111111111,9.0,1
90,0,0,69.75,4.0,1
60,0,2,30.0,2.0,1
60,0,1,35.0,1.0,1
90,0,0,68.47368421052632,19.0,0
60,0,0,69.2,5.0,0
120,0,2,0.0,0.0,1
60,0,0,57.2,5.0,1
60,0,1,68.0,7.0,0
60,0,0,89.125,16.0,0
90,0,2,74.5,2.0,1
60,0,2,79.0,1.0,1
60,0,0,0.0,0.0,1
90,0,2,44.833333333333336,6.0,1
60,0,0,0.0,0.0,1
70,0,0,65.0,6.0,0
70,0,2,82.9375,16.0,0
60,0,2,0.0,0.0,1
60,0,0,35.0,1.0,1
60,0,2,84.375,16.0,0
60,0,0,0.0,0.0,1
60,0,2,66.2,5.0,0
60,0,2,53.0,1.0,1
60,0,0,46.77777777777778,9.0,0
90,0,2,0.0,0.0,1
60,0,0,0.0,0.0,1
60,0,0,82.8,5.0,0
120,0,1,76.66666666666667,3.0,1
60,0,1,75.71428571428571,7.0,0
60,0,0,45.0,1.0,1
90,0,1,56.0,15.0,0
60,0,0,77.14285714285714,7.0,0
60,0,1,62.285714285714285,7.0,0
60,0,2,64.0,1.0,1
60,0,0,52.0,2.0,1
90,0,2,73.0,3.0,1
60,0,1,74.28571428571429,7.0,0
120,0,2,0.0,0.0,1
60,0,0,70.14285714285714,7.0,0
90,0,0,86.0,4.0,1
90,0,0,76.1875,16.0,0
60,0,2,54.8,5.0,1
60,0,2,26.0,1.0,1
60,0,1,97.33333333333331,12.0,0
60,0,0,59.0,3.0,1
60,0,0,77.71428571428571,7.0,0
60,0,2,0.0,0.0,1
60,0,0,88.0,7.0,0
60,0,1,86.0,7.0,0
60,0,2,0.0,0.0,1
60,0,0,56.0,1.0,1
60,0,2,0.0,0.0,1
60,0,1,0.0,0.0,1
60,0,2,72.14285714285714,7.0,0
60,0,1,67.3125,16.0,0
60,0,1,56.0,1.0,1
60,0,1,68.85714285714286,7.0,0
60,0,0,42.0,1.0,1
60,0,2,0.0,0.0,1
75,0,2,0.0,0.0,1
60,0,0,65.0,2.0,1
60,0,0,74.33333333333333,3.0,1
60,0,2,75.33333333333333,3.0,1
60,0,0,0.0,0.0,1
60,0,1,67.0,7.0,0
60,0,1,61.3125,16.0,0
90,0,2,67.33333333333333,12.0,0
120,0,1,59.142857142857146,7.0,1
60,0,0,0.0,0.0,1
60,0,0,46.71428571428572,7.0,1
90,0,2,0.0,0.0,1
60,0,0,62.6,5.0,1
60,0,2,87.57142857142857,7.0,0
60,0,0,73.2,5.0,0
60,0,1,89.71428571428571,7.0,0
60,0,0,0.0,0.0,1
60,0,0,93.28571428571428,7.0,0
60,0,2,45.333333333333336,3.0,1
60,0,0,57.0,1.0,1
60,0,2,71.0,1.0,1
90,0,0,52.22222222222222,9.0,1
60,0,0,60.66666666666666,6.0,0
60,0,2,73.42857142857143,7.0,0
90,0,0,68.8125,16.0,0
60,0,0,69.5,2.0,1
60,0,2,0.0,0.0,1
60,0,2,55.8,15.0,0
60,0,0,73.14285714285714,7.0,0
60,0,1,75.28571428571429,7.0,0
60,0,2,54.2,10.0,1
120,0,2,0.0,0.0,1
60,0,2,66.42857142857143,7.0,0
60,0,2,82.42857142857143,7.0,0
60,0,2,46.57142857142857,7.0,1
60,0,1,49.0,7.0,0
120,0,0,54.66666666666666,6.0,1
60,0,0,84.1875,16.0,0
60,0,0,0.0,0.0,1
60,0,2,0.0,0.0,1
90,0,0,43.18181818181818,11.0,0
60,0,0,41.0,3.0,1
60,0,0,0.0,0.0,1
60,0,0,0.0,0.0,1
60,0,0,0.0,0.0,1
60,0,2,53.0,9.0,0
60,0,0,69.5,6.0,1
60,0,0,10.0,2.0,1
60,0,1,59.9375,16.0,0
60,0,0,55.8,5.0,1
60,0,2,56.0,1.0,1
120,0,0,70.71428571428571,7.0,1
60,0,0,0.0,0.0,1
60,0,2,36.0,1.0,1
60,0,2,0.0,0.0,1
60,0,2,88.42857142857143,7.0,0
60,0,0,87.85714285714286,7.0,0
60,0,1,61.0,1.0,1
60,0,0,0.0,0.0,1
60,0,0,34.0,1.0,1
60,0,0,67.0,1.0,1
60,0,2,0.0,0.0,1
60,0,1,67.33333333333333,3.0,1
60,0,0,0.0,0.0,1
60,0,0,60.0,1.0,0
90,0,0,0.0,0.0,1
90,0,0,94.6153846153846,13.0,1
60,0,0,89.85714285714286,7.0,0
60,0,0,0.0,0.0,1
60,0,0,79.57142857142857,7.0,0
60,0,0,40.57142857142857,7.0,1
60,0,0,90.25,4.0,1
120,0,0,0.0,0.0,1
90,0,4,91.4375,16.0,0
60,0,1,68.28571428571429,7.0,0
60,0,0,74.6,5.0,0
60,0,2,68.8,5.0,0
60,0,2,0.0,0.0,1
60,0,0,48.5,2.0,1
90,0,0,68.16666666666667,6.0,0
90,0,0,88.85714285714286,7.0,0
60,0,2,36.0,1.0,1
60,0,2,0.0,0.0,1
120,0,2,60.333333333333336,3.0,1
60,0,1,71.14285714285714,7.0,0
60,0,0,78.0,1.0,1
60,0,2,0.0,0.0,1
60,0,0,89.28571428571429,7.0,0
60,0,0,80.42857142857143,7.0,0
60,0,2,0.0,0.0,1
60,0,1,91.85714285714286,7.0,0
60,0,0,79.5,2.0,1
60,0,0,45.0,1.0,1
60,0,2,18.0,1.0,1
60,0,0,52.375,16.0,0
60,0,2,62.71428571428572,7.0,0
120,0,0,63.75,4.0,1
60,0,0,72.33333333333333,3.0,1
60,0,2,0.0,0.0,1
60,0,2,90.0,16.0,0
60,0,2,10.0,1.0,1
60,0,2,52.0,7.0,0
60,0,0,84.4,5.0,1
60,0,2,0.0,0.0,1
90,0,2,28.6,5.0,1
60,0,1,78.73333333333333,15.0,0
60,0,0,67.85714285714286,7.0,0
60,0,2,69.0,3.0,1
60,0,2,75.28571428571429,7.0,0
60,0,4,79.85714285714286,7.0,0
60,0,2,39.0,3.0,1
60,0,1,83.875,16.0,0
120,0,2,26.0,1.0,1
60,0,2,96.28571428571428,7.0,0
60,0,4,84.0,1.0,1
60,0,2,69.5,6.0,1
60,0,0,88.85714285714286,7.0,0
60,0,1,80.25,16.0,0
60,0,0,85.42857142857143,7.0,0
90,0,0,0.0,0.0,1
60,0,2,0.0,0.0,1
60,0,0,39.333333333333336,3.0,1
90,0,1,56.333333333333336,15.0,0
60,0,1,84.14285714285714,7.0,0
60,0,2,84.14285714285714,7.0,0
60,0,0,79.66666666666667,3.0,1
60,0,0,83.0,1.0,1
60,0,2,0.0,0.0,1
60,0,2,48.0,4.0,1
60,0,0,50.0,6.0,1
60,0,0,54.0,4.0,1
60,0,1,79.5,2.0,1
120,0,0,54.57142857142857,7.0,0
60,0,2,92.42857142857144,7.0,0
60,0,0,83.83333333333333,6.0,0
60,0,0,87.71428571428571,7.0,0
60,0,1,85.14285714285714,7.0,0
60,0,0,39.333333333333336,6.0,1
60,0,1,87.85714285714286,7.0,0
120,0,0,0.0,0.0,1
60,0,0,53.0,5.0,1
60,0,0,73.25,4.0,1
90,0,2,81.83333333333333,18.0,0
60,0,0,88.85714285714286,7.0,0
60,0,0,56.66666666666666,3.0,1
60,0,0,68.42857142857143,7.0,0
60,0,1,82.0,7.0,0
60,0,2,32.666666666666664,6.0,1
60,0,2,82.5,2.0,1
60,0,0,58.0,2.0,1
60,0,2,15.0,1.0,1
60,0,2,65.14285714285714,7.0,0
60,0,0,78.5,6.0,0
60,0,0,54.285714285714285,7.0,0
90,0,2,0.0,0.0,1
60,0,2,50.285714285714285,7.0,1
60,0,1,72.85714285714286,7.0,0
60,0,0,77.25,4.0,1
60,0,0,68.6,5.0,0
120,0,0,63.25,4.0,1
60,0,0,57.16666666666666,12.0,0
60,0,0,66.85714285714286,7.0,0
60,0,1,85.14285714285714,7.0,0
120,0,2,60.0,2.0,0
60,0,0,79.57142857142857,7.0,1
60,0,2,0.0,0.0,1
60,0,0,86.85714285714286,7.0,0
60,0,0,74.8,5.0,1
60,0,1,81.6,5.0,0
60,0,2,37.44444444444444,9.0,1
60,0,0,0.0,0.0,1
60,0,2,68.0,4.0,1
60,0,0,55.0,1.0,1
120,0,0,0.0,0.0,1
60,0,0,80.57142857142857,7.0,0
60,0,0,53.71428571428572,7.0,0
60,0,0,91.42857142857144,7.0,0
60,0,0,44.85714285714285,7.0,0
60,0,1,81.2,5.0,1
60,0,2,69.57142857142857,7.0,0
60,0,0,75.57142857142857,7.0,0
60,0,2,0.0,0.0,1
60,0,2,74.85714285714286,14.0,0
60,0,0,83.0,5.0,0
60,0,0,0.0,0.0,1
60,0,0,65.57142857142857,7.0,0
60,0,0,73.0,7.0,0
60,0,1,80.26666666666667,15.0,0
60,0,0,70.42857142857143,7.0,0
120,0,0,78.57142857142857,7.0,1
60,0,0,85.57142857142857,7.0,0
90,0,0,68.07142857142857,14.0,0
60,0,2,58.0,7.0,0
60,0,0,93.4,5.0,0
60,0,2,54.142857142857146,7.0,0
120,0,2,60.41666666666666,12.0,1
60,0,0,0.0,0.0,1
60,0,2,85.4,5.0,0
60,0,1,89.85714285714286,7.0,0
60,0,0,0.0,0.0,1
60,0,0,85.28571428571429,7.0,0
60,0,0,70.5,2.0,1
60,0,0,80.0,2.0,1
60,0,0,85.71428571428571,7.0,0
90,0,0,54.0,1.0,1
60,0,0,83.125,16.0,0
60,0,2,0.0,0.0,1
60,0,1,88.57142857142857,7.0,0
60,0,0,78.25,4.0,1
90,0,0,38.0,5.0,1
60,0,0,0.0,0.0,1
90,0,1,83.38095238095238,21.0,0
60,0,0,39.42857142857143,7.0,1
60,0,0,87.0,1.0,1
60,0,2,0.0,0.0,1
200,0,0,0.0,0.0,1
90,0,1,93.5,16.0,0
120,0,2,0.0,0.0,1
60,0,0,76.83333333333333,6.0,0
90,0,0,85.0,3.0,1
60,0,2,51.375,8.0,0
60,0,2,61.142857142857146,7.0,1
60,0,0,88.14285714285714,7.0,0
60,0,0,59.0,7.0,0
60,0,0,75.28571428571429,7.0,0
60,0,0,0.0,0.0,1
60,0,2,0.0,0.0,1
60,0,1,72.4,10.0,0
60,0,0,77.57142857142857,7.0,0
90,0,0,43.25,4.0,1
90,0,2,65.83333333333333,12.0,0
60,0,0,83.0,2.0,1
90,0,0,48.36842105263158,19.0,0
60,0,2,80.0,1.0,1
60,0,0,47.75,4.0,1
60,0,1,67.5,2.0,1
60,0,0,82.57142857142857,7.0,0
90,0,2,0.0,0.0,1
60,0,2,0.0,0.0,1
60,0,1,94.71428571428572,7.0,0
90,0,0,81.53333333333333,15.0,0
60,0,2,81.85714285714286,7.0,0
60,0,2,93.28571428571428,7.0,0
60,0,2,80.5,16.0,0
60,0,2,0.0,0.0,1
60,0,1,83.0,7.0,0
60,0,0,59.8,5.0,1
120,0,0,74.28571428571429,7.0,0
60,0,2,54.71428571428572,7.0,1
60,0,0,45.16666666666666,12.0,1
60,0,0,64.57142857142857,7.0,0
60,0,0,45.0,7.0,1
60,0,0,57.85714285714285,7.0,0
60,0,1,85.0,2.0,1
60,0,4,82.71428571428571,7.0,0
60,0,4,83.85714285714286,7.0,0
60,0,0,77.2,5.0,1
60,0,2,58.142857142857146,7.0,0
60,0,2,25.0,2.0,1
60,0,0,0.0,0.0,1
90,0,1,74.14285714285714,7.0,0
60,0,2,0.0,0.0,1
60,0,0,56.0,1.0,1
60,0,2,0.0,0.0,1
60,0,1,73.28571428571429,7.0,0
60,0,1,84.57142857142857,7.0,0
60,0,2,54.0,1.0,1
60,0,1,93.8125,16.0,0
60,0,1,60.25,4.0,1
60,0,0,57.0,5.0,1
60,0,1,96.125,16.0,0
60,0,1,54.66666666666666,3.0,1
60,0,2,76.0,1.0,1
60,0,2,65.0,5.0,1
60,0,0,69.4,5.0,1
60,0,0,82.28571428571429,7.0,0
60,0,0,95.85714285714286,7.0,0
150,0,2,67.0,1.0,1
60,0,0,72.57142857142857,7.0,0
60,0,0,52.36363636363637,11.0,1
60,0,2,38.5,6.0,1
60,0,2,58.0,1.0,1
120,0,0,100.0,1.0,1
60,0,0,29.5,2.0,1
90,0,0,62.5,2.0,1
60,0,2,53.0,1.0,1
60,0,0,59.85714285714285,7.0,1
60,0,0,91.42857142857144,7.0,0
60,0,0,28.0,1.0,1
60,0,0,71.14285714285714,7.0,0
60,0,1,78.42857142857143,7.0,0
60,0,0,58.333333333333336,3.0,1
120,0,2,42.0,1.0,1
60,0,1,88.28571428571429,7.0,0
90,0,0,39.16666666666666,6.0,1
60,0,2,0.0,0.0,1
60,0,2,66.33333333333333,3.0,1
60,0,2,0.0,0.0,1
60,0,4,94.1875,16.0,0
60,0,0,79.66666666666667,3.0,1
60,0,2,44.0,5.0,1
60,0,2,57.833333333333336,6.0,0
60,0,0,74.5,10.0,1
90,0,0,26.0,3.0,1
60,0,2,83.71428571428571,7.0,0
60,0,2,55.142857142857146,7.0,0
90,0,2,55.85714285714285,7.0,1
60,0,2,60.142857142857146,7.0,0
60,0,0,0.0,0.0,1
60,0,0,72.0,1.0,1
60,0,0,77.42857142857143,7.0,0
60,0,0,84.9090909090909,11.0,1
60,0,0,63.85714285714285,7.0,0
60,0,0,74.42857142857143,7.0,0
60,0,2,0.0,0.0,1
60,0,0,87.8,5.0,0
60,0,2,84.85714285714286,7.0,0
60,0,4,96.375,16.0,0
60,0,0,68.63636363636364,11.0,0
90,0,0,65.42857142857143,7.0,0
90,0,1,69.0,1.0,1
60,0,0,0.0,0.0,1
60,0,2,82.0,7.0,0
60,0,0,56.333333333333336,6.0,0
60,0,2,65.66666666666667,3.0,1
60,0,1,0.0,0.0,1
60,0,1,0.0,0.0,1
60,0,0,83.4375,16.0,0
60,0,2,85.0,2.0,1
60,0,0,90.0,7.0,0
60,0,2,59.4,5.0,1
60,0,2,64.11111111111111,9.0,0
60,0,0,70.125,8.0,1
60,0,0,84.16666666666667,6.0,0
60,0,0,60.8125,16.0,0
120,0,0,94.57142857142856,7.0,0
120,0,1,87.0,9.0,1
60,0,0,64.125,16.0,0
60,0,1,89.85714285714286,7.0,0
60,0,0,87.5,2.0,1
60,0,0,84.42857142857143,7.0,0
60,0,0,73.14285714285714,7.0,0
60,0,1,73.14285714285714,7.0,0
90,0,1,56.75,16.0,1
150,1,1,0.0,0.0,1
60,1,1,51.71428571428572,7.0,0
60,0,1,88.14285714285714,7.0,0
60,0,0,62.0,2.0,1
120,1,0,0.0,0.0,1
60,0,0,92.6875,16.0,0
60,1,3,60.0,5.0,1
120,0,0,76.28571428571429,7.0,0
90,0,2,0.0,0.0,1
60,0,1,78.13333333333334,15.0,0
60,0,1,78.0,1.0,1
60,0,2,76.4,5.0,0
60,0,0,77.08333333333333,12.0,0
150,2,0,76.63636363636364,11.0,1
60,0,1,75.07692307692308,13.0,1
120,1,1,92.75,12.0,0
90,0,2,84.33333333333333,9.0,0
120,0,0,0.0,0.0,1
60,0,0,85.9,10.0,1
60,1,2,61.333333333333336,3.0,1
60,0,2,85.0,3.0,1
60,0,0,66.0,3.0,1
90,0,0,65.8125,16.0,0
60,0,2,52.0,7.0,0
240,1,0,64.33333333333333,6.0,0
120,0,2,80.42857142857143,7.0,0
60,0,1,81.0,1.0,1
60,0,2,73.11111111111111,9.0,1
60,1,0,63.9,10.0,1
120,0,1,27.0,2.0,0
60,1,2,39.18181818181818,11.0,1
150,2,0,56.0,4.0,1
60,0,2,85.4375,16.0,0
120,1,2,0.0,0.0,1
60,0,0,79.88888888888889,9.0,0
210,0,2,41.0,5.0,1
60,0,0,83.57142857142857,7.0,0
60,0,0,93.14285714285714,7.0,0
60,1,0,77.16666666666667,12.0,0
120,0,0,79.85714285714286,7.0,1
60,0,1,72.75,4.0,1
60,1,2,0.0,0.0,1
120,1,2,37.75,4.0,1
60,1,0,80.5,4.0,1
120,1,2,61.0,2.0,1
120,2,1,41.0,2.0,1
130,0,2,68.28571428571429,7.0,0
60,0,2,58.66666666666666,3.0,1
60,0,2,90.42857142857144,7.0,0
90,0,1,89.42857142857143,7.0,0
70,1,1,53.0,2.0,1
90,1,2,30.0,1.0,1
60,0,2,0.0,0.0,1
60,0,0,64.0,3.0,1
60,0,0,95.21428571428572,14.0,0
60,0,2,53.0,1.0,1
75,0,0,80.0,2.0,1
60,0,0,83.0,7.0,0
170,2,0,81.25,8.0,1
60,0,2,78.0,7.0,0
60,0,0,54.8,5.0,1
60,0,0,75.6,5.0,1
60,0,0,79.16666666666667,6.0,0
60,0,2,56.0,2.0,1
150,2,1,0.0,0.0,1
150,1,1,49.0,1.0,1
60,0,1,67.42857142857143,7.0,0
60,0,2,50.85714285714285,7.0,0
60,0,1,91.63636363636364,11.0,1
120,1,0,87.57142857142857,7.0,0
150,1,0,68.57142857142857,7.0,0
120,0,0,64.85714285714286,7.0,0
180,1,2,0.0,0.0,1
60,0,0,48.4,5.0,1
120,0,2,0.0,0.0,1
90,0,2,0.0,0.0,1
180,2,1,22.0,3.0,1
60,0,2,0.0,0.0,1
90,0,0,76.75,16.0,0
120,1,2,58.333333333333336,3.0,1
180,1,0,67.0,1.0,1
100,1,0,49.142857142857146,7.0,0
90,0,1,94.85714285714286,7.0,0
60,0,2,54.333333333333336,6.0,0
120,1,0,76.57142857142857,7.0,0
90,1,2,89.0,7.0,0
60,0,0,53.5,2.0,1
90,2,0,0.0,1.0,1
60,0,2,95.0,7.0,0
60,0,0,71.16666666666667,6.0,0
60,0,2,38.142857142857146,7.0,0
120,1,2,75.11111111111111,9.0,0
70,0,1,86.57142857142857,7.0,0
60,0,1,0.0,0.0,1
120,0,1,78.57142857142857,7.0,0
120,2,2,0.0,0.0,1
120,0,2,0.0,0.0,1
120,1,1,0.0,0.0,1
60,0,0,80.85714285714286,7.0,0
130,2,0,68.66666666666667,9.0,1
60,0,2,62.57142857142857,7.0,0
60,0,0,0.0,0.0,1
60,1,2,80.33333333333333,3.0,1
60,0,0,0.0,0.0,1
120,2,0,82.3,10.0,1
60,0,1,86.0,1.0,1
60,1,1,68.0,3.0,1
60,0,0,0.0,0.0,1
60,0,2,39.0,2.0,1
60,0,1,67.0,1.0,1
60,0,2,89.0,7.0,0
60,0,2,82.85714285714286,7.0,0
60,2,0,0.0,0.0,1
120,1,2,75.5,4.0,1
120,1,2,78.71428571428571,7.0,1
90,0,2,0.0,0.0,1
60,2,0,55.42857142857143,7.0,1
60,0,1,52.0,6.0,1
60,0,2,79.0909090909091,11.0,1
120,0,4,0.0,0.0,1
60,0,0,86.28571428571429,7.0,0
90,0,0,71.33333333333333,15.0,0
60,0,2,0.0,0.0,1
150,1,2,59.0,5.0,0
60,0,4,89.71428571428571,7.0,0
60,0,0,0.0,0.0,1
60,0,0,51.66666666666666,3.0,1
90,0,0,0.0,0.0,1
60,0,2,68.75,4.0,1
90,0,2,86.75,4.0,1
120,0,0,90.0,7.0,0
60,0,1,0.0,0.0,1
60,0,2,56.5,2.0,1
60,0,2,0.0,0.0,1
60,0,0,79.28571428571429,7.0,0
120,1,2,57.0,8.0,1
120,2,2,85.66666666666667,6.0,0
70,1,0,75.66666666666667,6.0,0
60,0,0,78.85714285714286,7.0,0
60,0,1,74.71428571428571,7.0,0
60,0,0,86.25,12.0,1
60,0,2,48.57142857142857,7.0,0
60,0,1,68.14285714285714,7.0,0
120,0,0,71.0,7.0,0
300,1,0,0.0,0.0,1
70,0,1,56.833333333333336,6.0,0
120,2,2,65.28571428571429,7.0,0
120,1,0,57.0,1.0,1
60,2,2,47.57142857142857,7.0,0
60,0,0,71.42857142857143,7.0,0
60,1,2,65.66666666666667,3.0,1
90,1,2,55.2,5.0,1
70,0,2,73.0,7.0,0
120,1,2,54.0,5.0,0
60,0,1,70.42857142857143,7.0,0
210,3,2,37.0,4.0,1
60,0,0,58.142857142857146,7.0,1
60,1,2,0.0,0.0,1
60,1,1,87.0,7.0,1
150,2,1,55.0,2.0,1
60,1,2,50.625,8.0,1
90,2,1,59.0,3.0,1
60,3,0,76.14285714285714,7.0,1
60,2,2,63.71428571428572,7.0,0
60,1,2,54.5,4.0,1
60,1,0,84.42857142857143,7.0,1
120,1,2,70.6,5.0,1
120,0,0,77.4,5.0,1
60,0,2,65.0,3.0,1
180,1,2,55.0,1.0,1
60,0,0,85.42857142857143,7.0,0
60,0,1,61.71428571428572,7.0,0
120,0,2,0.0,0.0,1
60,0,0,49.71428571428572,7.0,1
60,2,2,86.55555555555556,9.0,1
60,1,1,71.88888888888889,9.0,0
110,1,0,56.285714285714285,7.0,0
60,1,2,75.14285714285714,7.0,1
60,1,2,78.33333333333333,3.0,1
60,0,2,76.42857142857143,7.0,0
90,0,2,0.0,0.0,1
60,0,2,60.0,7.0,0
60,0,1,45.0,7.0,1
120,0,0,25.0,2.0,1
180,1,0,0.0,0.0,1
60,0,2,66.42857142857143,7.0,1
150,1,2,69.2,10.0,0
90,2,2,75.9375,16.0,0
60,0,0,83.0,7.0,0
60,1,2,61.66666666666666,3.0,1
60,0,1,86.14285714285714,7.0,0
60,0,0,66.42857142857143,7.0,0
90,0,2,76.33333333333333,3.0,1
60,0,0,51.833333333333336,6.0,1
70,0,2,0.0,0.0,1
60,1,2,67.14285714285714,7.0,1
120,0,1,0.0,0.0,1
60,0,0,55.0,1.0,1
60,0,1,75.42857142857143,7.0,0
90,1,1,0.0,0.0,1
270,0,0,0.0,0.0,1
60,1,0,65.14285714285714,7.0,1
60,0,2,74.57142857142857,7.0,0
60,0,2,77.42857142857143,7.0,0
120,0,1,83.57142857142857,7.0,0
60,1,0,0.0,0.0,1
60,2,2,76.875,8.0,0
60,2,0,59.75,4.0,1
120,1,2,85.8,5.0,1
60,0,1,88.5,6.0,0
60,1,2,61.85714285714285,7.0,1
120,0,0,0.0,0.0,1
60,1,0,75.0,2.0,1
120,0,1,69.25,4.0,1
60,0,0,96.0,7.0,0
120,0,0,60.57142857142857,7.0,1
60,0,0,87.14285714285714,7.0,0
60,0,0,69.6842105263158,19.0,1
120,0,0,67.75,4.0,1
60,0,0,79.57142857142857,7.0,0
90,0,0,62.0,7.0,0
60,0,0,47.142857142857146,7.0,1
60,0,0,55.0,1.0,1
90,2,0,65.14285714285714,7.0,0
60,1,1,58.16666666666666,6.0,0
60,1,0,73.57142857142857,7.0,1
60,0,2,0.0,0.0,1
120,0,1,59.333333333333336,3.0,1
120,0,2,86.0,3.0,1
60,0,0,66.85714285714286,7.0,0
60,0,0,69.71428571428571,7.0,1
60,1,2,85.28571428571429,7.0,0
90,0,0,65.57142857142857,7.0,0
90,1,0,75.54545454545455,11.0,0
120,0,0,70.5,6.0,0
90,0,0,53.285714285714285,7.0,1
60,0,2,66.66666666666667,3.0,1
60,0,2,66.6,5.0,1
120,1,2,60.0,2.0,1
90,0,2,47.0,7.0,1
90,0,0,46.0,3.0,1
120,1,0,51.0,4.0,1
60,3,1,85.36363636363636,11.0,0
60,2,4,89.9375,16.0,0
180,1,0,75.0,2.0,1
60,0,1,83.33333333333333,3.0,1
60,0,2,93.28571428571428,7.0,0
60,1,2,90.0,2.0,1
120,0,1,82.14285714285714,7.0,0
60,3,4,79.85714285714286,7.0,0
60,0,2,46.8,5.0,1
120,0,1,67.0,7.0,0
90,0,0,75.75,4.0,1
120,1,2,65.0,4.0,1
60,0,2,59.25,4.0,1
120,0,2,86.57142857142857,7.0,0
60,1,1,83.71428571428571,7.0,0
150,1,1,73.8,10.0,0
60,0,2,0.0,0.0,1
60,1,1,46.833333333333336,6.0,1
60,0,2,73.57142857142857,7.0,0
120,0,2,77.71428571428571,7.0,0
100,0,1,93.42857142857144,7.0,0
120,0,0,0.0,0.0,1
100,1,1,0.0,0.0,1
80,0,1,88.28571428571429,7.0,0
60,3,0,45.285714285714285,7.0,1
60,1,1,58.71428571428572,7.0,0
60,0,2,73.33333333333333,3.0,1
60,0,0,61.57142857142857,7.0,0
90,0,2,65.66666666666667,6.0,0
120,1,0,42.16666666666666,6.0,1
60,0,1,76.57142857142857,7.0,0
60,0,0,80.42857142857143,7.0,0
60,1,0,73.71428571428571,7.0,0
120,2,0,50.0,6.0,1
70,3,0,0.0,0.0,1
90,1,2,72.66666666666667,3.0,1
60,1,0,78.14285714285714,7.0,0
60,0,1,94.0,6.0,1
60,0,0,59.42857142857143,7.0,0
120,0,0,68.28571428571429,7.0,0
120,0,1,93.5625,16.0,0
90,1,2,68.33333333333333,3.0,1
60,0,2,85.71428571428571,7.0,0
60,0,1,61.66666666666666,3.0,1
60,0,2,63.285714285714285,7.0,0
60,0,2,0.0,0.0,1
60,0,2,67.5,2.0,1
60,4,2,72.57142857142857,7.0,0
60,0,0,0.0,0.0,1
120,0,0,80.0,3.0,1
60,0,0,66.42857142857143,7.0,0
120,2,2,79.33333333333333,3.0,1
120,2,0,90.0,3.0,1
120,0,2,0.0,0.0,1
180,0,2,79.14285714285714,7.0,0
60,0,0,84.85714285714286,7.0,0
120,1,0,71.28571428571429,7.0,1
60,0,0,69.33333333333333,3.0,1
60,3,0,0.0,0.0,1
60,0,2,81.0,7.0,0
120,0,2,0.0,0.0,1
120,1,2,0.0,0.0,1
100,0,0,80.75,4.0,1
180,3,1,0.0,0.0,1
120,0,2,67.5,2.0,1
60,0,1,86.42857142857143,7.0,0
60,0,1,87.33333333333333,6.0,0
60,0,0,0.0,0.0,1
120,0,0,62.42857142857143,7.0,1
60,0,1,76.71428571428571,7.0,0
120,0,2,0.0,0.0,1
60,1,2,75.0,7.0,0
120,0,0,83.75,8.0,1
120,0,0,69.42857142857143,7.0,0
120,0,2,0.0,0.0,1
60,1,0,0.0,0.0,1
60,1,0,82.42857142857143,7.0,0
90,0,1,87.0,7.0,0
60,0,1,86.85714285714286,7.0,0
60,2,2,57.72727272727273,11.0,0
60,1,0,77.5,2.0,1
60,0,0,80.14285714285714,7.0,0
60,0,2,31.666666666666668,6.0,1
120,4,0,29.0,2.0,1
60,0,0,75.57142857142857,7.0,0
60,0,2,85.57142857142857,7.0,0
120,0,2,69.75,16.0,1
60,0,0,75.85714285714286,7.0,1
60,1,2,34.30769230769231,13.0,1
60,1,0,83.42857142857143,7.0,0
120,0,4,0.0,0.0,1
60,0,0,75.71428571428571,7.0,0
60,0,0,70.57142857142857,7.0,0
150,0,2,0.0,0.0,1
60,0,0,57.5,6.0,1
60,1,0,67.0,7.0,0
120,0,0,0.0,0.0,1
60,0,1,62.66666666666666,3.0,1
120,0,2,50.0,1.0,1
90,0,0,56.142857142857146,7.0,1
120,0,3,87.5,2.0,1
60,1,2,0.0,0.0,1
150,1,0,0.0,0.0,1
60,0,0,72.0,5.0,1
60,1,0,52.66666666666666,9.0,0
60,0,0,69.57142857142857,7.0,0
60,0,2,71.0,3.0,1
60,1,1,79.375,8.0,0
60,0,0,62.66666666666666,3.0,1
60,0,0,77.6,5.0,0
60,0,0,79.71428571428571,7.0,0
60,1,0,57.142857142857146,7.0,1
60,0,2,80.14285714285714,7.0,0
60,0,2,0.0,0.0,1
120,1,0,72.28571428571429,7.0,1
60,1,2,0.0,0.0,1
60,0,0,59.0,5.0,1
60,0,2,47.5,2.0,1
120,0,2,85.57142857142857,7.0,0
60,1,1,74.5,4.0,1
60,0,1,40.5,6.0,1
120,0,2,100.0,1.0,1
90,1,2,60.285714285714285,7.0,1
60,0,2,69.71428571428571,7.0,0
60,1,1,81.54545454545455,11.0,0
60,2,2,10.0,1.0,1
60,1,0,83.6,5.0,1
120,0,0,54.85714285714285,7.0,0
60,1,2,57.0,3.0,1
60,1,2,69.9,10.0,0
90,0,1,59.833333333333336,6.0,1
120,3,3,0.0,0.0,1
60,1,4,74.5,12.0,0
120,0,2,62.142857142857146,7.0,0
120,0,0,0.0,0.0,1
150,2,2,76.0,5.0,1
60,0,0,74.71428571428571,7.0,0
60,0,0,43.333333333333336,6.0,1
60,1,2,0.0,0.0,1
60,0,0,79.75,4.0,1
60,0,0,63.0,7.0,0
120,0,2,47.85714285714285,7.0,1
60,1,1,0.0,0.0,1
60,1,1,55.875,8.0,1
60,1,0,69.42857142857143,7.0,0
60,0,2,60.0,1.0,1
60,0,1,0.0,0.0,1
60,0,0,63.285714285714285,7.0,0
120,1,1,39.6,10.0,1
190,0,2,80.0,1.0,1
120,1,0,74.75,4.0,1
100,0,0,0.0,0.0,1
60,1,0,55.8,5.0,1
90,0,0,71.14285714285714,7.0,0
90,1,0,89.9,10.0,0
120,0,0,54.625,16.0,1
60,0,1,72.57142857142857,7.0,0
90,0,1,58.6,10.0,1
60,0,0,60.42857142857143,7.0,1
60,0,0,69.0,7.0,0
120,1,2,90.0,2.0,1
120,0,2,0.0,0.0,1
60,0,2,0.0,0.0,1
120,0,0,72.14285714285714,7.0,0
90,0,0,88.57142857142857,7.0,0
120,0,1,84.75,4.0,1
120,0,0,64.0,7.0,0
120,2,0,0.0,0.0,1
60,0,1,89.28571428571429,7.0,0
60,1,0,67.71428571428571,7.0,0
60,1,0,0.0,0.0,1
90,0,1,84.75,16.0,0
60,0,2,0.0,0.0,1
60,0,0,59.57142857142857,7.0,0
60,1,1,0.0,0.0,1
60,0,2,67.28571428571429,7.0,1
60,1,0,53.142857142857146,7.0,0
60,1,0,86.66666666666667,3.0,1
120,1,2,0.0,0.0,1
60,2,0,34.44444444444444,9.0,1
60,0,0,69.0,7.0,1
120,1,0,94.5,10.0,0
120,1,2,68.33333333333333,3.0,1
60,0,2,0.0,0.0,1
60,1,0,52.0,7.0,0
85,0,0,86.57142857142857,7.0,0
70,0,2,0.0,0.0,1
60,0,0,77.28571428571429,7.0,0
150,0,1,0.0,0.0,1
60,0,0,62.42857142857143,7.0,0
60,0,0,68.8,5.0,1
120,0,2,0.0,0.0,1
60,0,0,74.0,5.0,1
60,0,0,80.57142857142857,7.0,0
60,0,1,71.0,7.0,0
60,0,2,81.0,7.0,0
60,0,2,0.0,0.0,1
90,0,0,0.0,0.0,1
120,0,0,77.28571428571429,7.0,0
60,0,1,75.25,4.0,1
120,0,2,87.85714285714286,7.0,0
60,0,2,65.75,4.0,1
60,0,2,64.42857142857143,7.0,0
90,1,0,67.14285714285714,7.0,0
60,0,0,0.0,0.0,1
120,0,0,0.0,0.0,1
60,0,1,84.33333333333333,3.0,1
120,0,0,61.0,7.0,0
60,0,0,92.42857142857144,7.0,0
120,0,0,76.14285714285714,7.0,0
370,2,1,0.0,0.0,1
120,0,0,59.85714285714285,7.0,0
90,0,0,85.375,16.0,0
60,1,1,66.77777777777777,9.0,0
60,0,2,80.0,7.0,0
60,0,2,81.54545454545455,11.0,0
60,1,2,65.9,10.0,0
60,0,0,80.0,7.0,0
90,0,2,77.625,16.0,0
60,3,0,34.5,6.0,1
210,0,2,0.0,0.0,1
60,0,0,75.71428571428571,7.0,0
150,3,1,69.5,4.0,1
60,0,2,81.14285714285714,7.0,0
60,0,2,86.71428571428571,7.0,0
60,0,0,50.85714285714285,7.0,1
60,0,0,83.0,7.0,0
90,1,2,0.0,0.0,1
150,0,2,44.7,10.0,0
60,2,0,73.5,2.0,1
60,0,1,45.0,1.0,1
60,0,2,75.83333333333333,6.0,0
150,0,2,74.85714285714286,7.0,0
150,0,0,0.0,0.0,1
60,2,1,89.07692307692308,13.0,1
120,1,0,77.71428571428571,7.0,0
60,0,0,55.0,1.0,1
60,2,2,80.4,5.0,1
60,1,2,37.0,2.0,1
120,0,2,44.5,4.0,1
60,0,2,85.85714285714286,7.0,0
60,0,2,59.57142857142857,7.0,1
180,0,0,72.72727272727273,11.0,1
60,0,2,74.57142857142857,7.0,0
60,2,0,58.66666666666666,6.0,1
240,0,2,70.0,2.0,1
120,1,0,86.75,4.0,1
60,0,1,70.57142857142857,7.0,0
60,1,0,92.77777777777776,9.0,0
60,0,2,62.71428571428572,7.0,0
60,0,0,83.71428571428571,7.0,0
60,0,0,83.0,7.0,0
240,0,2,0.0,0.0,1
180,1,0,59.333333333333336,3.0,1
120,1,0,0.0,0.0,1
60,0,0,86.0,6.0,0
120,0,2,49.333333333333336,6.0,0
180,0,0,0.0,0.0,1
60,1,0,0.0,0.0,1
60,0,2,75.14285714285714,7.0,0
60,1,2,0.0,0.0,1
60,1,1,66.8,10.0,0
60,0,0,47.833333333333336,6.0,1
60,1,2,77.57142857142857,7.0,1
120,0,4,95.71428571428572,7.0,0
60,0,0,86.85714285714286,7.0,0
90,2,2,0.0,0.0,1
120,0,2,0.0,0.0,1
60,0,2,64.71428571428571,7.0,0
60,0,2,85.0,7.0,0
60,1,2,54.25,8.0,1
60,1,2,83.42857142857143,7.0,1
60,0,0,67.5,2.0,1
120,0,0,0.0,0.0,1
60,1,0,56.0,10.0,1
60,0,2,83.85714285714286,7.0,0
60,0,2,74.14285714285714,7.0,0
60,2,1,0.0,0.0,1
60,0,2,79.83333333333333,6.0,0
60,0,2,62.5,4.0,1
60,1,0,57.6,5.0,1
60,0,2,0.0,0.0,1
60,0,2,84.71428571428571,7.0,0
120,0,0,40.0,1.0,1
60,0,0,0.0,0.0,1
90,1,1,83.5,4.0,1
120,1,2,0.0,0.0,1
60,2,0,65.14285714285714,7.0,1
60,0,2,67.5,6.0,0
60,1,1,67.66666666666667,3.0,1
120,1,0,62.0,2.0,1
60,2,0,50.285714285714285,7.0,1
60,0,0,79.5,6.0,0
60,1,2,60.0,2.0,1
60,0,0,69.57142857142857,7.0,0
60,0,0,67.5,4.0,1
120,0,0,0.0,0.0,1
60,1,2,0.0,0.0,1
60,2,2,59.5,8.0,1
60,0,1,0.0,0.0,1
60,2,1,54.16666666666666,6.0,1
60,0,0,37.285714285714285,7.0,1
60,0,0,77.42857142857143,7.0,0
60,1,2,0.0,0.0,1
60,0,2,65.0,7.0,1
120,0,0,0.0,0.0,1
60,0,0,72.85714285714286,7.0,0
60,0,0,86.57142857142857,7.0,0
90,1,2,0.0,0.0,1
60,0,0,81.71428571428571,7.0,0
60,0,1,52.71428571428572,7.0,1
60,0,2,69.0,7.0,0
60,1,2,75.0,5.0,1
120,2,2,48.25,4.0,1
60,1,1,90.28571428571428,7.0,0
120,1,2,71.0,3.0,1
60,0,0,58.285714285714285,7.0,1
90,0,0,60.42857142857143,7.0,1
60,0,0,80.0,1.0,1
75,0,0,59.4,5.0,1
60,0,1,68.71428571428571,7.0,0
120,0,0,73.66666666666667,3.0,1
60,0,0,57.0,4.0,1
60,2,2,51.3,10.0,0
120,0,0,68.3125,16.0,0
90,0,0,57.0,2.0,1
60,1,2,70.0,1.0,1
120,0,2,80.28571428571429,7.0,0
60,0,2,86.42857142857143,7.0,0
60,0,2,64.28571428571429,7.0,0
90,2,0,82.0,6.0,0
90,2,2,45.0,1.0,1
60,0,1,71.2,5.0,1
120,0,2,60.5,2.0,1
60,0,1,80.0,2.0,1
90,1,2,65.5,4.0,1
60,1,2,65.0,1.0,1
150,0,0,0.0,0.0,1
120,0,0,0.0,0.0,1
60,0,2,55.71428571428572,7.0,1
60,0,0,76.14285714285714,7.0,0
60,0,0,0.0,0.0,1
60,1,2,41.44444444444444,9.0,1
60,1,2,71.0,1.0,1
60,0,0,67.42857142857143,7.0,0
120,0,1,44.0,1.0,1
150,0,2,60.0,1.0,1
60,0,2,72.85714285714286,7.0,0
60,0,0,60.71428571428572,7.0,1
240,0,2,0.0,0.0,1
120,0,0,54.85714285714285,7.0,1
120,1,2,75.0,5.0,1
180,0,2,51.66666666666666,3.0,1
60,2,2,72.5,4.0,1
120,0,2,0.0,0.0,1
60,0,0,65.14285714285714,7.0,1
60,1,2,42.375,8.0,1
60,0,2,56.66666666666666,3.0,1
120,0,1,0.0,0.0,1
120,1,1,55.42857142857143,7.0,1
60,1,0,0.0,0.0,1
60,1,2,0.0,0.0,1
60,1,0,41.0,2.0,1
60,0,2,85.1875,16.0,1
60,2,0,57.0625,16.0,1
60,0,2,47.0,7.0,1
60,1,2,61.85714285714285,7.0,1
120,0,2,70.71428571428571,7.0,1
60,0,0,82.5,2.0,1
220,0,2,37.5,2.0,1
120,1,2,55.63636363636363,11.0,1
120,0,2,92.5,16.0,0
60,0,0,69.71428571428571,7.0,0
150,0,0,0.0,0.0,1
120,0,2,0.0,0.0,1
120,0,0,0.0,0.0,1
60,0,0,65.0,7.0,1
60,0,1,64.85714285714286,7.0,0
90,1,0,64.57142857142857,7.0,1
90,1,0,64.2,5.0,1
90,0,0,93.9375,16.0,0
90,1,0,0.0,0.0,1
60,1,2,47.27272727272727,11.0,1
60,0,2,92.0,7.0,0
120,1,2,0.0,0.0,1
120,1,0,63.2,15.0,0
60,0,1,80.14285714285714,7.0,0
60,1,0,47.91666666666666,12.0,1
60,0,2,69.57142857142857,7.0,0
60,0,0,46.0,7.0,1
60,0,2,88.85714285714286,7.0,0
120,0,2,0.0,0.0,1
60,0,0,66.14285714285714,7.0,0
120,1,0,59.4,10.0,1
60,0,2,76.71428571428571,7.0,0
60,1,0,24.2,5.0,1
210,0,2,55.0,1.0,1
60,0,2,72.5,2.0,1
120,0,0,0.0,0.0,1
60,0,2,74.42857142857143,7.0,0
60,0,0,40.0,7.0,1
60,0,2,70.0,1.0,1
60,0,1,91.42857142857144,7.0,0
60,1,2,70.0,5.0,1
60,1,0,49.8,5.0,1
120,1,2,45.0,2.0,1
60,0,0,44.285714285714285,7.0,1
90,0,1,54.0,7.0,0
60,0,0,81.42857142857143,7.0,0
60,1,2,60.0,9.0,1
60,0,2,82.85714285714286,7.0,0
120,1,0,58.833333333333336,6.0,1
60,1,1,84.25,4.0,1
205,0,1,0.0,0.0,1
120,0,2,0.0,0.0,1
60,1,0,0.0,0.0,1
90,0,0,62.5,2.0,1
60,1,0,85.71428571428571,7.0,0
90,0,0,89.16666666666667,6.0,1
60,0,0,71.0,7.0,0
60,0,2,72.5,6.0,1
120,0,0,74.33333333333333,3.0,1
60,0,1,85.14285714285714,7.0,0
90,0,0,85.57142857142857,7.0,0
60,0,0,89.14285714285714,7.0,0
90,0,2,40.0,1.0,1
60,1,1,73.71428571428571,7.0,0
90,0,0,79.71428571428571,7.0,0
60,0,0,79.57142857142857,7.0,0
60,0,0,81.0,7.0,0
60,1,2,81.85714285714286,7.0,1
60,1,0,77.5,2.0,1
60,0,0,85.85714285714286,7.0,0
60,1,0,0.0,0.0,1
60,1,0,78.0,7.0,0
60,1,0,75.57142857142857,7.0,0
120,0,2,0.0,0.0,1
60,2,2,32.5,2.0,1
150,0,0,49.85714285714285,7.0,0
60,0,0,56.142857142857146,7.0,0
60,0,0,57.5,2.0,1
60,1,0,43.07692307692308,13.0,1
60,0,2,65.85714285714286,7.0,1
60,1,0,76.28571428571429,7.0,1
60,0,2,69.18181818181819,11.0,0
60,0,2,74.28571428571429,7.0,0
60,0,0,67.0,5.0,0
120,0,2,55.285714285714285,7.0,1
60,0,0,52.285714285714285,7.0,1
60,0,2,58.6,5.0,1
60,1,2,76.0,4.0,1
120,0,0,73.6875,16.0,0
60,0,0,68.85714285714286,7.0,0
120,0,0,60.0,2.0,1
70,0,0,0.0,0.0,1
120,1,1,0.0,0.0,1
60,0,2,81.57142857142857,7.0,0
90,0,2,49.72727272727273,11.0,1
60,0,0,0.0,0.0,1
60,1,1,58.57142857142857,7.0,0
60,1,0,0.0,0.0,1
60,1,2,80.71428571428571,7.0,0
60,0,1,75.71428571428571,7.0,0
120,0,2,70.14285714285714,7.0,0
60,1,0,91.0,12.0,0
120,0,2,0.0,0.0,1
60,0,2,65.28571428571429,7.0,0
60,1,0,70.0,7.0,0
90,0,1,63.76923076923077,13.0,0
90,1,0,62.9,10.0,0
120,1,2,55.15384615384615,13.0,0
60,0,0,81.0,7.0,0
120,0,1,0.0,0.0,1
60,0,2,83.28571428571429,7.0,0
120,2,2,80.0,1.0,1
60,0,0,63.85714285714285,7.0,0
60,1,2,58.44444444444444,9.0,1
60,0,2,88.57142857142857,7.0,0
60,0,0,86.28571428571429,7.0,0
60,0,0,65.85714285714286,7.0,0
60,0,2,69.85714285714286,7.0,0
60,0,2,64.16666666666667,6.0,1
60,0,0,81.0,7.0,0
60,1,4,73.0,5.0,1
60,0,0,80.42857142857143,7.0,0
60,1,0,55.0,4.0,1
60,0,0,0.0,0.0,1
60,0,0,88.85714285714286,7.0,0
60,0,1,78.57142857142857,7.0,0
120,0,2,70.85714285714286,7.0,0
60,0,1,70.0,1.0,1
120,1,2,0.0,0.0,1
60,0,0,73.33333333333333,3.0,1
60,0,2,0.0,0.0,1
120,0,2,42.66666666666666,3.0,1
90,2,0,56.75,8.0,1
150,1,0,65.0,5.0,1
90,1,0,86.57142857142857,7.0,0
120,0,2,84.42857142857143,7.0,0
60,0,0,74.16666666666667,6.0,0
60,0,1,87.0,7.0,0
150,0,2,70.57142857142857,7.0,0
60,0,0,76.57142857142857,7.0,0
60,0,0,88.85714285714286,7.0,0
60,0,0,88.42857142857143,7.0,0
60,1,2,89.55555555555556,9.0,1
60,0,0,63.71428571428572,7.0,0
60,0,2,74.14285714285714,7.0,0
60,0,0,34.333333333333336,6.0,1
120,0,0,67.28571428571429,7.0,0
60,1,0,66.75,8.0,0
120,0,0,75.66666666666667,12.0,1
60,0,1,73.0,6.0,0
60,0,0,74.42857142857143,7.0,0
90,1,0,72.71428571428571,7.0,0
120,2,0,42.625,8.0,0
60,0,0,67.71428571428571,7.0,0
90,1,0,50.0,2.0,1
60,0,2,0.0,0.0,1
180,0,2,53.5,2.0,1
120,0,2,78.16666666666667,6.0,0
120,0,1,77.0,7.0,0
60,0,0,78.85714285714286,7.0,0
180,0,2,0.0,0.0,1
120,1,0,0.0,0.0,1
60,0,0,81.28571428571429,7.0,0
60,0,2,51.71428571428572,7.0,0
120,0,0,60.0,2.0,1
60,0,0,85.42857142857143,7.0,0
60,0,1,84.66666666666667,6.0,1
70,0,2,91.57142857142856,7.0,0
60,0,0,78.42857142857143,7.0,0
60,0,0,62.42857142857143,7.0,1
60,0,0,0.0,0.0,1
60,0,0,50.0,1.0,1
90,1,1,67.375,8.0,0
60,1,2,52.5,12.0,0
60,0,0,79.57142857142857,7.0,0
60,2,0,67.5,2.0,1
60,0,0,84.28571428571429,7.0,0
90,0,0,67.14285714285714,7.0,0
180,0,0,0.0,0.0,1
60,0,0,63.142857142857146,7.0,0
60,0,2,65.57142857142857,7.0,1
60,1,2,80.85714285714286,7.0,0
60,0,0,73.28571428571429,7.0,0
60,0,1,47.66666666666666,3.0,1
210,1,0,55.642857142857146,14.0,0
60,0,2,81.42857142857143,7.0,0
60,0,0,76.57142857142857,7.0,0
60,0,2,44.42857142857143,7.0,0
60,0,0,83.0,7.0,0
60,0,2,89.14285714285714,7.0,0
270,1,1,34.666666666666664,6.0,1
60,0,2,51.0,7.0,1
60,0,1,93.42857142857144,7.0,0
60,0,0,79.14285714285714,7.0,0
180,0,1,85.85714285714286,7.0,0
60,1,0,49.333333333333336,9.0,1
60,0,2,63.0,7.0,1
60,0,1,57.0,4.0,1
60,0,0,61.71428571428572,7.0,0
60,0,0,49.8,5.0,1
60,0,1,91.14285714285714,7.0,0
60,0,1,66.85714285714286,7.0,0
60,0,0,58.333333333333336,3.0,1
120,2,2,85.54545454545455,11.0,1
60,0,2,66.0,7.0,0
60,0,2,66.42857142857143,7.0,0
60,0,0,83.28571428571429,7.0,0
60,0,0,65.4,5.0,1
60,0,2,69.0,7.0,0
270,0,0,50.0,1.0,1
60,0,0,65.85714285714286,7.0,0
240,1,0,67.0,2.0,1
120,0,1,79.0,7.0,0
120,0,1,0.0,0.0,1
60,0,0,52.2,5.0,1
60,0,2,10.0,1.0,1
60,1,0,43.5,12.0,1
60,0,0,86.71428571428571,7.0,0
60,0,2,62.5,2.0,1
60,0,2,77.5,2.0,1
60,1,0,85.0,2.0,1
60,2,0,79.0,7.0,1
120,0,0,0.0,0.0,1
60,0,2,90.71428571428572,7.0,0
150,0,2,56.66666666666666,6.0,1
60,0,0,65.0,1.0,1
120,0,0,0.0,0.0,1
60,0,2,68.85714285714286,7.0,0
60,0,1,85.71428571428571,7.0,0
60,1,2,51.57142857142857,7.0,0
60,0,2,69.0,7.0,0
90,0,1,79.14285714285714,7.0,0
60,0,2,88.42857142857143,7.0,0
60,0,1,80.14285714285714,7.0,0
60,0,0,91.66666666666669,6.0,0
120,0,0,69.28571428571429,7.0,0
60,0,2,64.14285714285714,7.0,0
120,0,0,0.0,0.0,1
60,0,3,69.5,4.0,1
60,0,0,50.0,2.0,1
60,0,2,74.66666666666667,6.0,0
60,0,2,50.71428571428572,7.0,0
180,0,0,85.0,1.0,1
60,0,2,56.285714285714285,7.0,1
60,0,2,66.28571428571429,7.0,0
120,1,0,64.83333333333333,6.0,1
130,1,2,72.25,12.0,0
90,1,0,37.0,1.0,1
120,0,0,77.71428571428571,7.0,0
120,0,0,0.0,0.0,1
90,1,0,47.76923076923077,13.0,0
60,1,2,72.71428571428571,7.0,1
60,0,0,77.57142857142857,7.0,0
120,0,0,0.0,0.0,1
60,0,0,0.0,0.0,1
60,0,1,68.85714285714286,7.0,0
60,0,2,85.0,3.0,1
60,1,0,56.66666666666666,3.0,1
60,0,2,75.1875,16.0,0
60,0,2,66.0,7.0,1
60,1,0,78.14285714285714,7.0,0
120,0,0,83.71428571428571,7.0,0
60,0,0,58.57142857142857,7.0,0
120,1,2,78.28571428571429,14.0,0
120,0,0,69.0,7.0,0
60,0,0,74.28571428571429,7.0,0
60,1,2,54.0,2.0,1
120,1,2,60.75,4.0,1
60,0,1,77.14285714285714,7.0,0
60,0,0,78.28571428571429,7.0,0
60,0,2,45.0,1.0,1
150,2,0,36.0,1.0,1
60,0,2,79.14285714285714,7.0,0
120,1,0,35.8,10.0,1
60,1,2,0.0,0.0,1
210,0,2,37.5,2.0,1
90,0,0,54.0,7.0,1
60,0,2,55.42857142857143,7.0,0
60,0,0,69.85714285714286,7.0,0
60,0,2,89.25,4.0,1
90,2,0,0.0,0.0,1
120,0,0,41.6,5.0,1
60,0,0,87.71428571428571,7.0,0
60,1,2,69.0,7.0,0
60,1,0,47.0,4.0,1
120,0,0,70.0,7.0,0
60,1,0,71.0,6.0,1
60,0,2,0.0,0.0,1
180,0,1,49.57142857142857,7.0,0
60,0,2,0.0,0.0,1
70,1,2,71.66666666666667,3.0,1
120,1,2,71.11111111111111,9.0,1
60,0,2,0.0,0.0,1
180,0,1,60.0,1.0,1
60,0,0,82.42857142857143,7.0,0
60,0,0,0.0,0.0,1
60,1,0,57.2,5.0,1
60,0,1,94.33333333333331,3.0,1
60,1,0,35.0,1.0,1
120,0,0,49.75,4.0,1
120,1,0,69.85714285714286,7.0,0
60,0,0,48.25,4.0,1
60,0,0,60.0,3.0,1
60,0,0,52.66666666666666,3.0,1
120,0,0,0.0,0.0,1
60,0,0,91.42857142857144,7.0,0
120,0,2,0.0,0.0,1
90,0,2,78.16666666666667,6.0,0
120,0,1,47.5,2.0,1
120,1,0,42.0,1.0,1
60,0,0,67.85714285714286,7.0,0
60,0,1,79.42857142857143,7.0,0
120,1,2,0.0,0.0,1
120,0,0,0.0,0.0,1
90,1,2,54.2,10.0,1
90,0,0,84.2,5.0,1
90,1,0,43.66666666666666,3.0,1
60,0,2,83.42857142857143,7.0,0
60,0,0,91.6,5.0,1
60,1,0,70.71428571428571,7.0,0
150,0,0,87.14285714285714,7.0,0
60,0,2,91.66666666666669,3.0,1
60,0,0,0.0,0.0,1
60,0,0,78.0,7.0,0
60,0,2,65.0,7.0,0
60,0,0,84.71428571428571,7.0,0
120,0,3,0.0,0.0,1
120,0,2,0.0,0.0,1
60,0,0,68.14285714285714,7.0,0
60,0,0,75.45454545454545,11.0,0
60,0,2,84.85714285714286,7.0,0
60,0,2,78.57142857142857,7.0,0
120,0,2,0.0,0.0,1
60,0,2,76.71428571428571,7.0,0
120,1,0,0.0,0.0,1
60,0,2,0.0,0.0,1
60,0,0,75.71428571428571,7.0,0
60,0,2,68.85714285714286,7.0,0
120,0,1,82.5,2.0,1
60,0,0,82.28571428571429,7.0,0
60,0,0,59.0,7.0,1
60,0,2,85.0,7.0,0
60,1,2,0.0,0.0,1
60,0,1,71.85714285714286,7.0,0
330,0,2,93.0,6.0,1
60,1,0,56.66666666666666,3.0,1
300,0,0,81.91666666666667,12.0,1
120,0,0,82.0,7.0,0
120,0,2,0.0,0.0,1
120,0,0,61.71428571428572,7.0,0
60,0,0,79.0,7.0,0
120,0,2,75.25,8.0,0
60,1,0,79.57142857142857,7.0,1
120,1,0,74.8,5.0,1
60,0,2,78.57142857142857,7.0,0
190,0,1,70.33333333333333,6.0,0
60,0,0,85.6,5.0,1
60,0,2,48.57142857142857,7.0,1
120,0,0,43.5,6.0,1
60,0,1,68.71428571428571,7.0,0
60,1,0,78.57142857142857,7.0,0
60,0,0,85.0,7.0,0
60,0,0,70.85714285714286,7.0,0
60,0,0,71.85714285714286,7.0,0
120,1,2,55.0,2.0,1
60,0,2,0.0,0.0,1
120,1,0,35.0,1.0,1
60,0,0,78.83333333333333,6.0,0
60,0,0,69.42857142857143,7.0,0
90,0,1,92.0,7.0,0
60,0,2,58.85714285714285,7.0,1
60,0,0,56.285714285714285,7.0,0
60,0,0,59.0,5.0,1
60,0,0,55.42857142857143,7.0,0
60,0,2,0.0,0.0,1
60,0,0,85.57142857142857,7.0,0
60,0,0,69.54545454545455,11.0,0
60,0,0,87.0,7.0,0
60,1,0,45.16666666666666,12.0,1
60,0,2,62.5,2.0,1
120,1,2,0.0,0.0,1
60,0,1,61.66666666666666,3.0,1
120,0,2,0.0,0.0,1
60,1,0,77.2,5.0,1
90,0,2,83.85714285714286,7.0,0
120,0,2,60.71428571428572,7.0,0
150,0,0,0.0,0.0,1
60,0,2,79.0,7.0,0
60,1,0,47.0,7.0,0
120,1,0,52.36363636363637,11.0,1
120,1,0,100.0,1.0,1
60,0,0,82.0,7.0,0
60,0,0,50.0,2.0,1
210,0,0,60.0,2.0,1
60,0,1,60.0,7.0,1
60,0,1,85.14285714285714,7.0,0
120,0,0,0.0,0.0,1
60,0,2,71.0,6.0,1
60,1,0,74.5,10.0,0
60,0,1,49.0,5.0,1
120,0,2,42.0,7.0,1
60,0,0,82.5,2.0,1
60,0,2,0.0,0.0,1
120,0,0,79.85714285714286,7.0,0
90,1,0,84.9090909090909,11.0,0
120,0,1,55.0,3.0,1
60,0,0,69.42857142857143,7.0,0
60,0,0,72.71428571428571,7.0,0
120,0,2,81.42857142857143,7.0,0
90,0,0,75.0,4.0,1
60,1,0,70.125,8.0,1
60,0,0,76.85714285714286,7.0,0
120,0,0,34.0,2.0,1
60,0,0,55.85714285714285,7.0,1
120,0,3,0.0,0.0,1
120,0,0,47.0,7.0,1
60,0,0,88.28571428571429,7.0,0
60,0,0,65.71428571428571,7.0,1
120,0,1,0.0,0.0,1
120,0,0,92.14285714285714,7.0,0
120,0,0,47.5,2.0,1
90,0,2,88.125,16.0,0
120,0,2,33.0,1.0,1
120,0,0,75.14285714285714,7.0,0
60,0,0,79.0,7.0,0
120,0,0,52.57142857142857,7.0,1
150,0,0,0.0,0.0,1
70,0,0,92.71428571428572,7.0,0
60,0,1,83.14285714285714,7.0,0
120,0,0,0.0,0.0,1
120,0,0,68.66666666666667,6.0,0
60,0,0,95.25,4.0,1
60,0,0,65.0,1.0,1
60,0,2,50.142857142857146,7.0,1
120,0,0,62.0,5.0,1
60,0,0,87.85714285714286,7.0,0
90,0,0,48.13333333333333,15.0,0
120,0,0,65.0,1.0,1
60,0,2,45.0,7.0,1
90,0,0,67.66666666666667,3.0,1
120,0,2,61.75,4.0,1
120,0,0,67.0,1.0,1
90,0,2,0.0,0.0,1
60,0,2,86.28571428571429,7.0,0
120,0,2,0.0,0.0,1
120,0,0,0.0,0.0,1
120,0,1,77.42857142857143,7.0,0
60,0,0,70.28571428571429,7.0,0
120,0,2,0.0,0.0,1
120,0,2,52.5,2.0,1
60,0,0,60.85714285714285,7.0,1
120,0,1,95.0,2.0,1
150,0,2,63.6875,16.0,1
120,0,2,88.14285714285714,7.0,0
60,0,0,93.14285714285714,7.0,0
60,0,0,81.57142857142857,7.0,0
60,0,0,80.6,5.0,0
60,0,2,0.0,0.0,1
120,0,2,58.85714285714285,7.0,0
120,0,2,60.0,1.0,1
90,0,0,70.42857142857143,7.0,0
210,0,3,0.0,0.0,1
60,0,2,59.833333333333336,6.0,1
60,0,2,0.0,0.0,1
60,0,2,91.85714285714286,7.0,0
60,0,0,55.0,1.0,1
60,0,0,81.85714285714286,7.0,0
60,0,2,56.5,6.0,0
120,0,2,0.0,0.0,1
90,0,1,55.0,1.0,1
60,0,1,72.85714285714286,7.0,0
60,0,0,90.85714285714286,7.0,0
60,0,0,94.28571428571428,7.0,0
90,0,0,94.0,7.0,0
120,0,0,82.5,2.0,1
150,0,0,74.33333333333333,3.0,1
90,0,2,45.0,1.0,1
120,0,0,0.0,0.0,1
90,0,0,72.125,16.0,0
120,0,0,83.71428571428571,7.0,0
120,0,2,0.0,0.0,1
60,0,2,77.0,6.0,0
60,0,0,76.71428571428571,7.0,0
120,0,1,55.5,12.0,1
120,0,0,52.66666666666666,3.0,1
60,0,0,71.57142857142857,7.0,0
60,0,0,91.28571428571428,7.0,0
180,0,0,60.0,1.0,1
60,0,0,92.42857142857144,7.0,0
120,0,0,54.125,16.0,0
60,0,1,75.0,3.0,1
120,0,0,77.71428571428571,7.0,1
60,0,0,55.5,4.0,1
120,0,2,68.28571428571429,7.0,0
120,0,0,78.14285714285714,7.0,0
120,0,2,48.57142857142857,7.0,0
120,0,2,72.2,5.0,1
60,0,0,81.85714285714286,7.0,0
60,0,2,85.0,2.0,1
120,0,0,0.0,0.0,1
240,0,0,77.14285714285714,7.0,0
120,0,0,91.85714285714286,7.0,0
60,0,2,55.0,2.0,1
60,0,0,76.28571428571429,7.0,0
120,0,2,39.85714285714285,7.0,1
60,0,2,78.14285714285714,7.0,0
60,0,2,62.66666666666666,6.0,1
120,0,2,68.57142857142857,7.0,0
120,0,0,87.66666666666667,3.0,1
240,0,2,0.0,0.0,1
120,0,0,81.4,5.0,0
60,0,0,80.14285714285714,7.0,0
60,0,1,58.0,7.0,0
330,0,2,55.0,1.0,1
60,0,2,81.42857142857143,7.0,0
120,0,1,0.0,0.0,1
120,0,0,0.0,0.0,1
110,0,2,97.0625,16.0,0
60,0,0,88.85714285714286,7.0,0
120,0,0,0.0,0.0,1
120,0,0,64.16666666666667,6.0,0
60,0,2,55.0,2.0,1
240,0,2,0.0,0.0,1
120,0,0,82.75,8.0,0
60,0,0,57.4,5.0,1
90,0,0,78.6,5.0,1
180,0,2,0.0,0.0,1
60,0,0,0.0,0.0,1
120,0,0,0.0,0.0,1
180,0,2,0.0,0.0,1
60,0,1,83.71428571428571,7.0,0
90,0,0,55.0,1.0,1
60,0,1,75.28571428571429,7.0,0
120,0,0,88.28571428571429,7.0,0
150,0,0,43.333333333333336,9.0,0
60,0,2,65.0,1.0,1
120,0,0,70.57142857142857,7.0,0
120,0,0,50.0625,16.0,1
120,0,0,0.0,0.0,1
120,0,0,55.0,2.0,1
90,0,2,0.0,0.0,1
120,0,0,77.6,5.0,1
120,0,0,49.66666666666666,6.0,1
90,0,0,53.57142857142857,7.0,0
60,0,1,91.0,7.0,0
90,0,0,75.0,7.0,0
60,0,2,56.16666666666666,6.0,1
60,0,2,51.2,5.0,1
60,0,0,78.25,4.0,1
90,0,0,0.0,0.0,1
180,0,1,70.0,3.0,1
60,0,0,84.57142857142857,7.0,0
120,0,0,84.7,10.0,0
150,0,2,0.0,0.0,1
60,0,0,69.0,7.0,1
120,0,2,75.0,1.0,1
240,0,3,47.4,5.0,1
60,0,0,91.85714285714286,7.0,0
120,0,2,54.0,7.0,1
120,0,1,92.5,2.0,1
120,0,0,60.85714285714285,7.0,0
120,0,0,0.0,0.0,1
90,0,0,68.33333333333333,6.0,0
60,0,1,0.0,0.0,1
120,0,0,88.0,7.0,0
210,0,2,0.0,0.0,1
120,0,0,0.0,0.0,1
120,0,2,0.0,0.0,1
60,0,1,88.85714285714286,7.0,0
60,0,1,88.57142857142857,7.0,0
60,0,0,0.0,0.0,1
60,0,0,73.0,7.0,0
90,0,0,83.33333333333333,12.0,0
120,0,0,64.33333333333333,3.0,1
60,0,0,83.42857142857143,7.0,0
90,0,2,68.28571428571429,7.0,0
60,0,0,60.0,1.0,1
150,0,2,45.0,1.0,1
60,0,1,69.4,5.0,1
210,0,2,0.0,0.0,1
90,0,0,74.28571428571429,7.0,0
120,0,2,69.53333333333333,15.0,0
120,0,0,0.0,0.0,1
60,0,0,0.0,0.0,1
120,0,1,83.57142857142857,7.0,0
60,0,0,76.42857142857143,7.0,0
180,0,2,0.0,0.0,1
240,0,2,62.285714285714285,7.0,1
60,0,0,0.0,0.0,1
60,0,0,77.0,7.0,0
120,0,2,45.57142857142857,7.0,1
120,0,2,76.85714285714286,7.0,0
120,0,0,80.28571428571429,7.0,0
60,0,2,41.0,3.0,1
60,0,0,87.14285714285714,7.0,0
180,0,2,65.75,8.0,1
90,0,1,78.75,4.0,1
120,0,0,70.14285714285714,7.0,0
60,0,1,61.66666666666666,6.0,1
120,0,0,0.0,0.0,1
120,0,0,70.42857142857143,7.0,1
60,0,0,84.42857142857143,7.0,0
90,0,0,44.285714285714285,7.0,1
120,0,0,93.71428571428572,7.0,0
120,0,1,79.0,7.0,0
60,0,2,0.0,0.0,1
60,0,1,92.0,7.0,0
120,0,0,60.63636363636363,11.0,1
90,0,0,67.0,5.0,0
120,0,2,79.33333333333333,6.0,0
60,0,0,69.66666666666667,6.0,0
60,0,0,73.0,5.0,0
210,0,0,60.0,1.0,1
60,0,0,84.0,7.0,0
120,0,0,0.0,0.0,1
90,0,0,79.57142857142857,7.0,0
60,0,0,60.16666666666666,6.0,1
180,0,0,0.0,0.0,1
120,0,1,72.66666666666667,6.0,1
120,0,0,71.42857142857143,7.0,0
60,0,1,76.42857142857143,7.0,0
120,0,0,0.0,0.0,1
120,0,2,63.42857142857143,7.0,0
60,0,0,90.71428571428572,7.0,0
60,0,1,85.28571428571429,7.0,0
60,0,0,80.57142857142857,7.0,0
120,0,0,38.75,4.0,1
70,0,0,84.42857142857143,7.0,0
90,0,0,92.14285714285714,7.0,0
60,0,2,37.16666666666666,6.0,1
90,0,2,0.0,0.0,1
180,0,0,59.625,8.0,1
60,0,2,70.71428571428571,7.0,0
120,0,1,67.42857142857143,7.0,0
60,0,0,66.71428571428571,7.0,0
60,0,2,57.285714285714285,7.0,0
60,0,0,0.0,0.0,1
90,0,0,78.0,1.0,1
120,0,2,64.57142857142857,7.0,1
90,0,4,68.28571428571429,7.0,0
120,0,0,0.0,0.0,1
60,0,2,46.66666666666666,3.0,1
120,0,0,0.0,1.0,1
180,0,2,0.0,0.0,1
120,0,2,70.14285714285714,7.0,0
120,0,1,93.8125,16.0,0
90,0,2,46.142857142857146,7.0,1
120,0,0,80.6875,16.0,0
60,0,0,53.142857142857146,7.0,0
60,0,2,42.142857142857146,7.0,0
60,0,1,89.42857142857143,7.0,0
90,0,0,74.42857142857143,7.0,0
120,0,2,0.0,0.0,1
180,0,2,64.57142857142857,7.0,1
60,0,0,38.0,5.0,1
120,0,1,97.4375,16.0,0
120,0,0,67.57142857142857,7.0,0
60,0,0,75.2,5.0,0
120,0,2,0.0,0.0,1
60,0,2,52.5,2.0,1
60,0,1,59.285714285714285,7.0,0
60,0,2,55.5,6.0,1
120,0,2,54.5,4.0,1
60,0,0,66.0,7.0,0
60,0,0,90.42857142857144,7.0,0
120,0,0,0.0,0.0,1
120,0,2,45.25,4.0,1
150,0,0,0.0,0.0,1
60,0,0,60.57142857142857,7.0,0
60,0,2,57.285714285714285,7.0,1
60,0,1,86.57142857142857,7.0,0
60,0,2,80.85714285714286,7.0,0
60,0,2,56.25,4.0,1
60,0,1,85.71428571428571,7.0,0
60,0,2,45.0,2.0,1
180,0,2,48.57142857142857,7.0,1
240,0,1,65.0,1.0,1
60,0,0,82.25,4.0,1
120,0,2,0.0,0.0,1
60,0,2,75.57142857142857,7.0,0
60,0,2,68.33333333333333,3.0,1
90,0,0,60.4,5.0,1
120,0,0,66.61538461538461,13.0,0
60,0,1,95.28571428571428,7.0,0
90,0,0,61.42857142857143,7.0,0
60,0,2,77.42857142857143,7.0,0
120,0,0,0.0,0.0,1
60,0,0,70.14285714285714,7.0,0
120,0,0,64.2,5.0,1
90,0,2,55.42857142857143,7.0,1
120,0,2,0.0,0.0,1
120,0,0,0.0,0.0,1
120,0,0,86.42857142857143,7.0,0
60,0,2,38.0,7.0,1
90,0,2,85.0,1.0,1
90,0,2,0.0,0.0,1
60,0,2,0.0,0.0,1
60,0,2,78.28571428571429,7.0,0
90,0,2,55.0,1.0,1
120,0,2,70.14285714285714,7.0,0
60,0,2,58.285714285714285,7.0,1
60,0,2,72.28571428571429,7.0,0
60,0,2,65.57142857142857,7.0,0
90,0,0,58.5,4.0,1
120,0,0,60.9375,16.0,0
90,0,2,93.0,7.0,0
120,0,0,0.0,0.0,1
120,0,0,0.0,0.0,1
90,0,3,70.0,5.0,1
70,0,2,66.25,4.0,1
120,0,2,0.0,0.0,1
120,0,0,66.28571428571429,7.0,0
60,0,1,84.28571428571429,7.0,0
60,0,0,82.28571428571429,7.0,0
90,0,2,0.0,0.0,1
90,0,4,86.25,4.0,1
150,0,0,80.5,6.0,0
120,0,0,68.57142857142857,7.0,0
60,0,2,72.0,7.0,0
120,0,2,0.0,0.0,1
60,0,1,57.66666666666666,6.0,1
60,0,0,83.42857142857143,7.0,0
120,0,0,60.57142857142857,7.0,1
120,0,0,0.0,0.0,1
120,0,0,78.0,6.0,1
120,0,0,71.5,2.0,1
120,0,2,0.0,0.0,1
60,0,0,77.2,5.0,1
90,0,2,57.5,2.0,1
60,0,2,0.0,0.0,1
60,0,2,53.42857142857143,7.0,1
60,0,0,35.0,2.0,1
60,0,2,68.28571428571429,7.0,0
120,0,0,62.0,7.0,1
60,0,0,56.333333333333336,3.0,1
120,0,0,53.333333333333336,6.0,1
60,0,1,72.71428571428571,7.0,0
120,0,2,0.0,0.0,1
120,0,0,80.2,5.0,0
60,0,1,91.0,7.0,0
120,0,0,30.0,1.0,1
60,0,1,96.85714285714286,7.0,0
120,0,0,53.25,4.0,1
60,0,2,72.28571428571429,7.0,0
120,0,1,68.14285714285714,7.0,0
60,0,0,0.0,0.0,1
60,0,0,89.57142857142857,7.0,0
120,0,1,0.0,0.0,1
90,0,0,71.14285714285714,7.0,0
90,1,1,56.75,16.0,1
60,0,0,76.0,3.0,1
180,0,1,89.33333333333333,3.0,1
60,0,2,0.0,0.0,1
120,0,0,0.0,0.0,1
60,0,1,70.0,1.0,1
120,0,0,0.0,0.0,1
120,0,2,58.66666666666666,6.0,1
120,0,0,60.0,1.0,1
240,0,2,0.0,0.0,1
60,0,0,55.142857142857146,7.0,0
180,0,2,53.57142857142857,7.0,1
60,0,0,0.0,0.0,1
60,0,2,62.0,5.0,1
90,0,2,88.57142857142857,7.0,0
60,0,0,75.0,7.0,0
60,0,0,66.0,6.0,1
60,0,2,51.0,3.0,1
120,0,0,0.0,0.0,1
60,0,2,79.42857142857143,7.0,0
120,0,2,48.5,4.0,1
60,0,2,0.0,0.0,1
120,0,2,83.16666666666667,6.0,0
60,0,1,0.0,0.0,1
120,0,0,64.33333333333333,6.0,0
60,0,1,63.285714285714285,7.0,1
60,0,2,83.14285714285714,7.0,0
120,0,1,96.2,5.0,1
120,0,1,0.0,0.0,1
60,0,0,55.0,2.0,1
60,0,1,83.71428571428571,7.0,0
60,0,2,0.0,0.0,1
60,0,2,88.0,7.0,0
120,0,0,0.0,0.0,1
90,0,4,92.28571428571428,7.0,0
120,0,0,93.6,5.0,1
60,0,0,62.75,4.0,1
60,0,2,40.0,1.0,1
60,0,1,0.0,0.0,1
120,0,2,54.0,7.0,1
60,0,1,52.833333333333336,6.0,1
60,0,0,82.57142857142857,7.0,0
150,0,2,62.833333333333336,12.0,0
60,0,2,44.71428571428572,7.0,1
60,0,1,78.42857142857143,7.0,0
150,0,2,74.14285714285714,7.0,0
60,0,2,0.0,0.0,1
70,0,2,42.333333333333336,6.0,1
60,0,0,74.57142857142857,7.0,0
60,0,1,94.14285714285714,7.0,0
60,0,0,59.42857142857143,7.0,1
120,0,0,78.85714285714286,7.0,0
120,0,0,91.71428571428572,7.0,0
60,0,0,61.85714285714285,7.0,0
60,0,0,84.0,7.0,0
120,0,2,86.6875,16.0,0
240,0,0,0.0,0.0,1
120,0,2,0.0,0.0,1
60,0,1,52.8,5.0,1
60,0,2,69.33333333333333,3.0,1
180,0,0,50.0,1.0,1
60,0,0,0.0,0.0,1
90,0,0,50.85714285714285,7.0,1
60,0,2,49.333333333333336,3.0,1
180,0,0,42.57142857142857,7.0,1
90,0,0,54.333333333333336,3.0,1
60,0,0,85.0,3.0,1
120,0,0,84.14285714285714,7.0,0
60,0,2,0.0,0.0,1
60,0,4,75.71428571428571,7.0,0
60,0,2,32.666666666666664,3.0,1
60,0,0,70.0,7.0,1
60,0,0,84.42857142857143,7.0,0
60,0,0,58.333333333333336,3.0,1
60,0,0,58.0,4.0,1
60,0,0,72.28571428571429,7.0,0
120,0,1,92.28571428571428,7.0,0
180,0,1,74.4,5.0,1
120,0,0,0.0,0.0,1
120,0,2,0.0,0.0,1
120,0,1,66.42857142857143,7.0,0
150,0,2,65.42857142857143,7.0,1
120,0,2,0.0,0.0,1
120,0,0,76.92857142857143,14.0,0
60,0,1,86.42857142857143,7.0,0
120,0,1,86.0,7.0,0
180,0,2,0.0,0.0,1
90,0,1,80.0,3.0,1
120,0,0,0.0,0.0,1
60,0,2,35.0,3.0,1
120,0,0,0.0,0.0,1
60,0,2,59.71428571428572,7.0,1
120,0,2,0.0,0.0,1
60,0,0,85.42857142857143,7.0,0
90,0,0,84.42857142857143,7.0,0
180,0,2,82.5,2.0,1
60,0,0,74.0,4.0,1
60,0,2,40.0,1.0,1
60,0,0,87.57142857142857,7.0,0
90,0,1,88.28571428571429,7.0,0
120,0,2,63.285714285714285,7.0,0
60,0,0,82.42857142857143,7.0,0
60,0,2,72.57142857142857,7.0,0
60,0,0,85.71428571428571,7.0,0
60,0,0,0.0,0.0,1
150,0,0,95.0,1.0,1
120,0,0,51.833333333333336,6.0,1
60,0,1,90.5,4.0,1
80,0,0,60.0,1.0,1
60,0,2,56.66666666666666,6.0,1
90,0,1,82.1875,16.0,0
60,0,0,0.0,0.0,1
60,0,2,63.4,5.0,1
120,0,0,0.0,0.0,1
60,0,2,44.57142857142857,7.0,1
120,0,0,67.5,2.0,1
120,0,1,51.0,4.0,1
120,0,1,0.0,0.0,1
60,0,0,65.0,5.0,1
120,0,0,58.85714285714285,7.0,0
60,0,2,0.0,0.0,1
60,0,0,72.0,5.0,1
120,0,2,57.5,2.0,1
120,0,0,68.0,6.0,0
60,0,0,89.0,7.0,0
60,0,2,35.0,3.0,1
60,0,1,0.0,0.0,1
180,0,2,0.0,0.0,1
60,0,0,63.85714285714285,7.0,0
120,0,0,69.71428571428571,7.0,0
90,0,1,61.142857142857146,7.0,0
60,0,0,73.0,6.0,0
120,0,1,68.71428571428571,7.0,0
60,0,0,75.0,2.0,1
120,0,0,50.0,4.0,1
120,0,0,0.0,0.0,1
120,0,2,0.0,0.0,1
120,0,2,80.0,3.0,1
90,0,0,91.71428571428572,7.0,0
60,0,0,75.42857142857143,7.0,0
60,0,0,91.0,7.0,0
60,0,0,66.66666666666667,3.0,1
60,0,0,80.0,1.0,1
60,0,2,61.71428571428572,7.0,1
210,0,2,0.0,0.0,1
60,0,2,52.5,2.0,1
60,0,2,64.14285714285714,7.0,0
120,0,0,56.8,5.0,1
60,0,0,67.57142857142857,7.0,0
90,0,0,0.0,0.0,1
60,0,0,84.0,7.0,0
60,0,2,72.85714285714286,7.0,0
60,0,1,84.0,7.0,0
60,0,2,68.0,7.0,1
120,0,0,67.14285714285714,7.0,0
60,0,2,76.14285714285714,7.0,0
60,0,0,85.85714285714286,7.0,0
90,0,2,85.57142857142857,7.0,0
120,0,2,73.42857142857143,7.0,0
60,0,0,70.0,1.0,1
90,0,0,57.66666666666666,3.0,1
60,0,1,65.5,6.0,1
120,0,0,77.71428571428571,7.0,0
60,0,2,85.42857142857143,7.0,0
60,0,1,85.85714285714286,7.0,0
120,0,0,0.0,0.0,1
60,0,1,52.285714285714285,7.0,1
60,0,2,55.0,2.0,1
180,0,2,50.0,1.0,1
60,0,2,79.28571428571429,7.0,0
60,0,0,69.28571428571429,7.0,0
120,0,0,78.71428571428571,7.0,0
90,0,0,74.85714285714286,7.0,0
90,0,0,60.285714285714285,7.0,0
60,0,1,59.42857142857143,7.0,0
60,0,2,0.0,0.0,1
60,0,2,61.142857142857146,7.0,0
60,0,2,59.285714285714285,7.0,0
60,0,1,97.71428571428572,7.0,0
90,0,0,32.75,4.0,1
60,0,0,86.42857142857143,7.0,0
60,0,0,69.0,7.0,0
60,0,1,93.42857142857144,7.0,0
60,0,0,93.0,7.0,0
120,0,2,81.25,4.0,1
60,0,1,0.0,0.0,1
60,0,0,70.0,3.0,1
60,0,0,78.71428571428571,7.0,0
120,0,0,80.0,1.0,1
120,0,2,0.0,0.0,1
120,0,2,0.0,0.0,1
60,0,0,75.5,4.0,1
150,0,0,78.33333333333333,6.0,0
120,0,0,0.0,0.0,1
120,0,0,48.0,5.0,1
60,0,4,78.85714285714286,7.0,0
60,0,0,0.0,0.0,1
90,0,1,87.42857142857143,7.0,0
60,0,0,92.57142857142856,7.0,0
60,0,1,53.42857142857143,7.0,0
60,0,0,0.0,0.0,1
120,0,0,89.25,16.0,0
120,0,2,83.5625,16.0,0
90,0,1,66.14285714285714,7.0,1
90,0,0,0.0,0.0,1
90,0,0,78.57142857142857,7.0,0
90,0,0,80.14285714285714,7.0,0
60,0,0,73.33333333333333,6.0,0
60,0,1,0.0,0.0,1
60,0,0,0.0,0.0,1
120,0,0,87.0,7.0,0
60,0,0,72.71428571428571,7.0,0
60,0,2,48.57142857142857,7.0,1
120,0,2,93.5625,16.0,0
210,0,0,0.0,0.0,1
90,0,1,89.125,16.0,0
60,0,2,65.85714285714286,7.0,0
60,0,0,61.5,4.0,1
120,0,0,59.9375,16.0,1
60,0,2,82.71428571428571,7.0,0
60,0,0,0.0,0.0,1
60,0,0,83.16666666666667,6.0,0
60,0,0,72.75,4.0,1
120,0,2,77.33333333333333,6.0,0
60,0,2,55.0,3.0,1
120,0,0,77.8125,16.0,0
90,0,2,85.0,7.0,0
120,0,2,42.5,2.0,1
60,0,0,71.0,7.0,0
60,0,0,71.66666666666667,6.0,0
90,0,1,51.142857142857146,7.0,1
60,0,0,63.71428571428572,7.0,0
60,0,2,68.2,5.0,1
120,0,0,94.57142857142856,7.0,0
60,0,2,44.71428571428572,7.0,1
120,0,0,60.142857142857146,7.0,0
60,0,2,0.0,0.0,1
120,0,0,81.42857142857143,7.0,0
150,0,2,80.0,1.0,1
120,0,2,0.0,0.0,1
60,0,2,73.85714285714286,7.0,0
60,0,1,68.14285714285714,7.0,0
120,0,1,87.85714285714286,7.0,0
60,0,0,80.71428571428571,7.0,0
120,0,0,63.57142857142857,7.0,0
120,0,0,80.57142857142857,7.0,0
90,0,2,76.42857142857143,14.0,0
120,0,2,0.0,0.0,1
120,0,0,67.0,3.0,1
60,0,0,73.42857142857143,7.0,0
120,0,0,0.0,0.0,1
120,0,2,42.16666666666666,6.0,1
120,0,2,0.0,0.0,1
120,0,0,77.0,7.0,0
60,0,0,54.0,7.0,1
60,0,0,67.14285714285714,7.0,0
60,0,1,91.5,6.0,0
90,0,2,79.57142857142857,7.0,0
90,0,1,0.0,0.0,1
60,0,3,0.0,0.0,1
60,0,0,0.0,0.0,1
90,0,2,0.0,0.0,1
60,0,0,83.71428571428571,7.0,0
120,0,1,0.0,0.0,1
180,0,0,37.66666666666666,9.0,1
120,0,2,0.0,0.0,1
60,0,1,86.85714285714286,7.0,0
120,0,0,82.57142857142857,7.0,0
120,0,0,58.42857142857143,7.0,1
120,0,1,87.33333333333333,15.0,0
60,0,0,79.14285714285714,7.0,0
120,0,0,0.0,0.0,1
90,0,0,86.8125,16.0,0
120,0,0,65.0,1.0,1
60,0,0,77.0,7.0,0
120,0,0,46.66666666666666,3.0,1
120,0,0,81.0,7.0,0
120,0,1,34.333333333333336,3.0,1
120,0,0,74.0,7.0,0
60,0,0,81.0,7.0,0
120,0,2,65.3125,16.0,0
120,0,2,0.0,0.0,1
120,0,0,79.33333333333333,3.0,1
60,0,2,55.71428571428572,7.0,0
60,0,1,73.66666666666667,6.0,0
120,0,0,85.42857142857143,7.0,0
120,0,0,0.0,0.0,1
120,0,2,0.0,0.0,1
60,0,0,87.28571428571429,7.0,0
60,0,1,77.0,6.0,0
120,0,0,0.0,0.0,1
60,0,1,90.71428571428572,7.0,0
60,0,1,80.0,5.0,1
120,0,0,0.0,0.0,1
120,0,0,65.0,1.0,1
90,0,2,79.35714285714286,14.0,0
120,0,2,0.0,0.0,1
210,0,1,55.0,2.0,1
60,0,1,83.28571428571429,7.0,0
120,0,1,96.8125,16.0,0
120,0,0,0.0,0.0,1
120,0,2,55.0,1.0,1
180,0,1,0.0,0.0,1
60,0,2,64.75,4.0,1
60,0,1,80.42857142857143,7.0,0
120,0,0,47.85714285714285,7.0,1
60,0,0,52.5,2.0,1
120,0,0,0.0,0.0,1
120,0,2,0.0,0.0,1
90,0,4,87.07142857142857,14.0,0
60,0,1,57.57142857142857,7.0,1
60,0,2,64.33333333333333,6.0,0
60,0,2,76.14285714285714,7.0,0
90,0,2,0.0,0.0,1
120,0,0,50.0,3.0,1
120,0,0,80.0,2.0,1
120,0,2,42.0,7.0,1
60,0,2,43.333333333333336,3.0,1
60,0,2,0.0,0.0,1
60,0,2,85.57142857142857,7.0,0
60,0,2,87.85714285714286,7.0,0
120,0,0,58.142857142857146,7.0,0
60,0,0,57.71428571428572,7.0,1
120,0,1,89.85714285714286,7.0,0
120,0,0,94.5625,16.0,0
60,0,1,81.71428571428571,7.0,0
60,0,0,0.0,0.0,1
60,0,2,15.0,1.0,1
120,0,1,90.6,5.0,1
120,0,2,0.0,0.0,1
120,0,0,94.0,16.0,0
60,0,2,80.0,1.0,1
120,0,1,63.333333333333336,3.0,1
60,0,0,88.0,7.0,0
120,0,0,76.85714285714286,7.0,0
120,0,2,60.75,4.0,1
120,0,0,58.0,7.0,1
120,0,2,0.0,0.0,1
120,0,2,86.0,7.0,0
60,0,0,74.85714285714286,7.0,0
60,0,0,42.5,2.0,1
90,0,2,89.42857142857143,7.0,0
60,0,1,86.85714285714286,7.0,0
120,0,2,56.0,3.0,1
60,0,1,67.71428571428571,7.0,0
60,0,2,85.71428571428571,7.0,0
120,0,1,0.0,0.0,1
120,0,1,79.85714285714286,7.0,0
60,0,2,0.0,0.0,1
60,0,0,56.142857142857146,7.0,0
120,0,1,62.285714285714285,7.0,0
60,0,0,64.25,4.0,1
180,0,0,78.25,4.0,1
60,0,0,0.0,0.0,1
60,0,0,71.14285714285714,7.0,0
60,0,0,67.85714285714286,7.0,0
60,0,0,55.285714285714285,7.0,1
120,0,0,67.71428571428571,7.0,0
60,0,1,84.0,7.0,0
180,0,2,58.5,2.0,1
120,0,0,0.0,0.0,1
120,0,2,0.0,0.0,1
120,0,2,45.333333333333336,12.0,0
120,0,0,90.42857142857144,7.0,0
60,0,0,87.28571428571429,7.0,0
60,0,1,92.71428571428572,7.0,0
120,0,0,76.0,7.0,0
120,0,0,77.375,16.0,0
180,0,0,77.5,6.0,0
180,0,2,0.0,0.0,1
60,0,0,66.0,7.0,0
120,0,2,27.5,2.0,1
120,0,0,80.0,1.0,1
150,0,0,100.0,1.0,1
60,0,2,69.0,7.0,0
60,0,1,56.4,5.0,1
150,0,2,58.57142857142857,7.0,0
60,0,0,72.0,7.0,0
120,0,2,0.0,0.0,1
60,0,1,0.0,0.0,1
90,0,0,79.66666666666667,6.0,0
120,0,1,0.0,0.0,1
120,0,0,76.33333333333333,6.0,0
60,0,2,62.142857142857146,7.0,1
120,0,1,44.0,1.0,1
120,0,0,0.0,0.0,1
120,0,1,84.66666666666667,9.0,1
60,0,2,83.71428571428571,7.0,0
60,0,0,81.66666666666667,3.0,1
120,0,0,80.0,4.0,1
60,0,2,0.0,0.0,1
60,0,1,63.5,6.0,0
120,0,0,35.0,1.0,1
120,0,2,83.4,5.0,1
60,0,2,85.0,2.0,1
120,0,0,89.66666666666667,6.0,0
60,0,0,91.71428571428572,7.0,0
120,0,0,74.66666666666667,3.0,1
90,0,0,0.0,0.0,1
120,0,2,0.0,0.0,1
60,0,2,85.0,3.0,1
60,0,0,52.285714285714285,7.0,0
60,0,0,75.57142857142857,7.0,0
60,0,0,80.2,5.0,1
120,0,1,0.0,0.0,1
120,0,2,0.0,0.0,1
150,0,0,50.5,8.0,1
60,0,0,0.0,0.0,1
90,0,0,45.57142857142857,7.0,1
60,0,1,0.0,0.0,1
60,0,0,48.285714285714285,7.0,1
60,0,1,67.66666666666667,3.0,1
120,0,0,52.5,2.0,1
60,0,2,84.0,7.0,0
60,2,3,60.0,5.0,1
90,0,1,84.5,12.0,0
60,0,2,90.16666666666669,6.0,0
60,0,2,77.71428571428571,7.0,0
60,0,2,0.0,0.0,1
60,0,1,0.0,0.0,1
90,0,1,63.71428571428572,7.0,0
60,0,0,0.0,0.0,1
60,0,1,89.16666666666667,6.0,0
60,0,2,75.57142857142857,7.0,1
60,0,2,75.0,1.0,1
60,0,0,67.0,4.0,1
180,0,2,0.0,0.0,1
60,0,0,74.33333333333333,12.0,1
90,0,1,0.0,0.0,1
60,1,4,62.66666666666666,3.0,1
60,0,0,58.57142857142857,7.0,1
60,0,0,64.42857142857143,7.0,0
90,1,1,75.07692307692308,13.0,0
60,0,4,90.28571428571428,7.0,0
60,1,1,66.0,3.0,1
60,1,0,85.9,10.0,0
60,0,0,61.4,5.0,1
60,1,0,86.57142857142857,7.0,0
90,1,1,76.3,10.0,0
60,1,2,48.11111111111112,9.0,1
180,0,2,63.85714285714285,7.0,0
60,0,1,63.2,5.0,1
120,0,1,94.57142857142856,7.0,0
60,0,0,84.42857142857143,7.0,0
120,0,1,75.33333333333333,6.0,0
120,1,2,73.11111111111111,9.0,1
60,1,2,93.0,3.0,1
60,0,2,0.0,0.0,1
60,2,0,63.9,10.0,0
60,0,0,0.0,0.0,1
120,0,0,0.0,0.0,1
90,0,1,0.0,0.0,1
60,0,2,56.285714285714285,7.0,1
120,0,3,56.0,7.0,0
60,0,1,74.0,16.0,0
60,0,0,0.0,0.0,1
120,0,1,0.0,0.0,1
60,0,0,86.71428571428571,7.0,0
60,0,2,79.57142857142857,7.0,0
60,2,1,79.5,8.0,0
60,0,1,86.14285714285714,7.0,0
60,0,1,86.42857142857143,7.0,0
60,0,0,81.42857142857143,7.0,0
60,3,0,0.0,0.0,1
60,0,4,50.142857142857146,7.0,0
60,1,0,0.0,0.0,1
120,0,2,91.9375,16.0,0
60,0,2,65.85714285714286,7.0,0
60,1,1,64.2,5.0,1
150,0,1,53.5,6.0,1
60,1,1,54.63636363636363,11.0,1
60,0,1,87.5,2.0,1
70,0,1,91.71428571428572,7.0,0
60,0,1,78.0,6.0,0
150,0,2,23.33333333333333,3.0,1
60,2,1,0.0,0.0,1
60,1,0,69.72727272727273,11.0,0
90,0,2,0.0,0.0,1
60,1,1,83.63636363636364,11.0,0
60,0,1,89.14285714285714,7.0,0
120,3,1,41.0,2.0,1
60,0,0,75.0,1.0,1
60,0,1,95.85714285714286,7.0,0
90,0,0,84.85714285714286,7.0,0
60,3,0,75.76923076923077,13.0,1
120,0,2,48.0,7.0,1
210,2,0,0.0,0.0,1
60,0,1,84.57142857142857,7.0,0
60,1,0,68.55555555555556,9.0,0
60,0,2,73.0,7.0,0
60,0,0,93.42857142857144,7.0,0
120,0,2,75.5,4.0,1
60,0,0,77.83333333333333,6.0,0
60,0,0,89.0,7.0,0
60,0,0,91.85714285714286,7.0,0
70,1,0,86.85714285714286,7.0,0
60,0,2,73.25,4.0,1
60,0,0,52.0,4.0,1
90,1,3,72.66666666666667,3.0,1
60,0,0,87.57142857142857,7.0,0
180,0,2,53.0,7.0,0
60,0,1,79.14285714285714,7.0,0
160,0,0,47.71428571428572,7.0,1
60,2,2,71.0,3.0,1
120,0,0,88.16666666666667,6.0,0
60,0,0,89.85714285714286,7.0,0
90,1,0,64.5,4.0,1
60,0,0,77.0,7.0,0
60,0,2,89.14285714285714,7.0,0
130,0,1,74.6,5.0,0
120,0,0,85.625,16.0,0
120,1,2,45.0,1.0,1
60,0,0,51.71428571428572,7.0,0
60,3,1,0.0,0.0,1
60,0,0,70.83333333333333,6.0,1
60,0,0,85.71428571428571,7.0,0
60,1,0,78.66666666666667,9.0,0
60,0,2,65.0,1.0,1
60,0,2,54.25,4.0,1
90,1,1,91.63636363636364,11.0,0
135,0,0,0.0,0.0,1
60,5,0,82.6,10.0,0
150,0,1,88.0,6.0,0
90,1,1,77.85714285714286,7.0,0
60,1,0,0.0,0.0,1
60,0,2,0.0,0.0,1
60,0,1,0.0,0.0,1
145,0,0,67.0,7.0,0
60,0,2,0.0,0.0,1
60,0,2,71.42857142857143,7.0,0
60,0,0,87.42857142857143,7.0,0
60,0,0,75.5,6.0,1
60,0,0,0.0,0.0,1
120,1,1,78.26666666666667,15.0,1
60,0,1,68.85714285714286,7.0,0
60,1,0,47.333333333333336,6.0,1
60,0,0,73.42857142857143,7.0,0
120,2,1,55.0,1.0,1
120,0,2,76.0,3.0,1
60,0,2,44.42857142857143,7.0,1
60,1,0,68.9375,16.0,1
100,0,1,91.0,6.0,0
120,0,0,0.0,0.0,1
60,0,1,60.42857142857143,7.0,0
60,1,2,67.42857142857143,7.0,0
60,0,0,80.0,1.0,1
60,0,1,72.28571428571429,7.0,0
60,0,1,0.0,0.0,1
90,0,0,71.5,6.0,0
60,0,0,87.71428571428571,7.0,0
60,0,1,67.14285714285714,7.0,0
60,0,2,84.57142857142857,7.0,0
60,0,4,78.71428571428571,7.0,0
120,0,2,66.66666666666667,3.0,1
120,0,0,0.0,0.0,1
60,0,0,81.14285714285714,7.0,0
60,1,1,83.57142857142857,7.0,0
60,0,1,78.4,5.0,1
60,0,1,82.14285714285714,7.0,0
60,1,0,79.54545454545455,11.0,1
60,1,2,39.0,2.0,1
60,0,2,0.0,0.0,1
60,2,2,72.75,4.0,1
120,0,2,48.4,5.0,1
60,0,1,86.71428571428571,7.0,0
60,1,2,78.0,11.0,1
60,0,0,86.28571428571429,7.0,0
60,1,2,43.333333333333336,3.0,1
120,0,0,0.0,0.0,1
60,2,2,78.71428571428571,7.0,1
60,2,2,58.66666666666666,9.0,1
60,0,2,64.0,7.0,0
60,1,1,52.0,6.0,1
150,0,0,0.0,0.0,1
120,1,2,79.0909090909091,11.0,0
240,0,0,91.14285714285714,21.0,1
150,0,2,0.0,0.0,1
60,0,2,88.14285714285714,7.0,0
60,0,0,65.14285714285714,7.0,1
60,0,2,54.833333333333336,6.0,1
60,1,0,62.54545454545455,11.0,0
90,0,0,71.66666666666667,6.0,1
120,0,2,74.66666666666667,12.0,0
180,0,2,0.0,0.0,1
60,1,2,86.75,4.0,1
120,0,0,0.0,0.0,1
120,0,0,0.0,0.0,1
60,0,1,80.42857142857143,7.0,0
60,1,2,64.33333333333333,3.0,1
150,2,2,57.0,8.0,1
60,2,0,60.0,2.0,1
120,0,0,71.71428571428571,7.0,0
90,0,0,43.0,5.0,1
130,1,1,68.75,4.0,1
60,0,1,76.28571428571429,7.0,0
60,2,0,49.7,10.0,1
120,0,0,0.0,0.0,1
60,0,3,40.0,1.0,1
120,0,2,85.57142857142857,7.0,0
120,0,1,80.57142857142857,7.0,0
60,0,4,91.4,5.0,1
120,0,0,70.0,1.0,1
120,0,2,79.71428571428571,7.0,0
90,0,2,64.85714285714286,7.0,0
120,1,0,70.42857142857143,7.0,0
60,0,2,0.0,0.0,1
120,0,0,0.0,0.0,1
30,0,2,0.0,0.0,1
60,0,0,0.0,0.0,1
30,0,2,75.22222222222223,9.0,0
90,0,0,0.0,0.0,1
60,0,1,72.38461538461539,13.0,0
60,0,1,92.75,4.0,0
30,0,0,75.28571428571429,7.0,0
60,0,2,70.85714285714286,7.0,0
60,0,0,76.5,4.0,0
120,0,2,45.0,5.0,0
60,0,1,60.75,4.0,1
30,0,1,89.75,4.0,0
30,0,0,92.0,1.0,1
150,0,0,0.0,0.0,1
105,0,2,0.0,0.0,1
90,0,1,86.0,5.0,1
60,0,1,78.92307692307692,13.0,0
80,0,1,0.0,0.0,1
60,0,2,0.0,0.0,1
30,0,2,61.0,2.0,1
120,0,2,76.0,2.0,1
130,0,0,88.75,4.0,0
60,0,2,0.0,0.0,1
90,0,2,57.2,5.0,1
145,0,0,92.25,4.0,0
60,0,1,89.5,4.0,0
60,0,2,56.4,5.0,0
50,0,0,88.5,4.0,0
60,0,2,92.0,1.0,1
150,0,2,84.0,1.0,1
60,0,0,89.25,4.0,0
110,0,2,94.0,4.0,0
60,0,2,0.0,0.0,1
90,0,0,75.0,4.0,0
60,0,3,66.5,4.0,1
180,0,2,80.77777777777777,9.0,0
45,0,1,76.23076923076923,13.0,0
90,0,0,72.33333333333333,3.0,0
270,0,0,0.0,0.0,1
90,0,1,90.25,4.0,0
30,0,1,92.25,4.0,0
30,0,2,85.0,3.0,1
30,0,2,68.0,1.0,1
60,0,0,77.9090909090909,11.0,0
30,0,0,69.66666666666667,3.0,0
60,0,4,82.66666666666667,6.0,1
30,0,2,56.0,2.0,1
60,0,1,75.0,4.0,0
140,0,1,83.33333333333333,3.0,1
30,0,1,89.0,4.0,0
60,0,2,70.25,4.0,0
60,0,0,90.84615384615384,13.0,0
60,0,2,71.38461538461539,13.0,0
30,0,0,0.0,0.0,1
60,0,1,0.0,0.0,1
60,0,2,93.5,4.0,0
60,0,0,83.22222222222223,18.0,0
60,0,0,64.42857142857143,7.0,0
30,0,0,0.0,0.0,1
150,0,1,58.21428571428572,14.0,0
60,0,0,77.6923076923077,13.0,0
30,0,2,87.5,2.0,1
90,0,1,64.875,8.0,0
60,0,0,91.5,4.0,0
120,0,2,99.75,4.0,0
30,0,0,0.0,0.0,1
90,0,1,87.25,4.0,0
60,0,0,0.0,0.0,1
120,0,2,81.75,4.0,0
90,0,0,79.75,4.0,0
60,0,2,46.0,3.0,1
215,0,1,62.66666666666666,3.0,0
60,0,2,75.25,4.0,0
55,0,1,81.5,2.0,1
255,0,2,68.0,4.0,1
150,0,0,73.25,4.0,0
210,0,2,95.0,1.0,1
90,0,2,0.0,0.0,1
120,0,1,92.75,4.0,0
60,0,1,0.0,0.0,1
30,0,2,75.2,5.0,1
120,0,0,58.71428571428572,7.0,1
30,0,2,78.0,4.0,0
60,0,0,0.0,0.0,1
60,0,2,84.8,5.0,0
60,0,2,95.75,4.0,0
90,0,0,64.18181818181819,11.0,0
30,0,2,54.333333333333336,6.0,0
60,0,2,91.75,4.0,0
90,0,0,67.0,4.0,0
30,0,0,94.0,4.0,0
30,0,0,86.75,4.0,0
60,0,0,81.0,4.0,0
70,0,0,80.75,4.0,0
40,0,0,92.0,4.0,0
60,0,2,77.53846153846153,13.0,0
60,0,2,0.0,0.0,1
60,0,0,57.5,2.0,1
60,0,2,0.0,0.0,1
60,0,2,79.0,4.0,0
30,0,0,73.25,4.0,1
30,0,0,77.0,5.0,0
60,0,0,0.0,0.0,1
40,0,0,87.25,4.0,0
160,0,0,64.5,4.0,0
120,0,0,0.0,0.0,1
60,0,0,90.5,4.0,0
60,0,2,75.0,3.0,0
60,0,2,73.75,4.0,0
90,0,0,92.75,4.0,0
120,0,0,71.75,4.0,0
120,0,0,89.5,4.0,0
30,0,2,67.0,6.0,0
60,0,2,70.33333333333333,3.0,0
60,0,2,0.0,0.0,1
120,0,2,0.0,0.0,1
240,0,1,85.0,4.0,0
60,0,2,0.0,0.0,1
30,0,0,0.0,0.0,1
60,0,2,61.30769230769231,13.0,0
60,0,1,75.0,4.0,0
30,0,0,0.0,0.0,1
30,0,2,47.5,2.0,1
60,0,1,66.0,1.0,1
90,0,2,63.5,4.0,1
30,0,0,91.0,4.0,0
30,0,0,52.0,4.0,0
60,0,2,82.53846153846153,13.0,0
30,0,2,58.75,4.0,0
60,0,0,80.0,4.0,0
30,0,0,71.0,4.0,0
60,0,1,93.25,4.0,0
60,0,2,0.0,0.0,1
60,0,0,83.0,1.0,1
60,0,0,89.25,4.0,0
120,0,0,80.33333333333333,9.0,0
90,0,0,57.76923076923077,13.0,0
30,0,0,0.0,0.0,1
30,0,2,96.25,4.0,0
45,0,0,67.0,4.0,0
60,0,0,73.66666666666667,6.0,0
90,0,2,46.75,4.0,0
30,0,0,47.5,4.0,0
60,0,0,57.0,1.0,1
90,0,2,78.5,4.0,0
30,0,2,0.0,0.0,1
30,0,2,63.2,5.0,0
60,0,0,75.92307692307692,13.0,0
60,0,1,0.0,0.0,1
95,0,2,79.0,2.0,1
30,0,1,72.25,4.0,0
60,0,2,84.0,4.0,0
60,0,2,75.0,4.0,0
60,0,0,75.0,6.0,0
60,0,0,49.0,1.0,1
90,0,0,40.5,2.0,1
60,0,0,70.5,4.0,0
60,0,2,0.0,0.0,1
120,0,2,46.0,1.0,1
30,0,1,83.0,4.0,0
30,0,2,81.23076923076923,13.0,0
180,0,0,77.75,4.0,0
60,0,0,88.5,4.0,0
40,0,1,96.0,4.0,0
90,0,2,55.0,3.0,0
60,0,2,66.0,1.0,1
30,0,1,74.3076923076923,13.0,0
60,0,0,56.0,7.0,1
60,0,0,82.53846153846153,13.0,0
60,0,0,0.0,0.0,1
40,0,0,87.0,4.0,0
90,0,0,87.0,4.0,0
60,0,0,71.0,2.0,1
45,0,3,88.25,4.0,0
60,0,2,77.71428571428571,7.0,0
60,0,0,92.33333333333331,3.0,0
60,0,2,83.25,4.0,0
60,0,2,89.0,1.0,1
60,0,0,80.25,4.0,0
30,0,0,77.5,4.0,0
30,0,0,0.0,0.0,1
60,0,4,96.76923076923076,13.0,0
60,0,0,92.75,4.0,0
30,0,1,87.0,4.0,1
30,0,1,88.75,4.0,0
60,0,2,81.54545454545455,11.0,0
120,0,2,63.71428571428572,7.0,1
30,0,1,65.25,4.0,0
30,0,0,92.0,1.0,1
120,0,3,0.0,0.0,1
30,0,0,91.25,4.0,0
60,0,1,89.25,4.0,0
60,0,0,64.0,11.0,1
60,0,2,71.0,6.0,0
60,0,0,86.0,5.0,0
30,0,2,81.5,4.0,0
30,0,0,75.0,2.0,1
90,0,1,52.0,3.0,1
120,0,2,82.5,2.0,1
90,0,0,0.0,0.0,1
90,0,2,63.266666666666666,15.0,0
60,0,1,65.3076923076923,13.0,0
90,0,0,86.16666666666667,6.0,0
50,0,0,83.0,4.0,0
60,0,0,60.5,4.0,0
60,0,2,91.0,1.0,1
30,0,2,83.25,4.0,0
60,0,2,53.0,2.0,1
60,0,2,90.75,4.0,0
60,0,0,63.75,4.0,0
60,0,1,45.9,10.0,1
30,0,2,66.0,2.0,1
45,0,0,60.2,5.0,0
60,0,0,57.0,6.0,0
60,0,0,77.77777777777777,9.0,0
60,0,4,0.0,0.0,1
30,0,0,89.66666666666667,3.0,0
30,0,0,76.66666666666667,3.0,0
50,0,4,88.25,4.0,0
120,0,0,78.42857142857143,7.0,0
30,0,2,80.75,4.0,0
30,0,3,0.0,0.0,1
60,0,0,73.5,12.0,0
30,0,1,74.75,4.0,0
60,0,1,83.0,3.0,0
60,0,0,61.5,4.0,0
60,0,0,85.25,4.0,0
60,0,2,84.38461538461539,13.0,1
30,0,0,91.0,4.0,0
60,0,0,89.5,4.0,0
85,0,2,87.76923076923077,13.0,0
120,0,0,0.0,0.0,1
60,0,2,75.16666666666667,6.0,0
30,0,2,68.25,4.0,0
60,0,1,72.25,4.0,0
90,0,0,0.0,0.0,1
90,0,0,56.0,10.0,0
60,0,0,94.25,4.0,0
30,0,0,70.88888888888889,9.0,0
60,0,0,0.0,0.0,1
60,0,0,89.75,4.0,0
60,0,0,87.0,4.0,0
60,0,0,63.5,4.0,0
60,0,0,70.85714285714286,14.0,0
30,0,1,86.75,4.0,0
60,0,0,60.5,2.0,1
30,0,0,86.5,4.0,0
60,0,0,0.0,0.0,1
60,0,0,91.75,4.0,0
60,0,1,0.0,0.0,1
90,0,2,60.66666666666666,3.0,1
60,0,1,0.0,0.0,1
30,0,2,89.25,4.0,0
60,0,1,90.5,4.0,0
30,0,2,49.2,10.0,0
60,0,0,70.75,12.0,0
60,0,1,89.75,4.0,0
30,0,2,61.25,4.0,0
120,0,1,82.66666666666667,3.0,1
30,0,2,0.0,0.0,1
60,0,2,82.75,4.0,0
30,0,0,83.33333333333333,3.0,0
30,0,1,68.57142857142857,7.0,0
60,0,0,37.285714285714285,7.0,1
30,0,0,69.0,3.0,1
30,0,2,0.0,0.0,1
90,0,0,71.0,2.0,1
30,0,1,83.0,4.0,0
30,0,1,87.0,5.0,0
60,0,2,67.6,5.0,0
60,0,1,0.0,0.0,1
90,0,1,0.0,0.0,1
60,0,0,78.7,10.0,0
60,0,0,65.5,2.0,1
60,0,1,72.0,1.0,1
30,0,0,0.0,0.0,1
60,0,2,0.0,0.0,1
60,0,2,62.25,4.0,1
30,0,1,89.0,6.0,0
90,0,0,0.0,0.0,1
90,0,0,0.0,0.0,1
60,0,0,52.22222222222222,9.0,0
60,0,0,56.5,4.0,0
60,0,0,79.0,4.0,0
30,0,0,55.0,4.0,1
60,0,2,60.0,3.0,0
60,0,0,80.5,4.0,0
90,0,2,87.25,4.0,1
60,0,0,57.25,8.0,0
60,0,2,84.0,5.0,0
60,0,0,73.8,5.0,0
30,0,0,0.0,0.0,1
60,0,2,0.0,0.0,1
30,0,0,71.0,1.0,1
30,0,0,80.75,4.0,0
60,0,2,68.0,1.0,1
30,0,2,81.5,4.0,1
60,0,0,72.0,4.0,0
30,0,0,72.0,1.0,1
60,0,0,67.33333333333333,18.0,0
90,0,0,59.333333333333336,3.0,1
60,0,0,94.5,4.0,0
90,0,0,93.0,4.0,0
30,0,1,61.55555555555556,9.0,0
60,0,0,79.5,4.0,0
60,0,0,86.66666666666667,3.0,1
60,0,2,78.85714285714286,7.0,0
30,0,1,92.25,4.0,0
60,0,2,26.0,1.0,1
60,0,0,0.0,0.0,1
30,0,2,70.66666666666667,3.0,0
30,0,2,64.6,5.0,1
120,0,0,74.0,4.0,0
60,0,0,42.25,8.0,0
90,0,0,72.25,4.0,0
30,0,2,0.0,0.0,1
60,0,2,90.75,4.0,0
60,0,0,55.16666666666666,6.0,0
60,0,0,77.0,13.0,0
150,0,2,78.4,5.0,0
60,0,2,69.75,4.0,0
30,0,2,89.25,4.0,0
60,0,0,79.75,4.0,0
60,0,2,62.75,4.0,0
60,0,0,50.6,5.0,1
150,0,0,90.0,4.0,0
30,0,2,0.0,0.0,1
60,0,0,75.0,4.0,0
30,0,2,52.75,4.0,0
60,0,2,90.5,4.0,0
60,0,2,76.75,4.0,0
60,0,2,97.0,1.0,1
60,0,2,60.75,8.0,0
30,0,0,66.0,4.0,0
60,0,2,87.5,4.0,1
120,0,2,51.66666666666666,3.0,1
30,0,0,97.0,1.0,1
60,0,0,81.33333333333333,3.0,0
60,0,0,88.0,1.0,1
30,0,0,76.0,2.0,1
30,0,1,96.0,4.0,0
60,0,0,63.0,1.0,1
60,0,2,56.0,4.0,1
60,0,0,49.1,10.0,1
90,0,2,67.6923076923077,13.0,0
120,0,0,0.0,0.0,1
30,0,2,0.0,0.0,1
60,0,0,72.5,4.0,0
60,0,0,84.25,4.0,0
90,0,0,0.0,0.0,1
60,0,2,75.83333333333333,6.0,0
90,0,0,78.75,4.0,0
60,0,1,86.0,4.0,0
30,0,0,77.75,4.0,1
90,0,0,0.0,0.0,1
60,0,0,69.5,6.0,0
60,0,0,64.0,13.0,0
60,0,0,83.5,4.0,1
30,0,2,0.0,0.0,1
150,0,0,0.0,0.0,1
120,0,0,55.0,4.0,0
60,0,0,88.5,4.0,0
60,0,2,39.0,1.0,1
30,0,2,91.5,4.0,0
180,0,2,59.333333333333336,3.0,1
60,0,2,80.08333333333333,12.0,0
30,0,0,0.0,0.0,1
30,0,2,79.0,4.0,1
90,0,2,82.25,4.0,0
60,0,1,0.0,0.0,1
30,0,2,72.33333333333333,3.0,0
60,0,2,81.25,4.0,0
90,0,2,47.0,1.0,1
30,0,0,64.66666666666667,3.0,1
30,0,2,73.25,4.0,0
120,0,0,100.0,1.0,1
60,0,2,62.5,14.0,0
60,0,2,75.0,4.0,0
60,0,2,0.0,0.0,1
60,0,0,87.0,4.0,0
60,0,2,44.0,2.0,1
90,0,2,77.75,4.0,0
30,0,0,75.07142857142857,14.0,1
60,0,2,63.0,3.0,1
30,0,2,0.0,0.0,1
120,0,2,0.0,0.0,1
30,0,1,78.76923076923077,13.0,0
60,0,2,0.0,0.0,1
30,0,2,0.0,0.0,1
90,0,0,91.25,4.0,0
60,0,0,60.5,4.0,0
60,0,0,54.333333333333336,6.0,0
60,0,2,0.0,0.0,1
60,0,2,0.0,0.0,1
120,0,2,77.4,5.0,0
30,0,1,68.5,8.0,0
60,0,2,91.5,4.0,0
150,0,0,88.0,4.0,1
60,0,1,79.0,1.0,1
60,0,2,70.66666666666667,9.0,0
60,0,2,71.0,3.0,1
60,0,2,70.5,4.0,0
60,0,0,0.0,0.0,1
60,0,0,79.92307692307692,13.0,0
90,0,0,62.6,5.0,0
60,0,0,0.0,0.0,1
60,0,0,86.0,4.0,0
30,0,2,57.0,1.0,1
60,0,0,0.0,0.0,1
60,0,0,67.0,3.0,1
120,0,1,0.0,0.0,1
60,0,0,91.0,4.0,0
135,0,2,69.33333333333333,9.0,0
30,0,1,66.75,4.0,0
90,0,0,86.0,4.0,0
60,0,2,89.75,4.0,0
120,0,0,62.285714285714285,7.0,0
60,0,2,69.5,2.0,1
60,0,2,72.5,2.0,1
30,0,0,60.0,1.0,1
30,0,0,64.7,10.0,0
60,0,0,74.33333333333333,3.0,1
30,0,2,81.25,4.0,0
60,0,0,80.75,4.0,0
60,0,1,91.0,4.0,0
60,0,0,82.5,4.0,0
90,0,2,68.5,4.0,1
120,0,1,72.66666666666667,6.0,0
60,0,0,0.0,0.0,1
60,0,2,79.75,4.0,0
60,0,2,93.75,4.0,0
60,0,2,0.0,0.0,1
60,0,2,0.0,0.0,1
30,0,0,0.0,0.0,1
60,0,0,86.75,4.0,0
90,0,0,85.0,4.0,1
120,0,2,55.5,4.0,1
60,0,2,0.0,0.0,1
60,0,1,73.0,4.0,0
60,0,0,74.0,1.0,1
30,0,2,0.0,0.0,1
150,0,1,72.42105263157895,19.0,1
90,0,1,92.66666666666669,6.0,1
60,0,0,0.0,0.0,1
90,0,2,51.0,3.0,1
90,0,1,70.6923076923077,13.0,0
60,0,2,87.0,13.0,0
30,0,0,0.0,0.0,1
60,0,2,91.5,4.0,0
60,0,0,73.23076923076923,13.0,0
60,0,0,90.0,4.0,0
60,0,2,0.0,0.0,1
90,0,2,0.0,0.0,1
60,0,0,66.46153846153847,13.0,0
60,0,2,40.0,2.0,1
60,0,2,0.0,0.0,1
90,0,2,61.16666666666666,6.0,0
60,0,2,87.25,4.0,0
60,0,1,82.25,4.0,0
60,0,0,0.0,0.0,1
60,0,0,0.0,0.0,1
75,0,0,81.0,4.0,0
60,0,0,89.75,4.0,0
60,0,2,62.75,12.0,0
120,0,2,74.16666666666667,12.0,0
60,0,1,55.5,4.0,1
90,0,2,0.0,0.0,1
30,0,2,67.66666666666667,3.0,0
60,0,0,74.75,4.0,0
60,0,0,61.0,7.0,0
150,0,2,50.0,1.0,1
60,0,2,69.18181818181819,11.0,0
120,0,0,70.5,6.0,0
240,0,2,0.0,0.0,1
60,0,2,81.5,4.0,0
60,0,2,0.0,0.0,1
30,0,1,71.61538461538461,13.0,0
30,0,2,0.0,0.0,1
30,0,2,73.0,6.0,0
90,0,0,83.42857142857143,7.0,0
60,0,0,92.75,4.0,0
60,0,0,0.0,0.0,1
90,0,2,85.4,5.0,0
60,0,2,0.0,0.0,1
60,0,2,48.5,4.0,0
60,0,0,57.8,10.0,0
60,0,0,75.9,10.0,0
60,0,2,0.0,0.0,1
60,0,2,84.0,4.0,0
60,0,1,65.0,1.0,1
60,0,2,81.75,4.0,0
30,0,1,82.0,1.0,1
60,0,0,84.5,4.0,0
90,0,2,48.0,4.0,1
60,0,1,0.0,0.0,1
60,0,1,82.0,4.0,0
30,0,0,79.0,4.0,0
60,0,0,75.0,1.0,1
60,0,0,82.0,4.0,0
60,0,2,71.53846153846153,13.0,0
130,0,1,77.0,13.0,0
60,0,1,69.75,4.0,0
30,0,0,75.625,8.0,0
90,0,0,90.75,4.0,0
60,0,0,84.75,4.0,0
120,0,1,79.16666666666667,6.0,1
60,0,2,0.0,0.0,1
60,0,2,50.0,1.0,1
30,0,1,0.0,0.0,1
60,0,1,0.0,0.0,1
60,0,1,93.5,4.0,0
90,0,0,0.0,0.0,1
30,0,2,88.84615384615384,13.0,0
60,0,2,0.0,0.0,1
60,0,0,57.61538461538461,13.0,0
90,0,1,88.0,1.0,1
60,0,0,0.0,0.0,1
60,0,1,82.0,4.0,0
60,0,0,0.0,0.0,1
60,0,0,89.5,4.0,0
60,0,0,83.5,4.0,1
30,0,0,49.2,5.0,1
90,0,2,67.66666666666667,9.0,0
120,0,2,0.0,0.0,1
90,0,0,61.25,4.0,0
90,0,0,50.57142857142857,7.0,0
60,0,1,35.0,2.0,1
120,0,2,0.0,0.0,1
60,0,0,71.75,12.0,0
60,0,0,82.25,4.0,0
60,0,0,85.75,4.0,0
90,0,0,0.0,0.0,1
60,0,2,94.5,4.0,0
60,0,2,73.33333333333333,6.0,0
60,0,0,68.55555555555556,9.0,0
60,0,0,62.75,4.0,1
60,0,0,89.25,4.0,0
120,0,2,46.142857142857146,7.0,1
60,0,2,0.0,0.0,1
120,0,0,78.5,2.0,1
150,0,2,55.66666666666666,3.0,1
30,0,2,0.0,0.0,1
60,0,1,57.0,2.0,1
90,0,1,56.75,4.0,0
60,0,0,71.75,8.0,0
60,0,0,82.0,4.0,0
90,0,1,86.5,2.0,1
120,0,2,0.0,0.0,1
30,0,0,79.5,4.0,0
90,0,2,0.0,0.0,1
60,0,0,0.0,0.0,1
180,0,2,0.0,0.0,1
90,0,2,81.6,5.0,0
60,0,1,80.76923076923077,13.0,0
60,0,2,0.0,0.0,1
30,0,2,0.0,0.0,1
60,0,2,58.25,4.0,0
60,0,1,77.0,3.0,1
90,0,1,61.2,5.0,1
60,0,1,95.25,4.0,0
120,0,2,80.5,2.0,1
60,0,0,85.0,4.0,0
30,0,2,89.0,2.0,1
90,0,0,0.0,0.0,1
150,0,0,61.5625,16.0,0
30,0,2,65.58333333333333,12.0,0
60,0,0,88.0,4.0,0
60,0,1,88.0,4.0,0
60,0,0,91.25,4.0,0
60,0,1,83.0,1.0,1
60,0,0,0.0,0.0,1
60,0,0,81.0,4.0,0
30,0,0,50.142857142857146,7.0,0
180,0,2,81.25,4.0,0
60,0,2,59.5,6.0,0
90,0,1,55.25,4.0,0
90,0,2,72.77777777777777,9.0,0
60,0,0,0.0,0.0,1
60,0,0,61.0,5.0,0
60,0,2,75.5,6.0,0
90,0,0,58.0,1.0,1
60,0,0,41.833333333333336,6.0,0
60,0,2,87.25,4.0,0
60,0,0,0.0,0.0,1
60,0,1,82.07692307692308,13.0,0
60,0,0,85.66666666666667,9.0,0
90,0,2,53.5,4.0,1
75,0,1,76.6923076923077,13.0,0
60,0,2,93.5,4.0,0
60,0,2,0.0,0.0,1
90,0,0,68.0,4.0,0
60,0,2,0.0,0.0,1
60,0,2,78.0,2.0,1
60,0,2,0.0,0.0,1
30,0,0,86.0,4.0,0
75,0,2,58.25,4.0,1
60,0,2,0.0,0.0,1
60,0,1,76.33333333333333,12.0,0
30,0,0,64.84615384615384,13.0,0
60,0,0,91.25,4.0,0
90,0,2,95.71428571428572,7.0,0
90,0,0,0.0,0.0,1
90,0,2,55.0,2.0,1
30,0,0,81.28571428571429,7.0,0
60,0,2,56.0,1.0,1
60,0,0,0.0,0.0,1
60,0,1,92.0,1.0,1
120,0,1,90.8,5.0,0
60,0,0,0.0,0.0,1
60,0,0,87.0,4.0,0
60,0,1,82.25,4.0,0
60,0,0,85.61538461538461,13.0,0
60,0,0,77.8,5.0,0
60,0,0,92.25,4.0,0
60,0,1,81.75,4.0,1
60,0,2,0.0,0.0,1
90,0,4,86.63636363636364,11.0,1
60,0,0,88.75,4.0,0
30,0,1,61.083333333333336,12.0,0
30,0,0,70.38461538461539,13.0,0
60,0,2,0.0,0.0,1
60,0,0,90.66666666666669,3.0,1
30,0,1,89.25,4.0,0
60,0,0,82.0,4.0,0
90,0,2,76.3,10.0,0
60,0,0,0.0,0.0,1
60,0,0,51.25,4.0,1
120,0,0,79.15384615384616,13.0,0
60,0,2,0.0,0.0,1
60,0,0,70.75,4.0,0
30,0,0,67.38461538461539,13.0,0
90,0,1,68.33333333333333,6.0,0
60,0,2,59.5,12.0,0
30,0,2,62.77777777777778,9.0,0
60,0,2,68.75,8.0,0
90,0,0,81.0,4.0,0
60,0,0,82.5,2.0,1
30,0,0,69.33333333333333,3.0,1
90,0,2,77.125,8.0,1
30,0,2,0.0,0.0,1
60,0,0,88.25,4.0,0
30,0,0,59.0,4.0,0
60,0,0,72.0,2.0,1
30,0,0,72.0,4.0,0
60,0,0,70.5,4.0,0
60,0,2,50.63636363636363,11.0,1
60,0,2,81.0,4.0,1
60,0,2,89.25,4.0,0
60,0,0,85.5,4.0,0
60,0,2,79.5,2.0,1
60,0,0,88.33333333333333,9.0,0
60,0,0,85.0,13.0,0
60,0,2,75.4,5.0,0
60,0,2,75.25,4.0,0
60,0,0,91.25,4.0,0
60,0,2,0.0,0.0,1
60,0,2,70.92307692307692,13.0,0
90,0,2,64.5,4.0,0
60,0,2,89.25,4.0,0
60,0,1,70.53846153846153,13.0,0
60,0,1,0.0,0.0,1
60,0,0,83.625,16.0,0
90,0,1,67.84615384615384,13.0,0
60,0,2,0.0,0.0,1
90,0,2,0.0,0.0,1
60,0,2,68.4,5.0,0
30,0,2,36.5,4.0,0
90,0,2,0.0,0.0,1
60,0,1,78.5,4.0,1
60,0,2,0.0,0.0,1
120,0,2,59.0,2.0,1
60,0,0,0.0,0.0,1
60,0,2,50.0,3.0,1
120,0,0,78.25,4.0,0
60,0,1,56.61538461538461,13.0,0
60,0,1,88.5,4.0,0
90,0,2,0.0,0.0,1
30,0,2,0.0,0.0,1
60,0,0,53.0,4.0,1
60,0,0,95.0,2.0,1
90,0,0,0.0,0.0,1
30,0,2,0.0,0.0,1
60,0,0,89.5,4.0,1
60,0,0,73.2,5.0,0
60,0,2,89.0,4.0,0
30,0,1,89.5,4.0,0
90,0,0,0.0,0.0,1
60,0,1,0.0,0.0,1
60,0,2,59.0,5.0,0
60,0,1,77.5,4.0,0
60,0,2,70.5,6.0,0
30,0,2,76.25,4.0,0
60,0,0,0.0,0.0,1
90,0,0,65.85714285714286,7.0,1
60,0,2,92.5,4.0,0
30,0,2,87.0,1.0,1
30,0,1,0.0,0.0,1
60,0,0,96.6153846153846,13.0,0
60,0,1,92.0,13.0,0
60,0,0,93.5,4.0,1
60,0,1,91.5,2.0,1
60,0,2,56.66666666666666,6.0,0
60,0,0,86.0,1.0,1
30,0,1,61.11111111111112,9.0,0
60,0,2,86.0,4.0,0
90,0,2,66.66666666666667,3.0,1
60,0,2,90.44444444444444,9.0,0
30,0,0,83.75,4.0,0
60,0,0,90.0,4.0,0
120,0,1,46.94736842105263,19.0,0
90,0,2,47.0,2.0,1
30,0,1,85.25,4.0,0
30,0,2,0.0,0.0,1
60,0,0,71.44444444444444,9.0,0
30,0,2,86.25,4.0,0
30,0,1,55.5,4.0,1
120,0,1,95.0,2.0,1
30,0,4,92.0,4.0,0
60,0,1,95.75,12.0,0
60,0,1,62.76923076923077,13.0,0
60,0,4,0.0,0.0,1
60,0,2,68.0,1.0,1
60,0,0,57.0,1.0,1
60,0,1,77.75,4.0,0
60,0,2,57.25,4.0,0
60,0,0,79.5,4.0,0
60,0,2,31.2,5.0,1
60,0,2,0.0,0.0,1
60,0,0,88.75,4.0,0
60,0,0,63.75,4.0,0
60,0,0,74.9,10.0,0
90,0,0,79.2,5.0,0
90,0,0,92.0,1.0,1
60,0,1,88.8,5.0,1
30,0,2,70.0,5.0,0
60,0,0,92.25,4.0,0
60,0,1,42.0,1.0,1
60,0,2,0.0,0.0,1
60,0,0,81.0,4.0,0
90,0,2,58.0,1.0,1
120,0,2,0.0,0.0,1
90,0,2,0.0,0.0,1
30,0,2,79.0,3.0,1
30,0,1,83.75,4.0,0
60,0,1,0.0,0.0,1
60,0,4,90.0,4.0,1
90,0,1,85.66666666666667,9.0,0
60,0,0,92.53846153846152,13.0,0
90,0,0,91.0,4.0,0
60,0,0,0.0,0.0,1
30,0,2,0.0,0.0,1
60,0,2,63.57142857142857,7.0,0
30,0,0,0.0,0.0,1
30,0,1,91.0,7.0,0
60,0,0,68.88888888888889,9.0,0
30,0,1,71.16666666666667,6.0,0
30,0,2,0.0,0.0,1
30,0,0,86.25,4.0,1
30,0,2,0.0,0.0,1
60,0,4,88.0,4.0,0
60,0,0,71.0,1.0,1
90,0,2,88.5,4.0,0
90,0,2,0.0,0.0,1
60,0,2,74.0,2.0,1
60,0,1,79.0,3.0,0
30,0,2,48.5,2.0,1
60,0,0,95.0,2.0,1
30,0,0,74.5,4.0,0
60,0,2,89.5,4.0,0
60,0,1,64.25,4.0,1
60,0,0,0.0,0.0,1
60,0,0,82.5,4.0,0
60,0,2,55.2,5.0,0
60,0,0,64.5,4.0,0
60,0,2,81.5,4.0,0
120,0,0,78.0,4.0,0
60,0,1,73.5,4.0,0
60,0,0,56.0,3.0,0
30,0,1,89.75,4.0,0
60,0,1,70.33333333333333,6.0,0
90,0,0,84.6,5.0,0
60,0,1,83.84615384615384,13.0,0
30,0,2,0.0,0.0,1
60,0,0,77.38461538461539,13.0,0
30,0,2,60.0,2.0,1
60,0,1,94.0,1.0,1
60,0,0,0.0,0.0,1
60,0,0,0.0,0.0,1
30,0,1,79.0,13.0,0
60,0,0,96.0,4.0,0
30,0,1,91.84615384615384,13.0,0
120,0,0,49.55555555555556,9.0,1
30,0,2,60.0,2.0,1
60,0,1,72.53846153846153,13.0,0
60,0,0,74.0,4.0,0
60,0,0,70.0,4.0,0
60,0,0,0.0,0.0,1
90,0,2,77.75,4.0,1
120,0,0,0.0,0.0,1
90,0,0,86.0,1.0,1
60,0,2,80.75,4.0,0
60,0,0,94.0,2.0,1
60,0,2,86.75,4.0,0
60,0,0,50.333333333333336,3.0,1
150,0,1,80.6923076923077,13.0,0
60,0,0,0.0,0.0,1
60,0,4,73.25,16.0,0
30,0,2,0.0,0.0,1
60,0,0,66.0,1.0,1
60,0,0,42.71428571428572,7.0,0
60,0,0,86.25,4.0,0
60,0,0,92.75,4.0,0
60,0,0,70.53846153846153,13.0,0
60,0,0,84.0,5.0,0
60,0,0,66.6,5.0,0
60,0,0,81.0,6.0,0
90,0,0,95.0,4.0,1
30,0,0,77.0,1.0,1
60,0,2,78.75,4.0,0
30,0,2,72.33333333333333,3.0,1
90,0,1,58.4,5.0,0
60,0,0,80.46153846153847,13.0,0
90,0,2,0.0,0.0,1
120,0,0,75.0,4.0,1
60,0,2,0.0,0.0,1
60,0,0,58.66666666666666,6.0,0
60,0,2,92.0,4.0,0
60,0,2,0.0,0.0,1
90,0,1,76.3076923076923,13.0,0
90,0,2,0.0,0.0,1
60,0,0,0.0,0.0,1
30,0,2,14.0,1.0,1
60,0,2,60.333333333333336,3.0,1
60,0,1,67.5,4.0,0
90,0,1,87.2,5.0,0
30,0,0,68.75,4.0,1
30,0,1,86.25,4.0,0
60,0,4,95.0,4.0,0
30,0,2,0.0,0.0,1
60,0,0,81.8,10.0,0
60,0,1,92.5,4.0,0
60,0,1,0.0,0.0,1
60,0,0,87.75,4.0,0
60,0,1,74.55555555555556,9.0,0
60,0,0,85.0,4.0,0
60,0,0,71.92307692307692,13.0,0
60,0,0,51.75,4.0,1
60,0,0,84.75,4.0,1
60,0,2,73.25,4.0,0
60,0,0,0.0,0.0,1
60,0,2,86.25,4.0,0
60,0,0,70.14285714285714,7.0,0
60,0,4,60.15384615384615,13.0,0
60,0,0,64.0,1.0,1
60,0,2,81.71428571428571,7.0,0
60,0,0,0.0,0.0,1
90,0,0,0.0,0.0,1
60,0,2,71.5,6.0,0
60,0,0,83.75,4.0,0
90,0,2,0.0,0.0,1
60,0,2,91.75,4.0,0
60,0,1,67.15384615384616,13.0,0
30,0,0,82.84615384615384,13.0,0
60,0,2,59.333333333333336,3.0,1
60,0,0,85.375,8.0,0
60,0,0,77.0,4.0,0
30,0,1,91.5,4.0,0
60,0,0,88.0,4.0,0
60,0,2,71.3076923076923,13.0,0
60,0,0,89.25,4.0,0
30,0,0,0.0,0.0,1
60,0,2,63.61538461538461,13.0,0
60,0,2,79.77777777777777,9.0,0
60,0,0,70.05555555555556,18.0,1
60,0,0,0.0,0.0,1
30,0,2,78.0,4.0,0
60,0,2,90.25,4.0,0
60,0,2,76.5,2.0,1
60,0,4,80.4,5.0,1
60,0,0,79.0,1.0,1
60,0,0,74.0,2.0,1
60,0,0,0.0,0.0,1
60,0,0,91.0,4.0,0
60,0,2,0.0,0.0,1
60,0,0,89.0,9.0,0
60,0,0,0.0,0.0,1
30,0,1,77.0,4.0,0
30,0,0,0.0,0.0,1
60,0,0,77.0,13.0,0
120,0,2,55.25,4.0,0
60,0,0,88.5,4.0,0
60,0,0,44.0,1.0,1
30,0,0,67.61538461538461,13.0,0
30,0,2,70.6,5.0,0
60,0,1,82.75,4.0,0
60,0,2,0.0,0.0,1
30,0,2,79.6,5.0,0
90,0,2,70.0,1.0,1
60,0,0,63.66666666666666,12.0,0
60,0,0,75.5,2.0,1
60,0,0,88.61538461538461,13.0,0
60,0,2,0.0,0.0,1
30,0,0,91.3076923076923,13.0,0
120,0,1,77.0,4.0,0
60,0,2,45.0,7.0,0
60,0,0,82.46153846153847,13.0,0
90,0,2,71.33333333333333,3.0,1
60,0,2,33.333333333333336,3.0,0
60,0,0,65.22222222222223,9.0,0
30,0,2,0.0,0.0,1
30,0,0,0.0,0.0,1
30,0,0,79.75,4.0,0
60,0,2,53.0,4.0,0
60,0,2,0.0,0.0,1
60,0,2,93.5,6.0,0
60,0,2,69.66666666666667,6.0,0
30,0,2,0.0,0.0,1
30,0,1,87.4,5.0,0
90,0,0,80.0,1.0,1
60,0,1,82.75,4.0,0
30,0,2,80.0,1.0,1
60,0,1,77.0,4.0,0
30,0,0,0.0,0.0,1
60,0,2,70.75,4.0,0
120,0,0,92.75,4.0,0
60,0,2,92.0,4.0,0
60,0,0,75.75,4.0,0
60,0,0,76.8,5.0,0
60,0,1,76.75,12.0,0
60,0,2,0.0,0.0,1
150,0,2,81.75,4.0,0
60,0,2,80.75,4.0,0
30,0,2,65.0,2.0,1
30,0,0,65.5,2.0,1
30,0,4,89.3,10.0,0
60,0,0,89.75,4.0,0
60,0,0,79.4,5.0,1
30,0,0,89.25,4.0,0
30,0,2,65.0,2.0,1
60,0,0,86.53846153846153,13.0,0
60,0,2,86.75,4.0,0
60,0,1,60.16666666666666,12.0,0
60,0,2,93.0,4.0,1
30,0,0,83.5,2.0,1
30,0,0,83.0,4.0,0
30,0,0,0.0,0.0,1
30,0,0,41.25,4.0,1
30,0,0,70.5,4.0,0
60,0,1,71.6,10.0,0
60,0,0,74.25,8.0,0
60,0,1,69.875,8.0,0
30,0,2,87.0,1.0,1
30,0,1,90.0,1.0,1
30,0,2,62.61538461538461,13.0,0
90,0,0,78.75,4.0,0
30,0,0,95.5,4.0,0
90,0,1,91.25,4.0,0
60,0,1,84.25,12.0,0
90,0,0,0.0,0.0,1
180,0,1,75.5,4.0,0
60,0,1,94.0,1.0,1
60,0,2,82.66666666666667,3.0,1
60,0,2,73.875,8.0,0
120,0,0,79.5,4.0,0
30,0,0,90.0,2.0,1
130,0,0,86.33333333333333,3.0,0
150,0,1,91.25,4.0,0
90,0,1,97.5,4.0,0
90,0,0,83.0,3.0,1
115,0,1,81.3076923076923,13.0,0
30,0,2,0.0,0.0,1
30,0,0,51.4,5.0,0
30,0,2,99.25,4.0,0
60,0,0,62.75,4.0,1
60,0,0,89.76923076923077,13.0,0
30,0,1,80.75,4.0,0
120,0,1,47.90909090909091,11.0,0
90,0,2,52.5,8.0,0
60,0,0,81.0,1.0,1
30,0,0,84.5,4.0,0
30,0,0,80.21428571428571,14.0,0
30,0,0,89.25,4.0,0
60,0,1,70.75,4.0,0
30,0,1,89.5,2.0,1
60,0,2,82.0,3.0,1
60,0,4,90.0,4.0,0
165,0,0,86.0,1.0,1
30,0,0,84.75,4.0,0
30,0,1,81.0,3.0,1
60,0,0,91.25,12.0,0
90,0,1,95.0,2.0,1
60,0,0,69.0,2.0,1
60,0,1,77.23076923076923,13.0,0
60,0,2,0.0,0.0,1
90,0,1,73.66666666666667,12.0,1
90,0,1,64.57142857142857,7.0,0
60,0,2,66.25,4.0,0
30,0,2,80.0,2.0,1
30,0,2,80.0,3.0,0
120,0,1,74.22222222222223,9.0,0
60,0,0,82.75,4.0,1
60,0,2,0.0,0.0,1
30,0,0,91.5,4.0,0
60,0,2,67.33333333333333,6.0,0
95,0,2,91.5,4.0,0
30,0,1,85.5,2.0,1
90,0,0,66.66666666666667,3.0,0
30,0,2,92.0,4.0,0
150,0,0,0.0,0.0,1
60,0,1,60.285714285714285,7.0,0
90,0,0,92.25,4.0,0
60,0,1,88.15384615384616,13.0,0
90,0,2,0.0,0.0,1
60,0,1,86.75,4.0,0
60,0,2,64.16666666666667,6.0,0
150,0,1,73.75,4.0,0
30,0,1,79.75,4.0,0
30,0,1,85.5,4.0,0
90,0,4,89.0,4.0,0
60,0,0,91.0,4.0,0
60,0,0,0.0,0.0,1
60,0,1,0.0,0.0,1
30,0,2,82.0,4.0,0
60,0,2,0.0,0.0,1
30,0,0,77.33333333333333,3.0,1
30,0,0,73.0,1.0,1
60,0,0,66.25,8.0,0
60,0,0,63.2,5.0,0
90,0,1,65.28571428571429,7.0,0
60,0,2,83.15384615384616,13.0,0
30,0,1,65.5,4.0,0
60,0,2,82.0,4.0,0
30,0,1,95.6923076923077,13.0,0
90,0,2,70.5,4.0,1
60,0,2,89.75,4.0,0
55,0,1,89.75,4.0,0
120,0,2,0.0,0.0,1
30,0,1,0.0,0.0,1
90,0,2,71.2,5.0,0
60,0,0,73.3076923076923,13.0,0
60,0,0,75.4,5.0,0
90,0,0,81.15384615384616,13.0,0
60,0,0,92.4,10.0,0
120,0,1,76.0,1.0,1
60,0,0,91.5,4.0,0
60,0,2,67.0,1.0,1
60,0,2,69.75,4.0,0
60,0,0,80.25,4.0,0
60,0,2,88.5,4.0,0
90,0,0,0.0,0.0,1
170,0,1,94.5,2.0,1
60,0,2,39.25,8.0,0
60,0,1,84.25,4.0,0
150,0,0,60.0,3.0,0
30,0,2,83.76923076923077,13.0,0
60,0,1,80.61538461538461,13.0,0
60,0,0,79.75,4.0,0
30,0,0,87.0,9.0,0
60,0,1,86.5,4.0,1
90,0,2,0.0,0.0,1
120,0,2,80.75,4.0,0
60,0,0,73.07692307692308,13.0,0
60,0,1,0.0,0.0,1
30,0,0,0.0,0.0,1
30,0,1,84.5,4.0,0
60,0,1,64.0,3.0,1
30,0,1,72.92307692307692,13.0,0
30,0,1,46.0,1.0,1
30,0,4,80.25,4.0,0
60,0,0,77.75,4.0,0
120,0,0,67.33333333333333,3.0,0
60,0,0,76.1,10.0,0
60,0,1,65.66666666666667,3.0,0
60,0,0,97.0,1.0,1
60,0,2,0.0,0.0,1
30,0,1,39.25,4.0,1
30,0,1,66.4,5.0,0
30,0,0,81.75,4.0,0
120,0,0,79.0,4.0,0
30,0,1,87.16666666666667,12.0,0
90,0,1,69.875,8.0,1
100,1,1,83.33333333333333,3.0,0
60,0,2,38.75,4.0,1
30,0,2,46.5,2.0,1
60,0,4,91.8181818181818,11.0,0
60,0,1,64.5,4.0,0
60,0,1,64.33333333333333,3.0,1
30,0,0,54.75,4.0,1
60,0,0,87.53846153846153,13.0,0
60,0,2,73.61538461538461,13.0,0
30,0,2,83.0,5.0,0
60,0,0,0.0,0.0,1
30,0,0,85.07692307692308,13.0,0
120,1,2,0.0,0.0,1
60,0,0,72.33333333333333,3.0,1
60,1,2,90.5,2.0,1
90,0,0,0.0,0.0,1
40,0,2,88.5,4.0,0
135,1,2,68.0,4.0,1
60,0,0,77.54545454545455,11.0,0
60,0,0,81.66666666666667,3.0,0
60,1,0,89.61538461538461,13.0,0
30,0,0,0.0,0.0,1
30,0,0,81.3076923076923,13.0,0
60,0,1,0.0,0.0,1
30,0,2,0.0,0.0,1
60,0,0,52.0,1.0,1
60,0,0,0.0,0.0,1
60,0,0,52.7,10.0,0
30,0,4,89.0,4.0,0
60,0,0,81.0,4.0,0
150,0,1,63.5,4.0,0
120,1,0,0.0,0.0,1
60,0,2,58.0,13.0,0
60,0,2,40.0,1.0,1
150,0,2,83.5,6.0,1
60,1,0,80.33333333333333,3.0,1
30,0,0,86.25,4.0,0
90,0,0,79.0,1.0,1
60,0,2,0.0,0.0,1
135,0,1,64.8,5.0,0
130,0,0,59.25,4.0,0
60,0,2,0.0,0.0,1
60,0,0,77.0,1.0,1
30,0,1,72.25,4.0,0
60,0,2,0.0,0.0,1
90,0,1,82.5,4.0,0
30,0,2,91.0,4.0,0
30,0,0,89.25,4.0,0
120,0,3,64.33333333333333,3.0,0
60,0,0,0.0,0.0,1
60,0,2,0.0,0.0,1
100,0,2,85.75,4.0,0
90,1,0,40.5,2.0,1
30,0,0,46.333333333333336,3.0,1
120,0,0,66.6,5.0,1
30,0,2,75.0,4.0,0
30,0,2,70.25,4.0,0
60,0,2,42.25,4.0,0
60,0,2,0.0,0.0,1
30,0,2,85.25,4.0,0
60,0,1,83.0,4.0,0
60,0,1,62.0,12.0,0
60,0,0,74.125,8.0,1
30,0,0,96.0,1.0,1
60,1,0,87.75,4.0,0
60,0,2,86.75,4.0,0
30,0,0,87.25,4.0,0
30,0,0,75.5,2.0,1
30,0,2,60.5,2.0,1
60,0,2,0.0,0.0,1
30,0,0,87.25,4.0,0
60,0,2,66.8,5.0,0
30,0,0,83.66666666666667,3.0,0
60,0,0,90.3076923076923,13.0,0
30,0,1,95.0,4.0,0
60,0,2,57.5,2.0,1
30,0,1,79.3076923076923,13.0,0
180,0,2,78.0,1.0,1
30,0,0,71.5,2.0,1
60,0,0,80.33333333333333,12.0,0
60,0,1,94.75,4.0,0
180,1,0,63.0,3.0,1
150,0,2,21.5,2.0,1
30,0,0,96.5,4.0,0
30,0,2,53.44444444444444,9.0,0
60,0,0,81.5,4.0,0
120,1,0,82.0,4.0,0
60,0,3,0.0,0.0,1
30,0,0,0.0,0.0,1
120,1,2,41.0,2.0,1
60,0,0,57.66666666666666,3.0,1
120,0,0,0.0,0.0,1
30,0,0,70.5,4.0,0
60,0,1,85.75,4.0,0
30,0,2,71.0,2.0,1
60,0,2,52.66666666666666,6.0,0
60,0,2,0.0,0.0,1
30,0,0,86.66666666666667,3.0,1
30,0,0,87.0,4.0,0
60,0,2,0.0,0.0,1
60,0,0,29.0,1.0,1
60,0,2,42.2,10.0,0
60,0,0,34.2,5.0,1
90,0,1,78.0,4.0,0
30,0,2,64.5,4.0,0
60,0,2,83.5,4.0,0
60,0,2,0.0,0.0,1
60,0,1,78.46153846153847,13.0,0
60,0,0,92.75,4.0,0
60,0,0,71.3076923076923,13.0,0
60,0,0,0.0,0.0,1
30,0,0,62.75,4.0,1
60,0,0,61.333333333333336,3.0,1
60,1,0,0.0,0.0,1
120,0,2,92.0,4.0,0
120,0,0,53.75,4.0,1
60,0,2,93.0,13.0,0
60,1,2,0.0,0.0,1
60,0,2,54.0,1.0,1
60,1,2,62.25,4.0,1
60,0,0,20.0,1.0,1
30,0,2,44.0,1.0,1
60,0,2,71.75,12.0,0
120,0,0,54.66666666666666,9.0,0
60,0,1,29.0,2.0,1
120,1,0,76.25,4.0,1
60,0,2,63.55555555555556,9.0,1
90,1,2,87.25,4.0,0
60,0,2,83.33333333333333,3.0,1
90,1,0,82.33333333333333,3.0,0
30,0,2,37.0,1.0,1
120,0,2,45.25,8.0,0
120,0,0,0.0,0.0,1
30,0,0,0.0,0.0,1
30,0,0,93.33333333333331,3.0,1
60,0,2,92.2,5.0,0
60,0,0,69.2,5.0,0
30,0,0,80.0,1.0,1
60,0,1,69.25,8.0,0
30,0,2,84.25,4.0,0
60,0,0,55.0,13.0,0
60,0,0,73.0,2.0,1
60,0,2,75.72727272727273,11.0,0
30,0,0,62.76923076923077,13.0,0
60,0,0,73.23076923076923,13.0,1
120,1,0,0.0,0.0,1
30,0,2,0.0,0.0,1
60,0,0,65.5,2.0,1
120,0,2,48.75,4.0,1
60,1,0,50.6,5.0,1
60,0,2,50.0,1.0,1
120,1,2,0.0,0.0,1
30,0,0,78.25,4.0,0
150,1,0,59.25,8.0,0
120,0,2,62.2,5.0,1
60,0,2,24.0,2.0,1
30,0,1,89.0,4.0,0
30,0,0,0.0,0.0,1
30,0,0,0.0,0.0,1
90,1,4,86.75,4.0,0
120,0,2,92.5,4.0,0
60,0,4,71.14285714285714,14.0,0
60,0,4,43.0,2.0,1
120,1,2,58.0,2.0,1
90,0,1,0.0,0.0,1
30,0,2,53.0,5.0,0
60,0,2,73.0,1.0,1
60,0,0,50.0,1.0,1
60,0,4,63.0,2.0,1
60,0,4,77.23076923076923,13.0,0
60,0,1,75.92307692307692,13.0,0
90,1,0,76.84615384615384,13.0,0
60,0,1,66.3,10.0,0
60,0,1,90.5,6.0,0
30,0,0,0.0,0.0,1
150,1,0,88.0,4.0,1
60,0,0,77.0,2.0,1
90,0,1,15.333333333333334,3.0,1
30,0,0,84.25,4.0,0
90,0,2,76.66666666666667,3.0,1
120,1,2,69.33333333333333,9.0,1
60,0,2,0.0,0.0,1
60,0,3,65.1,10.0,1
60,0,1,81.0,4.0,0
60,0,2,72.83333333333333,6.0,1
60,0,2,64.5,2.0,1
45,0,0,81.0,2.0,1
60,1,0,0.0,0.0,1
90,1,0,85.0,4.0,0
90,1,2,0.0,0.0,1
60,0,2,0.0,0.0,1
60,0,0,64.23076923076923,13.0,0
60,0,2,0.0,0.0,1
30,0,1,76.0,5.0,0
90,1,0,67.16666666666667,6.0,0
150,1,2,0.0,0.0,1
30,0,0,82.1,10.0,0
60,1,1,59.2,5.0,0
60,0,1,63.5,4.0,0
60,0,2,76.0,4.0,0
30,0,2,91.0,4.0,0
60,0,2,64.76923076923077,13.0,0
120,1,2,0.0,0.0,1
60,1,1,83.14285714285714,7.0,0
60,1,2,75.75,4.0,0
120,1,2,0.0,0.0,1
60,0,0,53.16666666666666,6.0,1
60,0,2,82.5,4.0,0
135,1,2,50.45454545454545,11.0,0
60,0,0,92.0,4.0,0
120,0,0,73.0,4.0,0
60,0,2,67.6923076923077,13.0,0
60,0,0,88.16666666666667,6.0,1
60,0,2,88.5,4.0,0
165,0,2,66.0,1.0,1
60,0,0,95.6923076923077,13.0,0
60,0,0,84.61538461538461,13.0,0
90,0,0,89.8,5.0,0
60,0,0,78.33333333333333,3.0,0
120,0,0,98.3076923076923,13.0,0
90,0,0,75.84615384615384,13.0,0
60,0,2,0.0,0.0,1
60,1,1,80.25,4.0,0
45,0,1,0.0,0.0,1
30,0,0,77.5,4.0,0
30,0,2,89.75,4.0,0
60,0,0,10.0,1.0,1
150,0,2,61.55,20.0,0
120,0,1,0.0,0.0,1
60,1,0,93.5,4.0,0
60,0,2,0.0,0.0,1
60,1,2,46.8,10.0,0
150,0,0,71.5,4.0,0
150,0,2,73.25,4.0,0
60,0,0,66.75,4.0,1
60,1,1,92.75,4.0,0
60,0,0,0.0,0.0,1
60,1,2,64.0,4.0,0
60,0,2,90.0,1.0,1
60,0,1,93.0,4.0,0
60,1,4,90.0,4.0,0
90,1,0,42.0,3.0,1
90,1,2,53.25,4.0,1
60,0,2,66.0,5.0,0
60,0,0,81.0,4.0,0
90,1,2,64.18181818181819,11.0,0
60,0,2,51.75,4.0,0
30,0,1,75.25,4.0,0
120,1,0,49.55555555555556,9.0,1
90,0,0,84.8,5.0,0
60,0,1,72.75,4.0,0
90,1,2,60.0,5.0,0
60,0,1,55.0,3.0,1
90,1,0,95.0,4.0,0
75,1,0,69.5,4.0,0
180,0,2,68.58333333333333,12.0,0
90,1,0,0.0,0.0,1
60,0,0,68.46153846153847,13.0,0
30,0,0,81.16666666666667,6.0,0
120,1,0,75.0,4.0,0
30,0,0,96.25,4.0,0
90,1,2,0.0,0.0,1
30,0,0,92.75,4.0,0
60,0,1,71.4,5.0,1
90,1,0,98.0,2.0,1
30,0,1,95.0,4.0,0
60,0,1,85.33333333333333,3.0,0
120,0,2,0.0,0.0,1
60,0,0,52.125,8.0,0
60,0,0,0.0,0.0,1
30,0,1,93.75,4.0,0
30,0,2,83.5,4.0,0
30,0,0,69.5,2.0,1
90,1,1,0.0,0.0,1
60,1,1,84.25,4.0,0
120,0,2,73.22222222222223,9.0,0
120,1,1,0.0,0.0,1
60,0,2,82.5,4.0,0
75,0,1,0.0,0.0,1
45,0,1,0.0,0.0,1
30,0,0,69.38461538461539,13.0,0
60,0,0,87.07692307692308,13.0,0
60,0,2,0.0,0.0,1
60,0,0,81.66666666666667,3.0,1
30,0,0,77.75,4.0,0
60,0,2,0.0,0.0,1
150,1,0,40.0,1.0,1
60,0,1,76.0,2.0,1
30,0,2,41.0,1.0,1
60,0,2,0.0,0.0,1
60,0,1,53.46153846153846,13.0,0
60,0,2,0.0,0.0,1
120,1,1,0.0,0.0,1
60,0,2,86.8,5.0,1
60,0,1,54.0,4.0,1
120,0,1,69.0,8.0,1
120,0,0,51.76923076923077,13.0,0
90,0,1,90.15384615384616,13.0,0
60,0,1,77.30434782608695,23.0,1
30,0,2,60.4,5.0,0
60,0,2,0.0,0.0,1
30,0,0,90.5,2.0,1
30,0,4,88.75,4.0,0
30,0,0,82.92307692307692,13.0,0
60,0,2,87.0,4.0,0
30,0,0,95.5,2.0,1
30,0,0,74.33333333333333,3.0,1
60,0,2,49.16666666666666,6.0,1
60,0,0,0.0,0.0,1
60,0,0,69.57142857142857,7.0,0
60,0,2,20.0,1.0,1
30,0,0,76.46153846153847,13.0,0
60,0,2,63.66666666666666,3.0,1
30,0,0,74.4,5.0,0
60,0,0,79.83333333333333,12.0,0
60,0,0,64.66666666666667,3.0,1
60,0,1,85.5,4.0,1
30,0,0,82.5,2.0,1
60,0,2,0.0,0.0,1
120,0,0,0.0,0.0,1
60,0,1,48.833333333333336,12.0,0
60,0,4,93.23076923076924,13.0,0
60,0,2,94.25,4.0,0
60,0,1,0.0,0.0,1
60,0,2,70.0,10.0,0
30,0,1,72.5,2.0,1
75,0,1,85.25,4.0,0
30,0,0,83.25,4.0,0
30,0,1,82.25,4.0,0
60,0,2,20.0,2.0,1
30,0,2,0.0,0.0,1
60,0,0,77.58333333333333,12.0,0
30,0,2,23.666666666666668,3.0,1
60,0,2,66.84615384615384,13.0,0
60,0,2,92.28571428571428,14.0,1
60,0,0,48.0,12.0,0
30,0,2,92.0,2.0,1
30,0,0,96.0,1.0,1
60,0,2,71.36363636363636,11.0,0
30,0,0,91.0,2.0,1
60,0,0,0.0,0.0,1
60,0,2,0.0,0.0,1
60,0,0,53.0,1.0,1
60,0,0,60.0,1.0,1
60,0,2,83.6923076923077,13.0,0
60,0,2,91.83333333333331,12.0,0
30,0,0,64.6,5.0,1
30,0,0,65.33333333333333,3.0,0
120,0,1,67.0,4.0,0
60,0,2,0.0,0.0,1
60,0,0,51.75,4.0,1
60,0,0,0.0,0.0,1
60,0,0,71.38461538461539,13.0,0
90,0,0,86.0,4.0,0
60,0,0,56.8,5.0,0
60,0,2,87.0,1.0,1
90,0,2,0.0,0.0,1
90,0,2,0.0,0.0,1
60,0,0,95.07692307692308,13.0,0
60,0,2,88.3076923076923,13.0,0
30,0,2,66.8,5.0,0
60,0,0,26.0,3.0,1
60,0,0,77.0909090909091,11.0,0
60,0,0,94.75,16.0,0
60,0,2,93.0,1.0,1
30,0,0,72.92307692307692,13.0,0
30,0,0,80.85714285714286,7.0,0
180,0,2,0.0,0.0,1
30,0,2,90.76923076923076,13.0,0
30,0,2,92.92307692307692,13.0,0
60,0,0,57.0,5.0,0
60,0,0,0.0,0.0,1
75,0,0,71.6,20.0,0
60,0,2,0.0,0.0,1
30,0,2,65.0,4.0,1
30,0,2,0.0,0.0,1
60,0,2,75.88888888888889,9.0,0
120,0,2,0.0,0.0,1
30,0,2,88.76923076923077,13.0,0
60,0,0,65.5,6.0,1
60,0,2,64.0,4.0,1
60,0,0,20.0,1.0,1
60,0,0,65.4,5.0,1
60,0,0,0.0,0.0,1
30,0,2,44.333333333333336,6.0,0
60,0,2,0.0,0.0,1
60,0,2,65.8,5.0,0
30,0,2,0.0,0.0,1
60,0,2,69.25,4.0,1
60,0,2,77.25,4.0,1
30,0,0,76.75,4.0,1
30,0,2,74.0,2.0,1
30,0,2,58.0,3.0,1
60,0,2,68.58333333333333,12.0,0
60,0,1,0.0,0.0,1
30,0,0,69.42857142857143,7.0,0
30,0,0,70.0,4.0,0
30,0,0,83.0,13.0,0
60,0,0,79.22222222222223,9.0,0
30,0,2,96.5,4.0,0
30,0,0,85.92307692307692,13.0,0
30,0,2,0.0,0.0,1
120,0,0,0.0,0.0,1
60,0,0,81.0,2.0,1
60,0,0,97.0,1.0,1
60,0,0,71.84615384615384,13.0,0
60,0,0,74.1,10.0,0
60,0,0,78.84615384615384,13.0,0
60,0,2,27.0,2.0,1
60,0,0,78.84615384615384,13.0,0
90,0,0,84.75,4.0,1
60,0,2,82.28571428571429,7.0,0
60,0,2,62.4,10.0,0
60,0,0,75.45454545454545,11.0,0
60,0,0,68.0,2.0,1
30,0,0,0.0,0.0,1
30,0,2,0.0,0.0,1
30,0,2,78.5,4.0,1
60,0,2,82.66666666666667,3.0,1
60,0,2,86.33333333333333,3.0,1
120,0,0,49.0,1.0,1
30,0,2,63.0,1.0,1
60,0,0,88.08333333333333,12.0,0
30,0,2,81.0,4.0,0
60,0,2,52.53846153846154,13.0,0
30,0,1,60.91666666666666,12.0,0
60,0,2,0.0,0.0,1
60,0,2,76.25,4.0,0
60,0,0,89.5,4.0,0
60,0,1,10.0,1.0,1
60,0,2,68.25,4.0,1
60,0,2,75.44444444444444,9.0,0
60,0,0,74.44444444444444,9.0,0
30,0,2,68.0,12.0,0
60,0,1,60.5,12.0,0
60,0,2,0.0,0.0,1
90,0,0,86.75,4.0,1
60,0,2,44.0,6.0,1
60,0,0,0.0,0.0,1
60,0,0,92.0,4.0,0
60,0,0,0.0,0.0,1
30,0,2,27.0,1.0,1
60,0,2,0.0,0.0,1
90,0,1,77.42857142857143,7.0,0
60,0,0,49.0,3.0,1
30,0,2,84.75,4.0,1
90,0,1,61.0,1.0,1
60,0,2,56.0,12.0,0
90,0,2,82.61538461538461,13.0,0
60,0,2,75.4,10.0,0
60,0,0,61.0,1.0,1
60,0,0,76.0,1.0,1
60,0,2,44.0,5.0,1
30,0,0,76.45454545454545,11.0,0
90,0,0,83.33333333333333,6.0,0
60,0,0,73.0,12.0,0
30,0,0,71.0,4.0,0
30,0,0,78.75,4.0,0
30,0,0,67.16666666666667,6.0,0
60,0,2,76.0,2.0,1
30,0,2,0.0,0.0,1
60,0,0,73.77777777777777,9.0,0
60,0,2,60.0,1.0,1
60,0,1,82.0,14.0,1
120,0,2,0.0,0.0,1
60,0,2,78.0,3.0,1
30,0,2,43.0,3.0,1
60,0,1,61.23076923076923,13.0,0
60,0,2,92.0,1.0,1
60,0,0,85.0,13.0,0
30,0,1,90.25,8.0,0
30,0,2,67.3076923076923,13.0,0
30,0,0,66.0,1.0,1
30,0,2,86.92307692307692,13.0,0
60,0,2,52.5,4.0,1
60,0,2,76.0,4.0,0
60,0,2,72.5,4.0,0
60,0,0,93.28571428571428,7.0,0
60,0,1,68.9,10.0,0
60,0,2,75.0,5.0,0
30,0,2,72.0,2.0,1
60,0,2,73.0,10.0,1
60,0,2,56.0,2.0,1
30,0,0,79.9,10.0,0
60,0,2,72.0,3.0,1
60,0,0,75.6,5.0,1
90,0,2,85.5,2.0,1
90,0,2,0.0,0.0,1
90,0,0,64.66666666666667,3.0,0
30,0,0,72.58333333333333,12.0,0
30,0,0,77.41666666666667,12.0,0
30,0,1,56.0,1.0,1
60,0,0,0.0,0.0,1
30,0,0,89.66666666666667,3.0,0
60,0,1,0.0,0.0,1
60,0,1,81.4,5.0,1
60,0,0,76.66666666666667,3.0,1
30,0,1,91.75,4.0,0
30,0,2,0.0,0.0,1
30,0,2,0.0,0.0,1
60,0,1,72.1,10.0,1
60,0,1,0.0,0.0,1
60,0,0,86.5,4.0,1
60,0,2,83.75,4.0,0
60,0,1,72.25,4.0,0
60,0,0,0.0,0.0,1
30,0,1,92.0,1.0,1
60,0,2,0.0,1.0,1
60,0,0,65.63636363636364,11.0,0
30,0,0,92.0,4.0,0
30,0,2,0.0,0.0,1
60,0,1,0.0,0.0,1
60,0,0,0.0,0.0,1
60,0,2,42.0,4.0,1
60,0,2,75.22222222222223,9.0,0
60,0,1,76.76923076923077,13.0,0
30,0,0,0.0,0.0,1
30,0,0,69.71428571428571,7.0,0
30,0,0,0.0,0.0,1
60,0,0,72.58333333333333,12.0,0
60,0,0,0.0,0.0,1
90,0,2,36.3,10.0,1
60,0,1,56.333333333333336,3.0,1
120,0,2,52.5,8.0,1
60,0,0,65.4,10.0,0
60,0,0,66.33333333333333,12.0,0
60,0,0,69.33333333333333,3.0,1
60,0,2,57.5,2.0,1
30,0,2,76.0,4.0,0
60,0,2,0.0,1.0,1
60,0,0,74.2,5.0,0
30,0,0,69.54545454545455,11.0,0
30,0,0,93.0,1.0,1
30,0,2,73.0,6.0,0
60,0,2,0.0,0.0,1
30,0,1,75.92307692307692,13.0,0
30,0,1,92.6153846153846,13.0,0
60,0,0,91.6923076923077,13.0,0
30,0,1,88.0,4.0,0
60,0,0,56.76923076923077,13.0,0
30,0,2,81.0,4.0,0
60,0,1,73.84615384615384,13.0,0
60,0,1,0.0,0.0,1
30,0,1,74.5,4.0,1
30,0,1,76.23076923076923,13.0,0
60,0,0,88.28,25.0,0
30,0,0,79.76923076923077,13.0,0
60,0,0,70.92307692307692,13.0,0
60,0,2,76.4,5.0,1
60,0,2,70.2,5.0,1
60,0,0,72.6,5.0,1
30,0,3,65.0,1.0,1
30,0,2,99.0,1.0,1
30,0,0,87.5,4.0,0
60,0,0,65.33333333333333,12.0,0
60,0,0,62.8,5.0,0
30,0,0,84.16666666666667,6.0,0
60,0,1,0.0,0.0,1
30,0,2,84.0,4.0,1
30,0,2,79.25,4.0,0
60,0,0,0.0,0.0,1
60,0,1,87.0,5.0,0
30,0,0,79.75,4.0,0
60,0,1,86.25,4.0,0
30,0,2,94.0,1.0,1
60,0,3,73.6923076923077,13.0,0
30,0,2,81.66666666666667,3.0,0
60,0,0,58.09090909090909,11.0,0
60,0,0,0.0,0.0,1
60,0,2,49.125,8.0,1
60,0,0,40.0,1.0,1
60,0,0,42.16666666666666,6.0,1
60,0,2,64.2,5.0,0
30,0,0,67.33333333333333,9.0,0
60,0,2,88.66666666666667,3.0,1
30,0,2,60.92307692307692,13.0,0
60,0,0,72.0,4.0,0
30,0,0,60.09090909090909,11.0,0
60,0,0,56.5,2.0,1
60,0,0,96.23076923076924,13.0,0
60,0,0,66.8,5.0,0
30,0,0,78.92307692307692,13.0,0
60,0,2,0.0,0.0,1
60,0,1,83.22222222222223,9.0,0
60,0,0,58.0,5.0,1
60,0,0,0.0,0.0,1
30,0,2,85.16666666666667,6.0,0
60,0,1,91.53846153846152,13.0,0
60,0,0,77.92307692307692,13.0,0
30,0,0,76.28571428571429,7.0,0
30,0,2,94.25,4.0,0
60,0,0,68.5,4.0,1
60,0,1,83.88888888888889,9.0,0
60,0,0,91.42857142857144,7.0,1
30,0,2,70.25,12.0,0
90,0,2,66.2,5.0,1
60,0,1,65.25,4.0,1
60,0,2,70.2,5.0,0
60,0,0,81.75,12.0,1
30,0,0,74.75,4.0,0
60,0,0,55.0,5.0,0
60,0,1,89.15384615384616,13.0,0
60,0,2,68.46153846153847,13.0,0
60,0,2,86.75,4.0,1
60,0,0,81.0,4.0,0
60,0,1,77.0,8.0,0
60,0,1,67.75,4.0,0
90,0,2,83.66666666666667,3.0,0
60,0,0,91.75,4.0,0
30,0,2,75.5,4.0,0
30,0,0,83.5,4.0,0
60,0,1,68.5,2.0,1
30,0,2,94.25,4.0,0
30,0,1,83.0,1.0,1
90,0,2,92.0,2.0,1
60,0,2,0.0,0.0,1
60,0,0,0.0,0.0,1
30,0,1,81.5,4.0,0
60,0,0,95.5,4.0,0
60,0,0,65.5,2.0,1
60,0,1,78.25,4.0,0
30,0,1,60.76923076923077,13.0,0
60,0,0,50.0,1.0,1
90,0,1,88.75,4.0,0
70,1,2,92.5,4.0,0
60,0,1,0.0,0.0,1
150,1,0,0.0,0.0,1
60,0,0,48.5,4.0,1
60,0,1,0.0,0.0,1
30,0,1,80.75,4.0,0
30,0,1,85.53846153846153,13.0,0
60,0,2,86.53846153846153,13.0,0
90,0,0,65.2,5.0,0
60,1,0,82.75,4.0,0
60,0,2,0.0,0.0,1
90,0,1,76.5,4.0,0
30,0,2,72.0,4.0,0
30,0,1,0.0,0.0,1
60,0,2,0.0,0.0,1
30,0,4,80.0,1.0,1
30,0,2,73.0,3.0,0
30,0,2,80.0,13.0,0
150,1,0,0.0,0.0,1
30,0,2,0.0,0.0,1
60,0,1,77.08333333333333,12.0,0
135,1,0,97.25,4.0,0
90,0,1,80.0,4.0,0
30,0,0,91.0,3.0,1
60,0,2,51.5,4.0,1
60,0,0,68.5,4.0,0
180,0,0,95.0,2.0,1
60,0,0,0.0,0.0,1
60,0,0,82.33333333333333,12.0,0
60,0,0,0.0,0.0,1
30,0,2,75.0,4.0,0
30,0,1,80.5,4.0,0
90,0,0,90.0,4.0,0
60,0,0,58.333333333333336,12.0,0
30,0,1,69.25,4.0,1
60,0,0,0.0,0.0,1
120,0,0,73.91666666666667,12.0,0
60,0,0,71.25,4.0,0
30,0,2,91.25,4.0,0
30,0,0,75.75,4.0,0
60,0,2,0.0,0.0,1
30,0,2,0.0,0.0,1
30,0,0,0.0,0.0,1
30,0,0,70.5,4.0,0
120,0,2,86.15384615384616,13.0,0
60,0,2,79.33333333333333,3.0,0
60,0,2,66.0,4.0,0
180,0,0,81.0,4.0,0
210,0,1,62.0,1.0,1
120,1,1,60.75,4.0,0
120,0,2,62.333333333333336,3.0,0
30,0,1,84.0,4.0,0
30,0,1,90.5,4.0,0
60,0,2,76.75,4.0,0
60,0,2,56.25,4.0,0
30,0,2,90.0,1.0,1
60,0,0,90.0,4.0,0
60,0,2,44.0,1.0,1
60,0,0,81.0,4.0,0
60,0,2,66.0,1.0,1
60,0,0,84.0,4.0,0
60,0,0,83.75,4.0,0
40,1,0,80.0,4.0,0
120,0,1,97.0,12.0,0
30,0,1,88.75,4.0,0
90,0,1,83.0,4.0,0
90,0,0,68.75,4.0,1
90,0,2,92.0,4.0,0
60,0,0,0.0,0.0,1
90,0,2,74.0,4.0,0
60,0,1,58.0,1.0,1
90,1,2,0.0,0.0,1
60,0,0,79.66666666666667,3.0,0
30,0,0,0.0,0.0,1
30,0,2,97.0,1.0,1
30,0,2,86.25,4.0,0
120,0,1,84.6,5.0,0
30,1,4,82.66666666666667,6.0,1
50,0,0,74.5,2.0,1
60,0,2,93.0,3.0,0
60,0,2,80.5,4.0,0
60,0,1,98.25,4.0,0
30,0,0,75.25,4.0,0
30,0,1,38.25,4.0,1
30,0,0,76.0,4.0,0
60,0,0,79.0,4.0,0
120,0,2,0.0,0.0,1
150,0,0,80.0,4.0,0
30,0,0,98.0,4.0,0
90,0,0,61.0,1.0,1
90,0,0,0.0,0.0,1
150,0,1,70.75,4.0,0
60,0,2,53.125,8.0,0
30,1,0,0.0,0.0,1
60,0,2,85.75,4.0,0
60,0,0,0.0,0.0,1
60,0,1,82.5,4.0,0
30,0,0,75.75,4.0,0
120,0,1,88.46153846153847,13.0,0
60,0,2,94.75,4.0,0
120,1,2,75.2,5.0,0
90,1,0,58.71428571428572,7.0,0
120,0,0,0.0,0.0,1
90,0,0,95.5,4.0,0
80,0,1,88.5,4.0,0
150,0,0,86.75,4.0,0
30,0,0,0.0,0.0,1
30,0,2,88.5,4.0,0
60,0,2,81.25,4.0,0
120,0,2,0.0,0.0,1
60,0,2,86.0,4.0,0
60,0,2,46.0,1.0,1
60,0,2,85.25,8.0,1
60,0,2,0.0,0.0,1
150,0,2,0.0,0.0,1
60,0,1,94.25,4.0,0
30,0,0,67.5,4.0,0
30,1,0,73.25,4.0,1
120,0,1,90.83333333333331,6.0,1
50,0,2,0.0,0.0,1
30,0,2,83.0,4.0,1
60,0,2,0.0,0.0,1
90,0,2,89.0,4.0,0
60,0,1,81.33333333333333,9.0,0
60,0,0,83.75,4.0,0
30,0,4,89.25,4.0,0
60,1,0,84.75,4.0,0
60,0,0,78.5,4.0,0
30,0,1,79.0,4.0,0
30,0,0,90.75,4.0,0
60,0,1,96.0,4.0,0
30,0,2,74.5,4.0,0
60,0,0,89.5,4.0,0
60,0,1,88.75,4.0,0
180,0,2,46.44444444444444,9.0,1
60,0,0,72.5,10.0,0
120,0,1,94.0,4.0,0
60,0,0,73.5,4.0,0
30,0,1,63.5,2.0,1
60,1,2,0.0,0.0,1
60,0,0,60.375,8.0,1
30,1,2,0.0,0.0,1
60,0,2,0.0,0.0,1
30,1,2,79.66666666666667,3.0,1
60,0,0,0.0,0.0,1
60,0,0,94.5,4.0,0
30,1,0,82.33333333333333,3.0,1
60,0,0,71.5,4.0,0
60,0,0,91.75,4.0,0
60,0,2,92.33333333333331,3.0,0
30,0,1,0.0,0.0,1
45,0,0,97.5,2.0,0
90,0,2,68.75,4.0,0
90,0,0,84.6,5.0,0
60,0,2,68.25,4.0,0
60,0,0,85.25,4.0,0
65,0,1,93.0,4.0,0
120,0,1,88.25,4.0,0
30,0,0,94.5,4.0,0
30,0,2,73.75,4.0,0
40,0,2,93.25,4.0,0
60,1,0,92.25,4.0,0
60,0,0,87.4,5.0,1
60,0,2,78.0,1.0,1
30,0,0,0.0,0.0,1
30,0,0,85.0,4.0,0
60,1,2,90.0,1.0,1
60,0,1,82.0,2.0,1
60,0,2,0.0,0.0,1
90,0,4,83.33333333333333,3.0,1
30,0,0,80.75,4.0,0
60,0,2,88.5,4.0,0
60,0,1,92.25,4.0,0
30,0,2,93.0,4.0,0
60,0,0,0.0,0.0,1
60,0,1,0.0,0.0,1
30,1,0,37.0,4.0,0
30,1,1,87.0,4.0,1
120,1,2,63.0,1.0,1
90,0,0,49.6,5.0,0
90,0,0,58.5,2.0,1
60,0,0,77.0,13.0,0
60,2,3,0.0,0.0,1
30,0,1,63.75,4.0,0
60,0,0,94.25,4.0,0
90,0,0,91.75,4.0,0
60,0,2,67.33333333333333,12.0,0
180,0,0,89.07692307692308,13.0,0
30,0,2,0.0,0.0,1
120,0,0,85.0,4.0,0
60,0,0,94.0,4.0,0
60,0,0,59.0,3.0,1
60,1,1,74.42857142857143,7.0,0
60,0,0,76.0,4.0,0
60,0,0,77.25,4.0,0
30,0,2,55.5,4.0,1
60,0,2,86.25,4.0,0
60,0,0,82.75,4.0,0
60,0,0,77.72727272727273,11.0,0
60,0,0,68.5,2.0,1
30,0,0,37.8,5.0,0
60,0,0,79.0,3.0,0
90,0,0,92.0,4.0,0
60,0,1,88.75,4.0,0
60,1,2,70.0,4.0,1
90,0,0,75.5,2.0,1
60,0,0,0.0,0.0,1
60,0,0,67.0,13.0,0
60,0,2,86.25,4.0,0
240,1,1,82.66666666666667,3.0,1
60,0,1,90.0,2.0,1
60,0,2,91.5,4.0,0
60,0,0,87.75,4.0,0
30,2,2,0.0,0.0,1
60,0,2,86.75,4.0,0
60,0,1,56.38461538461539,13.0,1
60,2,0,90.75,4.0,0
90,0,2,83.92307692307692,13.0,0
90,0,1,0.0,0.0,1
30,1,2,44.0,1.0,1
30,0,1,0.0,0.0,1
60,0,0,69.5,2.0,1
60,0,1,84.0,1.0,1
30,0,2,81.0,1.0,1
60,0,2,75.23076923076923,13.0,0
60,0,0,66.2,5.0,1
60,0,2,81.25,4.0,0
60,0,0,86.66666666666667,3.0,0
90,0,2,63.0,2.0,1
60,0,2,93.5,4.0,0
90,0,1,84.25,4.0,0
30,0,0,81.75,16.0,0
60,0,2,71.71428571428571,7.0,1
60,0,2,81.25,4.0,0
60,0,0,89.75,4.0,0
60,0,1,65.375,8.0,1
60,0,1,85.25,4.0,0
60,0,2,90.25,4.0,0
150,0,2,0.0,0.0,1
90,0,1,71.0,4.0,0
60,2,0,0.0,0.0,1
60,0,0,74.33333333333333,12.0,0
60,0,0,91.25,4.0,0
120,0,0,90.25,4.0,1
90,2,1,82.25,4.0,0
30,0,0,0.0,0.0,1
30,1,2,87.5,4.0,0
120,0,2,0.0,0.0,1
90,0,0,91.6153846153846,13.0,0
60,0,2,0.0,0.0,1
30,1,2,56.0,4.0,1
60,1,0,49.1,10.0,0
60,1,0,0.0,0.0,1
60,0,2,0.0,0.0,1
60,1,0,0.0,0.0,1
60,0,2,74.25,4.0,0
120,2,2,58.0,2.0,1
60,0,2,69.25,4.0,0
120,0,0,0.0,0.0,1
30,1,1,84.0,4.0,0
60,0,0,66.8,10.0,0
90,0,0,68.5,4.0,1
30,0,1,82.25,4.0,0
60,0,2,0.0,0.0,1
60,1,0,75.07142857142857,14.0,0
60,0,2,99.5,4.0,0
60,0,0,58.083333333333336,12.0,0
60,0,1,82.83333333333333,12.0,0
60,0,0,81.0,2.0,1
60,0,1,63.0,4.0,0
60,0,0,0.0,0.0,1
60,0,2,89.5,4.0,0
90,2,0,88.0,4.0,0
60,0,0,83.25,4.0,0
90,1,0,85.5,4.0,0
90,0,0,85.83333333333333,12.0,0
90,0,2,59.0,2.0,1
60,1,0,0.0,0.0,1
120,0,1,0.0,0.0,1
30,0,1,94.5,4.0,0
30,0,2,96.25,4.0,0
60,0,0,94.75,4.0,0
60,1,0,92.5,4.0,0
90,0,0,0.0,0.0,1
90,0,0,71.84615384615384,13.0,0
60,1,2,58.5,4.0,1
30,1,1,92.66666666666669,6.0,1
60,0,2,78.8,5.0,0
60,1,2,0.0,0.0,1
120,0,2,98.0,1.0,1
60,0,2,0.0,0.0,1
60,0,0,0.0,0.0,1
60,0,2,0.0,0.0,1
90,0,0,72.25,4.0,1
60,0,0,93.0,4.0,0
60,0,2,95.0,4.0,0
60,0,0,83.5,4.0,0
60,0,0,69.85714285714286,7.0,0
90,0,2,95.0,5.0,0
60,1,1,61.2,5.0,1
60,0,2,80.46153846153847,13.0,0
60,0,0,93.75,4.0,0
60,0,2,78.75,4.0,0
30,1,1,76.0,4.0,0
30,0,1,64.75,4.0,0
30,1,0,88.16666666666667,6.0,0
60,1,2,0.0,0.0,1
120,0,0,48.66666666666666,3.0,1
60,0,0,92.75,4.0,0
60,1,2,55.0,2.0,1
60,0,2,80.25,4.0,1
90,0,0,66.25,4.0,0
60,1,4,86.63636363636364,11.0,1
60,0,2,77.75,4.0,0
30,0,0,68.75,4.0,0
60,1,0,78.22222222222223,9.0,0
60,1,2,77.125,8.0,1
60,1,2,50.63636363636363,11.0,1
90,0,2,95.5,4.0,0
180,0,2,53.5,2.0,1
90,0,2,88.5,4.0,0
90,1,0,89.5,4.0,1
60,0,2,61.75,4.0,0
150,0,0,94.5,4.0,0
30,0,1,58.75,4.0,0
60,0,1,89.25,4.0,0
60,0,0,72.15384615384616,13.0,0
60,0,0,91.0,4.0,0
120,0,2,67.0,1.0,1
120,0,0,82.0,4.0,0
90,0,2,47.25,4.0,0
60,0,2,82.25,4.0,0
120,0,0,71.0,2.0,1
60,1,2,0.0,0.0,1
30,1,2,48.5,2.0,1
60,0,2,85.0,1.0,1
60,0,1,44.0,1.0,1
120,0,2,79.0,1.0,1
30,0,1,85.0,4.0,0
60,2,0,70.0,1.0,1
30,1,2,0.0,0.0,1
60,0,0,59.75,4.0,1
90,0,0,74.66666666666667,3.0,1
90,0,0,69.5,2.0,1
60,0,0,97.0,4.0,0
90,0,0,83.0,1.0,1
60,0,2,51.5,8.0,1
60,0,1,0.0,0.0,1
30,2,0,98.0,2.0,1
60,0,0,89.5,4.0,0
30,0,1,0.0,0.0,1
60,0,1,90.25,4.0,0
120,0,0,81.75,4.0,0
60,2,2,63.125,8.0,0
60,0,2,0.0,0.0,1
120,0,0,98.33333333333331,12.0,0
30,1,0,0.0,0.0,1
30,0,2,62.0,3.0,0
60,0,0,79.75,4.0,0
90,0,2,94.0,4.0,0
60,0,2,49.0,2.0,1
60,1,4,80.4,5.0,1
60,0,2,96.75,4.0,0
60,0,2,84.25,4.0,0
60,1,0,0.0,0.0,1
90,1,0,56.5,4.0,0
60,1,1,69.0,8.0,1
60,0,0,87.75,4.0,0
60,1,1,77.30434782608695,23.0,0
60,0,1,87.75,4.0,0
60,0,0,77.75,4.0,0
60,0,0,79.6923076923077,13.0,0
120,0,2,83.45454545454545,11.0,0
30,1,2,93.0,4.0,0
60,0,2,93.0,4.0,0
60,1,0,95.5,2.0,1
60,0,2,0.0,0.0,1
60,0,0,73.5,2.0,1
30,0,0,83.5,4.0,0
30,0,1,89.0625,16.0,0
60,0,0,82.15384615384616,13.0,0
60,0,0,64.0,1.0,1
60,0,1,71.4,5.0,1
60,1,2,92.28571428571428,14.0,1
60,1,0,53.0,1.0,1
60,0,0,78.5,4.0,0
60,0,0,76.5,4.0,0
60,0,0,86.75,4.0,0
60,0,4,95.0,4.0,0
30,0,0,92.0,2.0,1
150,0,0,71.4,5.0,0
90,0,2,85.8,5.0,0
60,0,1,95.0,4.0,0
30,1,2,58.0,3.0,1
60,0,0,66.0,4.0,1
60,0,2,0.0,0.0,1
150,0,2,81.5,4.0,0
120,0,0,88.0,1.0,1
30,0,0,88.75,4.0,0
30,0,0,97.75,4.0,0
90,1,2,82.66666666666667,3.0,1
90,0,2,92.75,4.0,0
120,0,0,54.0,1.0,1
30,0,2,46.71428571428572,7.0,0
60,1,0,86.75,4.0,0
90,0,2,55.25,4.0,1
30,1,1,82.0,14.0,0
120,0,0,61.6,10.0,0
60,1,1,87.25,4.0,0
60,0,0,0.0,0.0,1
60,1,2,52.5,4.0,1
90,0,0,71.0,1.0,1
150,1,2,73.0,10.0,0
30,1,2,72.0,3.0,1
90,0,2,67.4,5.0,0
180,0,0,77.57142857142857,7.0,1
30,0,2,71.75,4.0,0
60,0,2,92.75,4.0,0
90,0,2,88.75,4.0,0
30,0,2,82.75,4.0,0
90,0,0,83.5,4.0,0
120,1,1,0.0,0.0,1
60,0,1,61.92307692307692,13.0,0
90,0,2,87.5,4.0,0
60,0,0,86.5,2.0,1
30,0,2,83.9,10.0,0
90,0,2,77.75,4.0,0
90,0,0,81.0,4.0,0
60,0,1,85.38461538461539,13.0,0
90,0,2,87.75,4.0,0
60,0,1,79.0,4.0,0
30,1,1,74.5,4.0,1
30,0,2,65.0,2.0,1
90,0,0,75.0,5.0,0
60,0,2,84.0,3.0,0
30,0,0,93.5,4.0,0
60,0,0,93.75,4.0,0
60,0,2,0.0,0.0,1
60,0,0,81.23076923076923,13.0,0
90,0,0,0.0,0.0,1
60,0,0,68.63636363636364,11.0,0
30,1,0,93.0,4.0,0
60,0,0,83.6923076923077,13.0,0
60,0,1,0.0,0.0,1
60,0,0,61.1,10.0,0
90,0,0,79.33333333333333,6.0,0
90,0,0,93.5,4.0,0
60,0,0,90.5,4.0,0
60,0,2,40.0,1.0,1
30,0,2,75.0,4.0,0
60,0,2,0.0,0.0,1
60,0,2,88.25,4.0,0
30,0,0,82.75,4.0,0
60,0,0,94.0,4.0,0
60,0,4,96.6923076923077,13.0,0
90,0,0,79.0,4.0,0
60,0,0,83.75,4.0,0
90,0,0,82.625,8.0,0
60,0,0,95.75,4.0,0
60,0,1,0.0,0.0,1
60,0,1,94.5,4.0,0
60,0,0,76.0,1.0,1
60,0,1,0.0,0.0,1
150,0,1,67.5,4.0,0
30,0,0,0.0,0.0,1
60,0,0,90.3076923076923,13.0,0
60,0,0,80.66666666666667,3.0,1
90,0,2,82.25,4.0,0
60,0,0,57.75,4.0,0
150,0,0,59.083333333333336,12.0,0
120,0,0,88.0,4.0,0
120,0,0,0.0,0.0,1
60,0,0,74.66666666666667,3.0,1
60,0,1,89.5,4.0,0
90,0,3,63.0,2.0,1
60,0,2,79.75,4.0,1
60,0,0,74.66666666666667,3.0,0
120,0,0,0.0,0.0,1
90,0,0,30.0,1.0,1
60,0,2,97.25,4.0,0
60,0,2,76.5,2.0,1
60,0,1,94.25,4.0,0
60,0,2,95.75,4.0,0
120,0,2,87.25,4.0,0
60,0,0,0.0,0.0,1
90,0,2,0.0,0.0,1
60,0,0,87.0,1.0,1
60,0,2,65.0,1.0,1
30,0,2,87.75,4.0,0
90,0,0,56.66666666666666,3.0,1
60,0,0,91.5,4.0,0
60,0,0,84.66666666666667,3.0,1
90,0,0,65.5,2.0,1
60,0,2,87.3076923076923,13.0,0
90,0,0,0.0,0.0,1
60,0,0,94.75,4.0,0
150,0,2,54.0,6.0,1
60,0,0,94.0,4.0,0
60,0,1,95.0,4.0,0
120,0,0,68.0,4.0,0
90,0,2,0.0,0.0,1
60,0,0,66.0,4.0,0
120,0,1,0.0,0.0,1
60,0,2,85.25,4.0,0
120,0,0,85.0,2.0,1
60,0,1,78.83333333333333,6.0,1
90,0,0,87.0,4.0,1
60,0,1,57.142857142857146,7.0,0
60,0,2,87.75,4.0,0
90,0,2,84.25,4.0,1
60,0,1,79.75,4.0,0
60,0,0,72.25,4.0,0
90,0,0,95.25,4.0,0
60,0,2,90.5,4.0,0
60,0,2,0.0,0.0,1
90,0,0,95.25,4.0,0
60,0,2,0.0,0.0,1
90,0,1,75.71428571428571,7.0,1
60,0,0,90.0,4.0,0
60,0,1,0.0,0.0,1
30,0,2,80.25,4.0,1
60,0,0,95.5,4.0,0
60,0,0,0.0,0.0,1
60,0,0,93.66666666666669,9.0,0
120,0,0,69.46153846153847,13.0,0
60,0,1,82.25,4.0,0
60,0,0,84.5,4.0,0
60,0,2,85.25,4.0,0
120,0,1,88.0,4.0,1
90,0,1,0.0,0.0,1
60,0,1,92.0,4.0,0
60,0,2,0.0,0.0,1
60,0,0,88.5,4.0,0
60,0,2,93.25,4.0,0
90,0,2,75.5,4.0,0
90,0,0,0.0,0.0,1
60,0,2,0.0,0.0,1
60,0,2,88.5,4.0,0
90,0,2,82.5,2.0,1
60,0,2,91.0,4.0,0
90,0,1,90.0,3.0,1
120,0,1,0.0,0.0,1
60,0,0,69.5,4.0,0
60,0,0,85.0,4.0,0
90,0,0,82.5,4.0,0
60,0,0,94.75,4.0,0
60,0,4,59.45454545454545,11.0,0
60,0,1,49.333333333333336,3.0,1
60,0,1,93.0,1.0,1
90,0,0,80.75,4.0,0
60,0,4,93.0,4.0,0
60,0,0,0.0,0.0,1
60,0,1,91.0,4.0,0
60,0,1,93.0,3.0,1
150,0,1,57.0,1.0,1
60,0,0,66.66666666666667,3.0,0
60,0,0,82.75,4.0,0
90,0,2,51.333333333333336,3.0,1
30,0,2,38.0,4.0,1
60,0,2,0.0,0.0,1
60,0,0,0.0,0.0,1
60,0,2,78.75,4.0,1
60,0,2,67.5,2.0,1
60,0,2,72.5,4.0,0
60,0,0,86.08333333333333,12.0,0
60,0,2,69.25,4.0,1
180,0,0,70.4,5.0,0
120,0,0,67.81818181818181,11.0,0
60,0,0,78.5,2.0,1
120,0,2,0.0,0.0,1
120,0,0,89.0,1.0,1
30,0,0,92.5,2.0,1
60,0,0,0.0,0.0,1
60,0,0,57.0,1.0,1
60,0,1,81.75,4.0,0
120,0,0,70.5,2.0,1
90,0,0,74.5,4.0,0
30,0,3,0.0,0.0,1
60,0,0,59.07692307692308,13.0,0
60,0,3,0.0,0.0,1
60,0,0,83.08333333333333,12.0,0
60,0,0,74.5,4.0,0
60,0,2,84.25,4.0,0
60,0,2,69.75,4.0,0
60,0,0,85.0,4.0,0
60,0,2,88.5,4.0,0
60,0,2,46.0,1.0,1
60,0,0,87.75,4.0,0
60,0,0,78.75,4.0,0
60,0,2,85.0,4.0,0
90,0,1,67.0,1.0,1
60,0,0,76.38461538461539,13.0,0
120,0,0,81.25,4.0,0
60,0,1,80.0,9.0,0
60,0,0,86.5,4.0,0
60,0,2,77.75,4.0,0
60,0,1,0.0,0.0,1
60,0,1,85.25,4.0,0
120,0,0,0.0,0.0,1
30,0,0,94.5,4.0,0
180,0,0,84.5,2.0,1
120,0,2,0.0,0.0,1
60,0,2,63.0,3.0,0
60,0,0,91.0,4.0,0
60,0,2,91.0,4.0,0
60,0,1,0.0,0.0,1
60,0,0,75.75,4.0,0
60,0,2,25.5,2.0,1
60,0,0,88.66666666666667,3.0,0
60,0,0,55.5,4.0,0
60,0,2,39.0,4.0,1
60,0,0,91.0,4.0,0
60,0,0,93.75,4.0,0
90,0,0,0.0,0.0,1
90,0,2,70.25,4.0,1
180,0,2,65.75,8.0,1
90,0,2,0.0,0.0,1
60,0,1,94.0,4.0,0
60,0,0,0.0,0.0,1
60,0,1,0.0,0.0,1
60,0,0,95.5,4.0,0
90,0,0,74.61538461538461,13.0,0
90,0,0,82.0,2.0,1
60,0,1,87.75,4.0,0
60,0,0,91.0,4.0,0
120,0,2,0.0,0.0,1
60,0,0,91.5,4.0,0
60,0,2,92.0,4.0,0
120,0,0,0.0,0.0,1
60,0,1,90.0,4.0,0
60,0,2,0.0,0.0,1
120,0,0,0.0,0.0,1
90,0,2,66.25,4.0,1
60,0,0,74.5,4.0,0
30,0,2,91.0,1.0,1
60,0,2,96.0,1.0,1
60,0,0,72.0,2.0,1
30,0,0,75.0,4.0,0
60,0,2,87.5,4.0,0
60,0,2,51.0,3.0,1
60,0,0,0.0,0.0,1
60,0,2,66.66666666666667,9.0,1
30,0,1,91.75,4.0,0
30,0,2,0.0,0.0,1
120,0,2,0.0,0.0,1
60,0,2,88.75,4.0,0
60,0,2,0.0,0.0,1
150,0,0,54.16666666666666,12.0,0
30,0,2,0.0,0.0,1
60,0,0,91.0,4.0,0
40,0,0,86.0,4.0,0
30,0,0,77.5,4.0,0
90,0,0,91.0,4.0,1
60,0,2,59.0,1.0,1
30,0,2,87.25,4.0,0
60,0,0,90.75,4.0,0
60,0,0,88.25,4.0,0
30,0,0,79.66666666666667,3.0,1
60,0,0,85.5,4.0,0
60,0,0,74.0,4.0,0
60,0,1,62.833333333333336,6.0,1
120,0,2,76.5,12.0,0
60,0,2,93.75,4.0,0
90,0,0,90.0,4.0,0
30,0,1,82.5,2.0,1
60,0,0,82.5,2.0,0
30,0,0,84.25,4.0,0
120,0,2,0.0,0.0,1
60,0,2,90.0,4.0,0
120,0,0,0.0,0.0,1
60,0,0,0.0,0.0,1
60,0,2,96.0,4.0,0
60,0,1,0.0,0.0,1
60,0,0,83.25,4.0,0
120,0,2,0.0,0.0,1
60,0,0,0.0,0.0,1
60,0,0,0.0,0.0,1
60,0,2,98.0,4.0,0
30,0,1,94.25,4.0,0
120,0,2,0.0,0.0,1
60,0,0,75.5,4.0,0
60,0,0,83.25,4.0,0
120,0,2,95.0,2.0,1
60,0,2,70.75,4.0,0
60,0,1,90.0,4.0,0
120,0,0,0.0,0.0,1
90,0,0,58.2,10.0,0
90,0,0,0.0,0.0,1
30,0,2,89.25,4.0,0
120,0,0,96.75,4.0,0
120,0,0,84.0,13.0,0
60,0,2,77.33333333333333,3.0,0
90,0,0,95.25,4.0,0
60,0,1,90.0,4.0,0
30,0,1,0.0,0.0,1
60,0,1,94.0,4.0,0
60,0,4,85.5,2.0,1
60,0,1,93.5,4.0,0
60,0,0,59.0,3.0,1
30,0,0,78.5,4.0,0
120,0,1,85.75,4.0,0
120,0,0,74.76923076923077,13.0,0
60,0,0,0.0,0.0,1
90,0,2,0.0,0.0,1
120,0,2,0.0,0.0,1
60,0,1,81.66666666666667,3.0,0
60,0,1,82.25,4.0,0
60,0,0,46.0,4.0,1
120,0,1,98.07692307692308,13.0,0
90,0,0,91.0,4.0,0
60,0,2,0.0,0.0,1
120,0,2,92.0,1.0,1
90,0,1,33.333333333333336,3.0,1
60,0,0,87.25,4.0,0
60,0,2,77.0,4.0,1
30,0,2,81.0,2.0,1
90,0,0,54.0,4.0,0
120,0,1,76.0,1.0,1
60,0,2,79.5,4.0,0
90,0,2,48.0,3.0,1
60,0,2,88.25,4.0,0
120,0,2,0.0,0.0,1
30,0,2,0.0,0.0,1
30,0,0,72.0,4.0,0
60,0,0,80.25,4.0,0
60,0,0,92.25,4.0,0
60,0,2,90.75,4.0,0
60,0,1,72.28571428571429,7.0,0
60,0,2,68.5,4.0,0
60,0,0,83.61538461538461,13.0,0
120,0,2,0.0,0.0,1
30,0,0,90.0,2.0,1
30,0,2,83.75,4.0,0
60,0,0,0.0,0.0,1
60,0,0,82.25,4.0,0
60,0,0,90.5,4.0,0
90,0,0,81.4,5.0,1
60,0,0,0.0,0.0,1
60,0,0,89.5,4.0,0
60,0,2,52.0,1.0,1
60,0,0,71.25,4.0,0
60,0,1,75.5,4.0,0
60,0,2,0.0,0.0,1
60,0,0,0.0,0.0,1
60,0,2,85.75,4.0,0
60,0,0,85.75,4.0,0
60,0,0,35.5,2.0,1
60,0,1,90.5,4.0,0
60,0,0,90.0,4.0,0
60,0,2,53.0,1.0,1
90,0,0,0.0,0.0,1
30,0,2,69.0,4.0,0
60,0,2,0.0,0.0,1
90,0,0,0.0,0.0,1
150,0,0,50.875,8.0,1
60,0,0,89.0,4.0,0
360,0,2,0.0,0.0,1
60,0,1,79.25,4.0,0
120,0,2,0.0,0.0,1
90,0,0,69.5,2.0,1
120,0,0,87.07692307692308,13.0,0
120,0,2,70.0,1.0,1
60,0,0,73.25,4.0,0
60,0,0,0.0,0.0,1
60,0,0,92.25,4.0,0
60,0,1,95.25,4.0,0
60,0,2,95.0,4.0,0
60,0,1,94.25,4.0,0
60,0,1,91.5,4.0,0
90,0,1,85.0,4.0,0
120,0,0,79.5,10.0,0
30,0,2,54.25,4.0,0
60,0,1,81.25,4.0,0
120,0,2,0.0,0.0,1
60,0,2,88.5,4.0,0
90,0,0,63.85714285714285,7.0,1
60,0,3,79.08333333333333,12.0,0
60,0,2,87.0,4.0,0
120,0,0,0.0,0.0,1
60,0,0,60.0,3.0,1
60,0,0,78.0,4.0,0
60,0,2,91.75,4.0,0
120,0,0,0.0,0.0,1
60,0,0,80.66666666666667,3.0,0
60,0,0,0.0,0.0,1
120,0,2,0.0,0.0,1
210,0,0,52.2,10.0,1
90,0,2,66.0,2.0,1
60,0,0,95.25,4.0,0
60,0,0,85.0,4.0,0
60,0,2,16.0,1.0,1
30,0,2,86.25,4.0,0
60,0,1,86.0,4.0,0
60,0,0,89.5,4.0,0
60,0,0,94.33333333333331,3.0,1
60,0,2,67.0,1.0,1
60,0,2,67.25,4.0,0
180,0,2,82.75,4.0,0
30,0,0,84.75,4.0,0
30,0,0,0.0,0.0,1
60,0,0,81.83333333333333,6.0,0
30,0,2,0.0,0.0,1
60,0,2,81.0,1.0,1
90,0,2,63.66666666666666,3.0,1
60,0,1,69.66666666666667,12.0,0
60,0,2,80.75,4.0,0
60,0,0,65.6,10.0,1
60,0,0,86.0,1.0,1
60,0,0,80.0,4.0,0
60,0,0,90.75,4.0,0
210,0,0,89.0,5.0,1
90,0,1,0.0,0.0,1
60,0,0,82.0,4.0,0
90,0,2,68.0,1.0,1
60,0,0,89.25,4.0,0
60,0,1,82.84615384615384,13.0,0
60,0,0,0.0,0.0,1
60,0,1,0.0,0.0,1
60,0,2,59.0,2.0,1
90,0,0,92.5,4.0,0
60,0,2,67.75,8.0,1
60,0,1,74.5,4.0,0
30,0,0,79.25,4.0,1
90,0,0,88.25,4.0,0
60,0,0,74.25,4.0,0
90,0,2,0.0,0.0,1
90,0,2,0.0,0.0,1
60,0,2,0.0,0.0,1
30,0,1,84.75,4.0,0
60,0,0,0.0,0.0,1
120,0,2,0.0,0.0,1
60,0,0,93.5,4.0,0
60,0,1,88.75,4.0,0
60,0,2,68.0,4.0,0
30,0,0,83.75,4.0,0
60,0,0,92.0,4.0,0
30,0,0,83.0,4.0,0
30,0,0,87.25,4.0,0
30,0,0,62.5,2.0,1
30,0,0,95.75,4.0,0
120,0,0,86.76923076923077,13.0,0
60,0,2,91.0,4.0,0
30,0,0,67.5,2.0,1
60,0,1,85.25,4.0,0
60,0,2,95.33333333333331,3.0,1
30,0,1,79.0,2.0,1
60,0,2,0.0,0.0,1
90,0,2,0.0,0.0,1
60,0,0,70.0,4.0,0
120,0,1,68.76923076923077,13.0,0
90,0,2,0.0,0.0,1
60,0,0,68.5,2.0,1
30,0,0,0.0,0.0,1
240,0,0,0.0,0.0,1
60,0,0,92.07692307692308,13.0,0
60,0,0,0.0,0.0,1
60,0,0,0.0,0.0,1
150,0,1,74.0,4.0,0
60,0,0,87.5,4.0,0
60,0,0,77.33333333333333,3.0,1
60,0,0,87.25,4.0,0
60,0,0,61.75,4.0,0
60,0,0,74.53846153846153,13.0,0
60,0,0,87.33333333333333,3.0,0
120,0,2,94.0,1.0,1
90,0,0,94.0,4.0,0
60,0,1,79.0,7.0,1
60,0,1,78.625,8.0,0
60,0,2,92.75,4.0,0
90,0,2,85.25,4.0,0
60,0,2,0.0,0.0,1
30,0,0,87.75,4.0,0
90,0,0,72.25,4.0,0
120,0,2,0.0,0.0,1
30,0,2,0.0,0.0,1
60,0,1,92.0,8.0,1
90,0,2,92.5,4.0,0
30,0,0,92.25,4.0,0
120,0,1,0.0,0.0,1
120,0,0,77.75,4.0,0
90,0,2,86.5,4.0,0
150,0,0,97.88888888888889,9.0,1
60,0,2,0.0,0.0,1
60,0,1,74.75,4.0,0
60,0,1,72.38461538461539,13.0,0
60,0,2,81.5,4.0,0
60,0,0,82.25,4.0,0
60,0,2,0.0,0.0,1
150,0,2,0.0,0.0,1
60,0,1,96.44444444444444,9.0,0
60,0,0,73.3076923076923,13.0,0
150,0,1,0.0,0.0,1
120,0,2,97.0,1.0,1
60,0,2,87.75,4.0,0
30,0,2,0.0,0.0,1
60,0,0,0.0,0.0,1
60,0,1,93.0,4.0,0
30,0,2,0.0,0.0,1
120,0,2,55.0,13.0,0
60,0,1,75.15384615384616,13.0,0
60,0,0,0.0,0.0,1
30,0,1,73.25,4.0,0
60,0,1,96.75,4.0,0
30,0,0,0.0,0.0,1
60,0,2,88.5,4.0,0
60,0,1,79.15384615384616,13.0,0
60,0,2,82.75,4.0,0
60,0,0,92.5,4.0,0
60,0,2,53.66666666666666,3.0,1
90,0,0,75.25,4.0,0
60,0,0,82.0,2.0,1
60,0,0,0.0,0.0,1
60,0,0,85.5,2.0,1
120,0,2,0.0,0.0,1
60,0,2,49.5,2.0,1
60,0,1,88.0,4.0,0
60,0,0,46.0,7.0,0
120,0,2,0.0,0.0,1
90,0,0,89.0,4.0,0
120,0,0,78.0,1.0,1
30,0,2,0.0,0.0,1
90,0,2,0.0,0.0,1
60,0,1,0.0,0.0,1
150,0,1,82.0,3.0,1
120,0,0,88.5,2.0,1
30,0,2,82.75,4.0,0
60,0,1,0.0,0.0,1
60,0,0,68.0,1.0,1
30,0,0,89.0,4.0,0
60,0,2,77.75,4.0,1
60,0,2,94.5,2.0,1
60,0,0,95.0,4.0,0
60,0,1,94.5,4.0,0
60,0,0,78.25,4.0,0
60,0,0,79.5,4.0,0
60,0,0,95.0,4.0,0
90,0,0,68.5,2.0,1
90,0,0,46.5,8.0,1
30,0,1,68.75,4.0,0
90,0,2,82.5,4.0,0
30,0,2,86.75,4.0,0
60,0,1,89.0,4.0,0
60,0,1,75.25,4.0,0
60,0,0,56.0,1.0,1
90,0,1,78.33333333333333,12.0,0
90,0,1,81.5,4.0,0
60,0,0,80.76923076923077,13.0,0
60,0,2,86.75,4.0,0
90,0,2,86.0,1.0,1
30,0,0,87.33333333333333,3.0,1
60,0,2,78.5,4.0,0
90,0,0,84.25,4.0,0
60,0,2,77.0,3.0,1
60,0,2,91.25,4.0,0
60,0,1,54.57142857142857,7.0,1
60,0,1,89.25,4.0,0
60,0,1,90.84615384615384,13.0,0
120,0,2,61.333333333333336,3.0,0
60,0,1,86.0,4.0,0
60,0,2,94.6923076923077,13.0,0
60,0,0,88.0,4.0,0
60,0,2,92.5,4.0,0
60,0,1,56.0,1.0,1
60,0,0,95.5,4.0,0
180,0,0,0.0,0.0,1
60,0,1,48.5,4.0,1
30,0,1,0.0,0.0,1
120,0,2,57.75,12.0,0
60,0,0,0.0,0.0,1
60,0,2,84.25,4.0,0
120,0,2,94.76923076923076,13.0,0
120,0,2,78.36363636363636,11.0,0
60,0,0,66.33333333333333,3.0,1
60,0,0,0.0,0.0,1
30,0,2,0.0,0.0,1
60,0,2,84.25,4.0,0
60,0,0,0.0,0.0,1
60,0,2,81.33333333333333,3.0,0
60,0,1,88.25,4.0,0
60,0,0,93.75,4.0,0
60,0,2,89.5,4.0,0
60,0,0,76.25,4.0,0
60,0,0,91.25,4.0,0
60,0,1,93.75,4.0,0
150,0,0,0.0,0.0,1
60,0,2,68.25,4.0,0
120,0,0,64.4,10.0,0
60,0,0,72.0,4.0,1
60,0,1,91.0,4.0,0
60,0,0,0.0,0.0,1
60,0,1,57.5,6.0,1
120,0,2,0.0,0.0,1
60,0,1,70.75,4.0,0
30,0,4,98.0,1.0,1
60,0,1,90.25,4.0,0
60,0,0,89.25,4.0,0
30,0,1,83.75,4.0,0
60,0,2,71.0,4.0,0
60,0,0,97.55555555555556,9.0,0
90,0,1,84.375,8.0,0
60,0,0,86.5,4.0,0
60,0,0,0.0,0.0,1
60,0,0,88.25,4.0,0
60,0,0,97.5,4.0,0
60,0,0,76.25,4.0,0
60,0,0,92.33333333333331,3.0,0
30,0,2,61.0,1.0,1
60,0,4,94.0,4.0,0
60,0,2,94.5,4.0,0
150,0,0,74.0,1.0,1
60,0,2,83.75,4.0,0
30,0,0,78.66666666666667,3.0,1
30,0,2,67.5,4.0,1
60,0,0,94.0,4.0,0
60,0,0,0.0,0.0,1
30,0,0,63.0,1.0,1
30,0,1,87.25,4.0,0
60,0,1,80.07692307692308,13.0,0
30,0,0,93.5,4.0,0
60,0,2,82.75,4.0,0
90,0,2,75.66666666666667,3.0,1
60,0,2,93.25,4.0,0
60,0,0,83.25,4.0,0
30,0,0,0.0,0.0,1
180,0,0,70.33333333333333,3.0,1
60,0,2,48.75,4.0,1
120,0,0,0.0,0.0,1
60,0,0,92.75,4.0,0
30,0,0,0.0,0.0,1
60,0,2,90.75,4.0,0
60,0,1,87.0,4.0,0
60,0,2,92.5,4.0,0
240,0,1,87.75,4.0,0
120,0,0,65.0,1.0,1
60,0,2,79.75,4.0,0
120,0,3,0.0,0.0,1
90,0,2,53.75,4.0,1
60,0,2,0.0,0.0,1
60,0,0,71.84615384615384,13.0,0
60,0,2,87.25,4.0,0
30,0,1,78.25,4.0,0
60,0,0,87.5,4.0,0
90,0,3,85.5,4.0,0
60,0,2,0.0,0.0,1
60,0,2,64.33333333333333,3.0,1
120,0,1,92.0,4.0,0
30,0,2,81.5,4.0,0
30,0,2,88.75,4.0,0
60,0,2,78.72727272727273,11.0,0
60,0,2,62.5,4.0,1
60,0,2,90.0,4.0,0
30,0,0,69.66666666666667,3.0,1
30,0,0,88.75,4.0,0
60,0,0,88.25,4.0,0
30,0,0,0.0,1.0,1
30,0,0,90.0,1.0,1
60,0,0,69.0,4.0,0
60,0,2,83.0,4.0,0
30,0,1,76.75,4.0,0
30,0,2,98.0,1.0,1
60,0,0,89.75,4.0,0
60,0,1,81.76923076923077,13.0,0
60,0,0,82.25,4.0,0
60,0,1,83.0,4.0,0
120,0,1,90.0,3.0,1
120,0,0,0.0,0.0,1
60,0,2,90.0,4.0,0
60,0,0,88.75,4.0,0
60,0,2,70.0,3.0,0
30,0,0,80.75,4.0,0
60,0,0,71.5,4.0,0
30,0,0,88.25,4.0,0
90,0,0,76.0,4.0,0
60,0,0,87.75,4.0,0
60,0,1,0.0,0.0,1
120,0,2,0.0,0.0,1
60,0,1,84.25,4.0,0
30,0,1,73.0,4.0,0
90,0,0,82.25,4.0,0
60,0,0,92.5,4.0,0
60,0,2,61.0,3.0,1
90,0,0,84.75,4.0,0
30,0,0,73.0,4.0,1
90,0,0,0.0,0.0,1
90,0,0,85.25,4.0,0
120,0,0,85.3076923076923,13.0,0
30,0,1,77.25,4.0,0
120,0,2,0.0,0.0,1
60,0,1,69.54545454545455,11.0,0
30,0,1,66.0,1.0,1
120,0,1,87.5,2.0,1
60,0,0,77.25,4.0,0
60,0,0,79.25,4.0,0
60,0,0,83.0,1.0,1
90,0,0,77.4,5.0,0
30,0,0,91.5,4.0,0
30,0,0,69.0,4.0,1
60,0,1,88.5,4.0,0
60,0,0,58.30769230769231,13.0,0
60,0,1,90.0,4.0,0
120,0,0,0.0,0.0,1
30,0,2,88.5,4.0,0
30,0,0,77.75,4.0,0
30,0,2,0.0,0.0,1
30,0,2,76.66666666666667,3.0,1
30,0,0,74.0,4.0,0
60,0,0,87.0,2.0,1
60,0,0,71.5,4.0,0
30,0,0,81.75,4.0,0
60,0,0,91.5,2.0,1
30,0,1,93.0,4.0,0
30,0,2,0.0,0.0,1
60,0,2,76.0,3.0,0
60,0,1,83.0,4.0,0
60,0,0,0.0,0.0,1
120,0,0,58.0,2.0,1
60,0,0,95.0,4.0,0
60,0,2,75.75,4.0,1
120,0,1,0.0,0.0,1
60,0,1,59.875,8.0,0
60,0,1,45.75,4.0,1
30,0,1,93.25,4.0,0
60,0,0,79.0,2.0,1
90,0,0,94.0,4.0,0
30,0,1,79.75,4.0,0
120,0,1,86.5,4.0,0
120,0,0,66.5,4.0,1
60,0,0,44.0,2.0,1
60,0,0,84.75,4.0,0
120,0,2,94.15384615384616,13.0,0
60,0,1,90.25,4.0,0
60,0,1,71.75,4.0,0
120,0,1,77.625,8.0,1
30,0,0,0.0,0.0,1
30,0,0,0.0,0.0,1
40,0,0,0.0,0.0,1
40,0,0,0.0,0.0,1
60,0,1,94.25,4.0,0
60,0,1,85.0,3.0,1
60,0,1,89.0,2.0,1
30,0,1,0.0,0.0,1
30,0,1,0.0,0.0,1
30,0,1,0.0,0.0,1
30,0,1,82.5,2.0,1
30,0,0,76.5,4.0,1
60,0,0,93.25,4.0,0
30,0,0,0.0,0.0,1
30,0,2,89.0,4.0,0
30,0,0,79.5,4.0,0
60,0,0,85.75,4.0,0
240,0,0,90.75,4.0,0
60,0,1,91.53846153846152,13.0,0
60,0,2,92.5,4.0,0
45,1,2,92.0,2.0,1
60,0,1,86.41666666666667,12.0,0
60,0,1,87.25,4.0,0
60,0,2,85.0,4.0,0
90,0,2,74.5,2.0,1
150,0,1,92.5,4.0,0
60,0,0,93.25,4.0,0
180,0,1,0.0,0.0,1
30,0,2,87.0,3.0,0
60,0,2,63.0,2.0,1
60,0,2,0.0,0.0,1
30,0,0,62.333333333333336,3.0,0
30,0,1,97.0,2.0,1
60,0,0,73.0,2.0,1
150,0,2,86.0,4.0,0
60,0,1,80.0,4.0,0
60,0,1,73.66666666666667,3.0,1
30,1,1,95.0,2.0,1
30,0,1,57.66666666666666,3.0,0
60,0,2,98.0,2.0,1
60,0,2,92.25,4.0,0
30,0,1,95.25,4.0,0
30,0,1,96.25,4.0,0
140,0,0,81.53846153846153,13.0,0
60,0,0,91.5,4.0,0
90,0,2,85.25,4.0,0
60,0,2,56.0,3.0,0
90,0,0,33.0,1.0,1
60,0,2,85.0,4.0,0
30,0,0,88.5,4.0,0
60,0,2,88.5,4.0,0
115,0,4,90.5,4.0,0
30,0,0,91.5,4.0,0
30,0,0,83.75,4.0,0
60,0,1,85.0,4.0,0
120,0,1,94.5,4.0,0
60,0,1,51.8,5.0,1
120,0,1,66.33333333333333,9.0,1
90,0,0,68.25,4.0,0
30,0,0,70.5,4.0,0
60,0,0,0.0,0.0,1
120,0,2,0.0,0.0,1
60,0,0,0.0,0.0,1
90,0,3,82.5,2.0,1
60,0,2,76.5,4.0,1
30,0,0,85.0,1.0,1
90,0,2,87.8,5.0,0
90,0,1,84.33333333333333,3.0,0
120,0,2,0.0,0.0,1
60,0,2,91.25,4.0,0
60,0,2,77.33333333333333,12.0,0
60,0,2,59.0,1.0,1
30,0,1,84.0,1.0,1
30,0,2,0.0,0.0,1
30,0,1,88.75,4.0,0
60,0,2,80.5,4.0,0
60,0,0,90.66666666666669,3.0,0
60,0,0,90.0,4.0,0
30,0,0,76.0,4.0,0
60,0,2,0.0,0.0,1
60,0,0,54.0,1.0,1
30,0,2,87.5,4.0,0
90,0,0,92.25,4.0,0
120,1,0,0.0,0.0,1
180,0,1,87.28571428571429,7.0,0
60,0,4,89.75,4.0,0
60,0,0,93.25,4.0,0
60,0,2,0.0,0.0,1
120,0,0,50.0,4.0,1
60,0,2,83.25,4.0,0
30,0,4,68.53846153846153,13.0,0
60,0,2,84.5,4.0,0
30,0,2,84.75,4.0,0
205,1,1,94.5,2.0,1
30,0,0,87.0,4.0,0
60,1,0,80.625,8.0,1
60,0,0,91.5,12.0,0
60,0,0,87.58333333333333,12.0,0
60,0,0,83.0,10.0,0
120,0,2,70.6,5.0,1
90,0,2,0.0,0.0,1
120,0,1,84.18181818181819,11.0,0
120,1,2,78.66666666666667,12.0,0
60,2,2,0.0,0.0,1
90,0,1,76.0,12.0,0
60,0,0,86.58333333333333,12.0,0
150,2,1,0.0,0.0,1
60,0,1,76.64285714285714,14.0,0
60,0,3,0.0,1.0,1
60,0,0,79.0,19.0,1
120,1,0,74.25,4.0,1
120,0,0,92.83333333333331,12.0,0
60,0,0,72.0,4.0,1
150,0,0,76.16666666666667,12.0,0
270,2,1,56.25,12.0,1
150,1,2,0.0,0.0,1
60,0,0,74.9090909090909,11.0,0
140,0,2,78.08333333333333,12.0,0
60,1,0,61.66666666666666,6.0,1
180,1,2,75.66666666666667,18.0,1
60,1,0,80.625,8.0,0
60,0,2,92.33333333333331,3.0,1
60,0,2,78.25,4.0,1
60,1,1,79.88888888888889,9.0,0
120,0,0,78.0,3.0,1
60,0,2,68.66666666666667,6.0,1
60,0,2,82.75,12.0,0
120,1,2,0.0,0.0,1
60,0,2,79.5,12.0,0
60,0,1,0.0,0.0,1
120,1,0,85.66666666666667,12.0,0
120,0,0,76.18181818181819,11.0,0
120,0,0,49.0,2.0,1
60,0,0,86.25,12.0,0
120,0,1,0.0,0.0,1
60,1,0,58.75,12.0,0
310,1,2,68.25,12.0,1
150,1,1,84.16666666666667,12.0,0
60,1,1,88.91666666666667,12.0,0
270,2,1,0.0,0.0,1
60,0,2,81.75,12.0,0
60,0,2,86.41666666666667,12.0,0
60,0,1,78.83333333333333,12.0,0
60,0,0,85.83333333333333,12.0,0
60,0,0,78.91666666666667,12.0,0
120,1,1,37.8,5.0,1
60,0,0,69.125,8.0,1
60,0,2,60.0,3.0,1
60,0,2,65.0,12.0,0
120,0,2,75.83333333333333,12.0,0
90,0,0,84.91666666666667,12.0,0
120,1,2,0.0,0.0,1
60,0,0,85.0,12.0,0
60,0,2,91.33333333333331,12.0,0
60,0,0,86.41666666666667,12.0,0
120,0,3,79.5,12.0,0
60,0,4,92.91666666666669,12.0,0
90,0,0,80.83333333333333,12.0,0
150,1,1,85.58333333333333,12.0,0
60,0,2,0.0,0.0,1
210,1,2,74.0,1.0,1
60,0,0,78.83333333333333,12.0,0
60,0,0,76.0,1.0,1
120,1,0,84.75,12.0,0
60,0,2,72.63636363636364,11.0,0
100,0,2,76.41666666666667,12.0,0
60,0,0,70.25,12.0,0
60,0,1,70.0,5.0,1
60,0,2,82.5,12.0,0
60,0,0,83.91666666666667,12.0,0
180,0,1,66.0909090909091,11.0,0
120,2,0,70.33333333333333,3.0,1
225,1,2,57.0,3.0,1
120,1,1,64.8,10.0,1
60,0,0,56.333333333333336,12.0,1
60,0,2,80.91666666666667,12.0,0
60,0,2,85.27272727272727,11.0,0
60,0,0,88.25,4.0,1
180,1,0,64.875,8.0,1
60,0,2,75.0,8.0,1
60,0,0,0.0,0.0,1
90,2,0,78.66666666666667,12.0,0
270,0,0,74.08333333333333,12.0,0
60,0,2,0.0,0.0,1
135,0,0,78.0,1.0,1
120,0,0,77.23529411764706,17.0,1
60,0,1,81.66666666666667,12.0,0
120,0,2,65.5,12.0,0
90,0,0,62.25,12.0,1
180,1,0,0.0,0.0,1
120,2,2,74.18181818181819,11.0,1
60,0,1,89.91666666666667,12.0,0
120,1,2,50.25,4.0,1
60,0,2,88.0,1.0,1
60,0,0,0.0,0.0,1
150,0,0,74.0,5.0,1
210,0,4,0.0,0.0,1
120,3,2,65.66666666666667,12.0,0
180,1,2,92.0,1.0,1
60,0,0,78.08333333333333,12.0,0
60,0,1,92.4,10.0,0
150,0,2,59.16666666666666,12.0,1
90,0,0,90.58333333333331,12.0,0
100,1,0,69.66666666666667,12.0,0
120,0,0,0.0,0.0,1
60,0,0,69.25,12.0,1
90,0,2,70.5,6.0,1
90,0,0,0.0,0.0,1
60,0,0,81.25,12.0,0
90,0,2,84.0,12.0,0
60,1,2,72.66666666666667,3.0,1
120,1,1,68.0,3.0,1
150,1,0,67.4,15.0,1
90,0,0,64.0,1.0,1
60,1,2,87.91666666666667,12.0,0
60,0,2,86.42857142857143,14.0,1
60,0,0,92.25,12.0,0
60,0,0,74.0,12.0,0
60,0,0,75.83333333333333,12.0,0
90,0,2,63.833333333333336,12.0,0
60,0,2,70.27272727272727,11.0,1
60,0,0,73.5,12.0,0
120,0,2,72.57142857142857,7.0,1
90,0,2,77.9090909090909,11.0,0
60,0,0,68.33333333333333,3.0,1
60,0,0,0.0,0.0,1
60,0,2,81.5,4.0,1
120,1,2,86.33333333333333,12.0,0
60,0,2,71.83333333333333,12.0,0
60,1,2,50.6,5.0,1
120,0,1,81.75,12.0,0
120,2,0,44.0,1.0,1
60,1,0,89.27272727272727,11.0,0
60,0,2,87.08333333333333,12.0,0
180,3,2,0.0,0.0,1
60,0,1,87.41666666666667,12.0,0
150,1,2,92.0,1.0,1
150,0,2,74.5,12.0,1
90,0,2,94.08333333333331,12.0,0
240,1,0,82.41666666666667,12.0,0
60,0,2,66.0,3.0,1
60,0,1,69.83333333333333,12.0,1
60,0,0,65.33333333333333,12.0,0
60,0,0,81.83333333333333,12.0,0
60,0,2,81.33333333333333,12.0,0
60,0,2,76.0,2.0,1
120,0,1,85.16666666666667,12.0,0
60,0,2,75.16666666666667,12.0,0
240,1,0,70.0,1.0,1
60,1,0,0.0,0.0,1
60,0,0,92.16666666666669,12.0,0
120,2,0,79.66666666666667,12.0,0
80,0,2,47.0,2.0,1
120,1,0,80.0,1.0,1
210,1,0,0.0,0.0,1
120,1,2,56.0,1.0,1
120,0,2,0.0,0.0,1
60,0,1,83.91666666666667,12.0,0
90,1,0,68.36363636363636,11.0,1
60,2,0,0.0,0.0,1
60,0,2,85.33333333333333,12.0,0
240,1,0,74.58333333333333,12.0,1
120,0,0,84.0,1.0,1
180,0,0,68.41666666666667,12.0,0
60,0,2,0.0,0.0,1
150,1,1,86.33333333333333,12.0,0
180,1,2,65.0,2.0,1
120,0,0,50.0,1.0,1
120,1,0,85.16666666666667,12.0,0
60,0,1,64.08333333333333,12.0,0
120,0,0,71.58333333333333,12.0,1
60,0,0,79.25,12.0,0
60,0,2,86.33333333333333,9.0,1
180,1,2,0.0,0.0,1
60,0,0,85.58333333333333,12.0,0
120,2,0,71.91666666666667,12.0,0
60,0,0,96.33333333333331,3.0,1
60,0,1,77.66666666666667,3.0,1
60,1,2,55.833333333333336,6.0,1
60,0,0,81.91666666666667,12.0,0
60,0,2,68.0,1.0,1
70,1,2,0.0,0.0,1
60,0,0,75.5,12.0,0
60,0,2,68.22222222222223,9.0,1
90,0,0,87.0,2.0,1
60,0,1,84.08333333333333,12.0,0
120,0,2,57.333333333333336,3.0,1
60,0,0,91.33333333333331,12.0,0
90,0,0,89.16666666666667,12.0,0
150,1,0,69.33333333333333,12.0,0
120,2,0,62.0,2.0,1
90,0,2,0.0,0.0,1
120,1,2,87.83333333333333,12.0,0
150,0,1,77.18181818181819,11.0,0
210,1,2,75.2,10.0,0
70,0,0,75.08333333333333,12.0,0
120,1,0,84.5,6.0,1
60,0,0,61.4,5.0,1
60,0,0,86.33333333333333,12.0,0
60,0,2,75.9090909090909,11.0,1
180,3,2,0.0,0.0,1
60,2,2,69.5,6.0,1
150,1,4,83.0,11.0,0
60,0,0,87.08333333333333,12.0,0
60,0,2,71.5,4.0,1
145,0,1,89.16666666666667,12.0,0
60,0,1,66.83333333333333,12.0,0
60,0,2,68.0,1.0,1
120,0,2,75.25,12.0,0
60,0,2,0.0,0.0,1
120,0,0,52.66666666666666,12.0,1
120,2,0,83.25,12.0,0
60,0,2,90.0,1.0,1
60,0,1,84.0,1.0,1
150,1,2,69.54545454545455,11.0,1
90,1,2,48.083333333333336,12.0,1
60,0,2,47.25,16.0,1
60,0,0,96.08333333333331,12.0,0
60,1,2,72.58333333333333,12.0,0
120,2,2,74.66666666666667,6.0,1
60,1,2,82.66666666666667,12.0,0
60,0,2,78.0,3.0,1
150,1,2,0.0,0.0,1
60,2,0,86.58333333333333,12.0,0
60,1,2,0.0,0.0,1
90,0,1,67.23076923076923,13.0,1
120,0,0,0.0,0.0,1
180,1,0,68.45454545454545,11.0,1
180,3,0,0.0,0.0,1
60,0,0,70.0,1.0,1
60,0,0,86.5,12.0,0
120,0,2,83.5,12.0,0
60,0,2,84.75,4.0,1
135,0,2,0.0,0.0,1
60,0,1,87.42857142857143,21.0,0
60,0,0,76.33333333333333,12.0,0
180,0,1,83.0,4.0,1
120,1,1,70.25,12.0,0
60,0,1,80.83333333333333,12.0,0
60,1,0,87.75,12.0,0
60,0,1,71.25,4.0,1
120,1,2,77.0,12.0,0
90,0,0,0.0,0.0,1
60,0,1,77.33333333333333,12.0,0
60,0,2,70.58333333333333,12.0,0
60,0,1,87.66666666666667,12.0,0
120,0,2,73.33333333333333,3.0,1
270,0,2,71.18181818181819,11.0,1
150,1,0,59.57142857142857,14.0,0
180,0,0,0.0,0.0,1
60,2,0,0.0,0.0,1
60,0,0,81.08333333333333,12.0,0
120,1,0,77.66666666666667,12.0,0
120,1,2,77.0,12.0,0
60,0,0,73.5,4.0,1
120,0,0,89.91666666666667,12.0,0
60,0,2,67.33333333333333,12.0,1
60,0,0,78.0,12.0,0
120,0,2,80.25,12.0,0
180,1,2,65.66666666666667,3.0,1
60,0,0,77.83333333333333,12.0,0
210,1,1,90.0,4.0,1
120,2,0,0.0,0.0,1
60,1,0,84.0,12.0,0
60,0,0,94.08333333333331,12.0,0
90,0,0,74.83333333333333,12.0,0
60,0,2,83.66666666666667,3.0,1
210,1,0,0.0,0.0,1
60,2,0,82.0,1.0,1
60,0,0,68.0,1.0,1
180,0,1,87.08333333333333,12.0,1
150,1,1,70.16666666666667,12.0,0
60,0,0,71.91666666666667,12.0,0
60,0,2,77.5,4.0,1
60,0,4,73.75,12.0,0
120,1,2,0.0,0.0,1
120,0,2,82.25,12.0,0
60,0,2,71.91666666666667,12.0,1
60,1,0,80.16666666666667,6.0,1
90,0,2,92.0,1.0,1
120,0,0,87.83333333333333,12.0,0
60,0,3,86.25,12.0,0
210,1,2,87.0,11.0,0
120,0,0,90.41666666666669,12.0,0
60,0,2,55.0,2.0,1
60,0,0,73.18181818181819,11.0,0
90,1,2,72.66666666666667,3.0,1
180,0,2,0.0,0.0,1
180,0,0,68.0,2.0,1
135,1,0,79.5,4.0,1
120,1,2,88.83333333333333,12.0,0
60,0,0,0.0,0.0,1
60,0,2,76.41666666666667,12.0,0
60,0,0,81.0,4.0,1
120,0,1,56.0,2.0,1
120,1,0,81.75,12.0,0
60,1,2,64.8,5.0,1
60,0,2,75.08333333333333,12.0,0
60,0,2,73.0,2.0,1
120,0,0,0.0,0.0,1
60,0,1,0.0,0.0,1
180,2,0,71.66666666666667,12.0,0
150,1,0,79.83333333333333,12.0,0
180,2,0,44.0,5.0,1
60,1,2,0.0,0.0,1
60,0,1,76.71428571428571,14.0,1
90,1,0,80.0,3.0,1
120,2,2,76.91666666666667,12.0,1
60,1,2,82.0,1.0,1
150,2,2,59.66666666666666,6.0,1
120,1,0,88.83333333333333,12.0,0
60,1,2,69.63636363636364,11.0,1
60,0,2,77.41666666666667,12.0,0
60,0,1,77.83333333333333,12.0,0
105,1,2,0.0,0.0,1
210,0,2,42.0,2.0,1
120,1,2,80.08333333333333,12.0,1
120,0,0,74.0,8.0,1
60,1,0,65.0,10.0,1
120,1,2,68.33333333333333,12.0,0
150,2,2,0.0,0.0,1
90,0,2,76.0,2.0,1
180,2,1,64.0,12.0,1
150,1,0,78.91666666666667,12.0,0
180,0,1,70.91666666666667,12.0,1
60,0,1,89.0,12.0,0
60,0,1,0.0,0.0,1
90,1,2,50.0,1.0,1
60,0,2,90.5,12.0,0
60,0,2,73.0909090909091,11.0,1
120,0,0,51.083333333333336,12.0,1
90,0,0,81.33333333333333,12.0,0
60,0,0,66.75,12.0,1
60,1,0,71.0,6.0,1
360,1,2,63.0,2.0,1
60,1,0,82.66666666666667,12.0,0
60,0,2,85.16666666666667,12.0,0
60,0,2,73.0,3.0,1
120,1,2,52.0,1.0,1
60,0,0,74.0,2.0,1
60,0,0,65.91666666666667,12.0,0
120,2,2,88.0,2.0,1
90,0,0,77.0,17.0,1
60,0,0,0.0,0.0,1
60,0,0,88.58333333333333,12.0,0
60,0,0,76.5,24.0,1
60,0,2,63.0,12.0,0
60,0,0,92.5,12.0,0
120,2,2,87.16666666666667,12.0,0
60,0,0,79.0909090909091,11.0,0
60,0,1,68.53846153846153,13.0,0
90,0,0,71.16666666666667,12.0,0
60,2,2,61.18181818181818,11.0,0
60,0,0,85.2,5.0,1
90,0,2,80.83333333333333,12.0,0
60,0,2,0.0,0.0,1
120,2,2,62.0,3.0,1
120,2,0,72.75,4.0,1
180,1,2,85.5,12.0,0
180,2,4,85.0,2.0,1
60,2,0,68.81818181818181,11.0,0
60,0,1,85.08333333333333,12.0,0
60,0,1,71.0,11.0,0
60,0,0,80.83333333333333,12.0,0
150,2,2,0.0,0.0,1
60,0,0,54.8,15.0,1
120,0,2,71.33333333333333,12.0,0
120,1,3,65.72727272727273,11.0,1
90,0,0,81.83333333333333,12.0,0
60,0,1,73.5,8.0,1
60,1,0,89.83333333333333,12.0,0
90,0,1,0.0,0.0,1
120,1,2,83.0,12.0,0
120,0,0,65.16666666666667,12.0,0
300,1,2,73.0,2.0,1
120,0,2,41.0,10.0,1
60,0,0,87.25,12.0,0
210,0,1,75.66666666666667,12.0,0
60,0,2,88.0,1.0,1
150,1,1,81.4,5.0,1
60,0,0,78.33333333333333,12.0,0
90,0,1,80.25,12.0,0
120,2,0,66.33333333333333,12.0,0
90,0,1,77.58333333333333,12.0,0
60,0,2,87.83333333333333,12.0,0
120,0,0,73.66666666666667,3.0,1
60,1,1,93.83333333333331,12.0,0
120,1,0,71.81818181818181,11.0,1
210,1,0,64.66666666666667,3.0,1
210,0,0,67.08333333333333,12.0,1
60,0,0,72.8,5.0,1
60,0,2,38.0,2.0,1
120,0,2,60.27272727272727,11.0,1
120,1,0,68.16666666666667,12.0,0
60,0,2,83.41666666666667,12.0,0
180,1,2,0.0,0.0,1
60,0,1,72.58333333333333,12.0,0
90,0,2,81.9090909090909,11.0,0
60,0,0,88.41666666666667,12.0,0
120,0,0,85.75,12.0,0
150,1,1,73.33333333333333,12.0,0
120,1,0,96.0,1.0,1
90,0,0,56.75,4.0,1
120,1,2,73.0,3.0,1
60,1,0,84.83333333333333,12.0,0
60,0,1,85.5,2.0,1
60,1,0,70.5,12.0,0
60,1,0,86.58333333333333,12.0,0
90,0,2,63.0,4.0,1
180,1,0,77.86666666666666,15.0,1
120,1,0,78.58333333333333,12.0,0
60,0,2,0.0,0.0,1
60,1,2,0.0,0.0,1
90,0,2,0.0,0.0,1
90,0,3,78.33333333333333,3.0,1
120,0,2,66.75,12.0,0
120,0,1,80.41666666666667,12.0,0
60,0,0,92.58333333333331,12.0,0
150,1,2,86.33333333333333,3.0,1
60,0,0,0.0,0.0,1
180,2,2,82.25,8.0,1
150,1,2,63.25,4.0,1
120,2,2,66.25,8.0,1
60,1,2,0.0,0.0,1
60,0,2,67.66666666666667,3.0,1
90,0,2,66.16666666666667,12.0,0
60,0,1,81.75,4.0,1
120,1,0,81.33333333333333,12.0,0
360,1,0,63.75,24.0,1
60,0,2,78.25,12.0,0
60,0,0,92.83333333333331,12.0,0
160,1,0,79.91666666666667,12.0,0
270,2,1,0.0,0.0,1
150,2,2,87.0,2.0,1
180,1,2,80.0,1.0,1
120,0,0,53.583333333333336,12.0,1
120,0,0,0.0,0.0,1
60,0,0,82.5,12.0,0
90,1,2,65.125,16.0,1
120,1,0,76.5,12.0,0
60,0,0,77.75,12.0,0
75,0,2,11.0,1.0,1
120,0,2,61.25,12.0,0
120,0,2,85.6,5.0,1
60,0,2,0.0,0.0,1
120,0,0,0.0,0.0,1
60,1,0,89.36363636363636,11.0,0
180,1,2,84.5,12.0,0
180,0,0,86.16666666666667,12.0,0
60,1,0,78.75,12.0,0
60,1,2,73.91666666666667,12.0,0
120,0,2,74.16666666666667,12.0,0
60,0,2,82.66666666666667,3.0,1
120,0,0,49.0,2.0,1
120,0,0,80.8,10.0,0
120,1,3,89.25,12.0,0
60,0,0,69.66666666666667,12.0,0
60,0,2,85.08333333333333,12.0,0
60,0,1,66.16666666666667,12.0,1
60,0,2,70.0,2.0,1
120,0,2,0.0,0.0,1
120,0,2,82.66666666666667,3.0,1
120,1,2,44.2,10.0,1
60,0,2,91.33333333333331,12.0,0
90,0,2,78.91666666666667,12.0,0
120,1,2,0.0,0.0,1
60,0,2,74.5,4.0,1
60,0,0,91.0,3.0,1
60,0,2,79.33333333333333,12.0,0
60,0,1,75.83333333333333,12.0,0
150,1,2,72.0,1.0,1
120,0,0,77.33333333333333,15.0,0
120,1,2,87.83333333333333,24.0,1
60,0,0,83.08333333333333,12.0,0
90,0,2,78.0,12.0,0
60,0,0,74.41666666666667,12.0,0
60,0,0,91.16666666666669,12.0,0
60,0,0,80.0,1.0,1
90,0,2,84.66666666666667,12.0,0
150,0,1,79.625,8.0,0
60,0,2,88.41666666666667,12.0,0
180,1,0,54.333333333333336,12.0,1
60,0,2,80.33333333333333,12.0,0
120,0,0,0.0,0.0,1
180,1,0,69.16666666666667,12.0,0
60,0,0,82.83333333333333,12.0,0
60,0,0,62.0,3.0,1
150,1,2,84.16666666666667,12.0,0
150,1,2,84.66666666666667,12.0,0
150,1,0,88.33333333333333,12.0,0
120,1,2,53.0,3.0,1
70,0,0,80.25,12.0,0
60,0,0,87.0,3.0,1
120,1,0,80.0,2.0,1
60,0,0,87.41666666666667,12.0,0
90,0,2,77.33333333333333,12.0,0
60,0,0,87.83333333333333,12.0,0
60,0,0,47.66666666666666,3.0,1
180,1,3,0.0,0.0,1
210,1,2,72.0,3.0,1
60,0,2,84.16666666666667,12.0,0
120,0,2,0.0,0.0,1
120,1,0,0.0,0.0,1
180,1,2,65.66666666666667,12.0,0
150,1,2,0.0,0.0,1
120,0,0,83.25,12.0,0
60,0,0,83.75,12.0,0
150,1,0,80.0,2.0,1
120,0,0,69.4,5.0,1
90,0,0,90.75,12.0,0
60,0,2,65.0,12.0,1
90,0,2,78.75,12.0,0
180,1,0,76.83333333333333,12.0,0
90,0,0,72.16666666666667,12.0,0
210,1,0,0.0,0.0,1
60,0,0,85.58333333333333,12.0,0
150,0,1,56.16666666666666,12.0,1
60,0,2,74.91666666666667,12.0,0
60,0,0,84.41666666666667,12.0,0
120,1,1,61.333333333333336,3.0,1
120,0,0,58.583333333333336,24.0,1
120,1,2,90.0,3.0,1
90,0,0,64.5,12.0,0
60,0,1,70.0,13.0,1
120,0,4,86.75,12.0,0
180,1,1,93.33333333333331,12.0,0
60,0,0,70.58333333333333,12.0,0
60,0,1,93.5,12.0,0
180,1,1,0.0,0.0,1
60,0,0,82.08333333333333,12.0,0
60,0,0,81.0,7.0,1
180,1,2,0.0,0.0,1
60,0,0,89.5,12.0,0
120,0,0,73.16666666666667,12.0,1
120,0,0,81.0,2.0,1
90,0,2,90.83333333333331,12.0,0
90,0,0,0.0,0.0,1
150,1,2,90.0,1.0,1
120,1,2,63.25,12.0,0
90,0,0,87.5,12.0,0
60,0,2,77.08333333333333,12.0,0
120,0,2,76.83333333333333,12.0,0
90,0,2,62.0,1.0,1
120,0,2,92.0,1.0,1
60,0,2,0.0,0.0,1
120,1,0,48.3,10.0,1
180,1,2,0.0,0.0,1
60,0,0,85.58333333333333,12.0,0
60,0,2,87.16666666666667,12.0,0
150,0,0,82.0,5.0,1
60,0,2,68.0,1.0,1
60,0,0,70.66666666666667,12.0,1
270,1,1,74.58333333333333,12.0,0
210,1,2,0.0,0.0,1
120,0,2,79.63636363636364,11.0,0
60,0,0,87.91666666666667,12.0,0
60,0,2,69.57142857142857,7.0,1
60,0,0,88.66666666666667,12.0,0
60,0,0,77.75,4.0,1
180,0,2,0.0,0.0,1
120,1,3,59.0,6.0,1
60,0,2,69.25,12.0,0
60,0,2,83.0,12.0,0
150,0,0,68.16666666666667,12.0,1
60,0,2,66.0,6.0,1
180,1,2,64.0,4.0,1
120,1,0,86.08333333333333,12.0,0
120,1,0,71.0,12.0,1
180,1,0,0.0,0.0,1
60,0,2,82.66666666666667,12.0,0
60,0,2,90.25,12.0,0
60,0,2,69.25,12.0,0
90,0,1,72.0,2.0,1
60,0,0,0.0,0.0,1
270,1,2,80.5,4.0,1
60,0,2,67.0,11.0,1
120,0,0,55.0,2.0,1
120,0,2,67.5,12.0,1
180,1,1,61.0,12.0,0
120,1,0,68.33333333333333,12.0,1
300,1,2,78.66666666666667,3.0,1
120,0,0,67.66666666666667,12.0,1
120,0,2,0.0,0.0,1
240,1,0,0.0,0.0,1
90,0,1,57.25,12.0,1
180,1,2,69.5,12.0,0
60,0,2,84.0,12.0,0
60,0,2,81.91666666666667,12.0,0
120,1,1,0.0,0.0,1
60,0,2,76.0,1.0,1
60,0,0,55.5,12.0,1
150,1,0,73.0,11.0,0
120,1,0,83.33333333333333,12.0,0
120,0,0,67.0,12.0,0
75,0,1,0.0,0.0,1
120,1,2,0.0,0.0,1
60,0,1,68.0,2.0,1
60,0,0,66.33333333333333,3.0,1
120,1,2,89.91666666666667,12.0,0
120,1,0,0.0,0.0,1
180,1,3,71.45454545454545,11.0,0
120,1,2,0.0,0.0,1
180,1,0,73.27272727272727,11.0,0
120,0,2,0.0,0.0,1
60,0,0,91.08333333333331,12.0,0
120,0,2,0.0,0.0,1
120,0,0,82.5,12.0,0
120,1,0,72.33333333333333,12.0,1
120,0,2,44.0,3.0,1
60,0,4,80.47619047619048,21.0,0
210,1,1,66.63636363636364,11.0,0
120,1,2,0.0,0.0,1
60,0,0,67.16666666666667,12.0,1
120,1,2,61.66666666666666,3.0,1
120,0,0,71.83333333333333,12.0,0
60,0,2,86.16666666666667,6.0,1
180,1,2,0.0,0.0,1
120,0,0,0.0,0.0,1
150,1,2,73.5,2.0,1
180,1,1,86.0,12.0,0
120,0,0,68.5,12.0,0
60,0,0,75.81818181818181,11.0,1
120,0,2,68.66666666666667,12.0,0
60,0,2,78.16666666666667,12.0,0
60,0,2,0.0,0.0,1
120,0,2,0.0,0.0,1
270,1,2,86.16666666666667,12.0,0
120,1,0,86.0,1.0,1
150,1,2,0.0,0.0,1
60,0,0,66.0,2.0,1
120,0,2,67.75,4.0,1
120,1,2,70.91666666666667,12.0,0
60,0,2,70.66666666666667,12.0,0
120,1,0,77.77272727272727,22.0,1
60,0,0,60.0,2.0,1
120,0,0,85.41666666666667,12.0,0
180,1,2,0.0,0.0,1
180,0,0,72.9090909090909,11.0,0
90,0,0,62.41666666666666,12.0,0
150,0,0,83.66666666666667,12.0,0
120,0,2,49.2,5.0,1
300,1,0,80.83333333333333,12.0,0
180,1,2,0.0,0.0,1
210,0,2,0.0,0.0,1
120,1,2,72.0,1.0,1
90,0,1,81.0,12.0,0
180,1,2,0.0,0.0,1
60,0,0,60.5,4.0,1
150,1,2,0.0,0.0,1
60,0,0,66.66666666666667,3.0,1
120,1,2,63.91666666666666,12.0,1
180,1,2,86.58333333333333,12.0,0
120,0,0,78.0909090909091,22.0,1
120,1,3,0.0,1.0,1
60,0,2,86.0,1.0,1
60,0,0,63.1,10.0,0
210,1,2,68.27272727272727,11.0,1
120,0,0,72.0,1.0,1
180,1,2,0.0,0.0,1
120,0,0,83.75,12.0,0
120,1,2,34.333333333333336,3.0,1
60,0,2,85.08333333333333,12.0,0
120,1,2,87.33333333333333,3.0,1
60,0,0,64.75,12.0,0
120,0,2,0.0,0.0,1
120,0,2,85.66666666666667,9.0,0
60,0,0,82.0,2.0,1
90,0,0,0.0,0.0,1
120,1,0,82.75,12.0,0
150,0,2,58.583333333333336,12.0,0
60,0,2,48.41666666666666,12.0,1
120,0,2,61.083333333333336,12.0,1
180,1,2,74.0,3.0,1
60,0,0,71.0,11.0,0
120,0,1,86.41666666666667,12.0,0
400,0,2,0.0,0.0,1
60,0,2,73.16666666666667,12.0,0
120,1,0,0.0,0.0,1
120,0,1,72.0,1.0,1
60,0,0,0.0,0.0,1
120,0,2,78.08333333333333,12.0,1
120,0,2,72.0,2.0,1
120,1,0,74.0,1.0,1
120,0,2,72.0,1.0,1
180,1,2,48.25,4.0,1
150,0,0,82.0,4.0,1
120,0,0,83.5,12.0,0
150,1,1,61.0,2.0,1
60,0,0,68.5,6.0,1
120,1,2,0.0,0.0,1
150,1,2,63.833333333333336,12.0,0
60,0,2,74.0,12.0,0
120,0,2,87.5,12.0,0
60,0,0,87.91666666666667,12.0,0
180,1,0,0.0,0.0,1
120,1,2,80.63636363636364,11.0,0
120,1,2,71.16666666666667,12.0,1
60,0,1,70.93333333333334,15.0,1
90,0,0,83.0,9.0,1
120,0,2,94.5,12.0,0
120,0,0,80.0,1.0,1
60,0,0,90.0,12.0,0
60,0,0,54.41666666666666,12.0,0
180,1,1,69.5,12.0,0
60,0,0,72.75,12.0,0
60,0,0,66.2,5.0,1
150,1,0,71.33333333333333,12.0,0
120,1,2,0.0,0.0,1
60,0,0,83.08333333333333,12.0,0
120,0,2,0.0,0.0,1
120,0,0,0.0,0.0,1
60,0,2,67.6842105263158,19.0,0
120,1,2,75.33333333333333,12.0,0
120,0,0,63.333333333333336,3.0,1
120,1,0,89.08333333333333,12.0,0
180,1,2,0.0,0.0,1
120,0,1,83.16666666666667,12.0,0
210,1,0,66.33333333333333,12.0,0
120,0,0,93.25,12.0,0
60,0,2,0.0,0.0,1
150,1,0,85.25,12.0,0
120,1,1,76.75,16.0,1
150,1,0,0.0,0.0,1
60,0,0,90.16666666666669,12.0,0
120,0,2,0.0,0.0,1
60,0,2,38.0,1.0,1
180,1,0,77.5,12.0,0
60,0,0,77.25,12.0,0
180,1,2,68.41666666666667,12.0,0
120,1,2,74.58333333333333,12.0,1
60,0,0,56.5,4.0,1
60,0,2,78.16666666666667,12.0,0
150,1,0,60.04166666666666,24.0,1
60,0,2,78.91666666666667,12.0,0
120,0,0,81.0,17.0,0
60,0,2,65.5,6.0,1
120,0,1,73.08333333333333,12.0,0
90,0,2,0.0,0.0,1
60,0,2,52.2,5.0,1
60,0,2,88.66666666666667,12.0,0
120,1,2,60.75,12.0,1
60,0,0,90.0,4.0,1
180,1,2,72.4,5.0,1
120,1,0,54.5,4.0,1
60,0,2,0.0,0.0,1
60,0,0,85.58333333333333,12.0,0
120,1,0,0.0,0.0,1
180,0,2,66.66666666666667,3.0,1
90,0,2,0.0,0.0,1
120,1,0,81.91666666666667,12.0,0
60,0,0,57.333333333333336,3.0,1
60,0,1,65.25,12.0,1
60,0,0,80.58333333333333,12.0,0
60,0,2,82.16666666666667,6.0,1
60,0,2,74.0,4.0,1
120,1,2,80.16666666666667,12.0,0
60,0,0,79.0,3.0,1
120,0,0,0.0,0.0,1
90,0,0,85.08333333333333,12.0,0
120,0,3,0.0,0.0,1
120,1,0,84.41666666666667,12.0,0
60,0,0,78.41666666666667,12.0,0
60,0,2,79.125,8.0,1
120,1,0,82.66666666666667,12.0,0
120,1,0,0.0,0.0,1
60,0,1,85.54545454545455,11.0,0
150,1,0,91.25,12.0,0
150,0,2,79.58333333333333,12.0,0
60,0,2,73.0,2.0,1
180,1,2,72.0,3.0,1
90,0,2,73.66666666666667,12.0,0
60,0,0,92.66666666666669,12.0,0
120,0,0,85.83333333333333,12.0,0
120,0,0,74.33333333333333,12.0,0
120,0,0,83.58333333333333,12.0,0
120,0,0,88.33333333333333,12.0,0
120,0,0,88.91666666666667,12.0,0
120,0,3,81.66666666666667,12.0,0
120,0,0,84.0,1.0,1
120,1,0,91.16666666666669,12.0,0
60,0,2,85.08333333333333,12.0,0
60,0,2,62.833333333333336,12.0,0
60,0,2,62.66666666666666,12.0,1
120,0,2,71.0,12.0,1
120,1,0,85.25,12.0,0
150,1,0,91.0,12.0,0
120,1,2,62.54166666666666,24.0,1
90,0,2,72.5,12.0,0
120,1,0,76.08333333333333,12.0,0
75,0,0,79.83333333333333,12.0,0
60,0,4,84.08333333333333,12.0,0
60,0,2,76.58333333333333,12.0,0
120,1,1,88.25,12.0,0
120,0,2,69.0,2.0,1
180,1,1,77.54545454545455,11.0,0
60,0,2,92.16666666666669,12.0,0
120,0,2,84.66666666666667,6.0,1
120,0,2,83.0,2.0,1
120,0,0,84.08333333333333,12.0,0
90,0,0,90.58333333333331,12.0,0
60,0,0,93.58333333333331,12.0,0
60,0,0,68.0,12.0,0
120,1,2,83.58333333333333,12.0,0
180,0,0,86.45454545454545,11.0,0
120,0,1,0.0,0.0,1
120,1,0,94.25,12.0,0
120,1,0,77.41666666666667,12.0,0
60,0,2,82.0,1.0,1
60,0,0,50.66666666666666,3.0,1
60,0,1,78.83333333333333,12.0,0
120,0,0,0.0,0.0,1
90,0,2,80.91666666666667,12.0,0
120,0,0,74.16666666666667,6.0,1
60,0,0,0.0,0.0,1
180,1,0,55.0,2.0,1
180,0,3,79.58333333333333,12.0,0
60,0,2,70.83333333333333,6.0,1
60,0,1,69.9090909090909,11.0,1
120,1,2,74.66666666666667,6.0,1
120,0,2,74.0,11.0,1
120,0,1,87.16666666666667,12.0,0
120,0,0,55.0,4.0,1
60,0,0,0.0,0.0,1
120,0,2,63.0,2.0,1
60,0,0,79.16666666666667,12.0,0
60,0,0,81.75,16.0,0
120,0,0,72.5,12.0,1
60,0,2,76.08333333333333,12.0,0
60,0,2,74.16666666666667,12.0,0
60,0,2,84.0,1.0,1
120,0,2,82.75,12.0,0
120,1,1,89.75,12.0,0
60,0,0,72.66666666666667,6.0,1
60,0,0,75.33333333333333,12.0,0
90,0,0,80.91666666666667,12.0,0
60,0,0,81.83333333333333,12.0,0
120,0,2,63.66666666666666,6.0,1
120,0,2,81.77777777777777,9.0,0
60,0,2,92.16666666666669,12.0,0
90,0,2,68.6,5.0,1
120,0,0,0.0,0.0,1
60,0,2,86.83333333333333,12.0,0
180,0,1,82.91666666666667,12.0,0
60,0,0,85.25,12.0,0
120,0,0,90.0,1.0,1
90,0,0,34.0,5.0,1
90,0,0,87.16666666666667,12.0,0
60,0,2,0.0,0.0,1
60,0,2,78.8,5.0,1
180,0,2,72.4,5.0,1
60,0,2,89.25,12.0,0
120,0,2,78.58333333333333,12.0,0
60,0,2,85.75,4.0,1
60,0,0,69.5,4.0,1
60,0,1,79.58333333333333,12.0,0
60,0,0,87.58333333333333,12.0,0
60,0,2,64.0,1.0,1
120,0,0,77.8,5.0,1
60,0,2,69.66666666666667,12.0,0
120,0,2,79.25,12.0,0
120,0,0,43.81818181818182,11.0,1
60,0,0,81.1,10.0,0
90,0,0,77.33333333333333,12.0,1
120,0,0,78.0909090909091,11.0,0
90,0,2,60.0,1.0,1
60,0,0,80.83333333333333,12.0,0
60,0,0,83.66666666666667,12.0,0
60,0,2,36.0,2.0,1
60,0,2,65.18181818181819,11.0,0
60,0,4,90.83333333333331,12.0,0
60,0,2,75.0,4.0,1
60,0,0,0.0,0.0,1
60,0,0,56.0,1.0,1
60,0,2,70.0,1.0,1
60,0,2,56.25,4.0,1
90,0,0,68.0,2.0,1
60,0,0,78.0,12.0,0
60,0,1,71.41666666666667,12.0,0
90,0,2,0.0,0.0,1
60,0,0,90.91666666666669,12.0,0
120,0,2,0.0,0.0,1
120,0,0,78.0,5.0,1
120,0,2,51.75,4.0,1
150,0,1,62.66666666666666,6.0,1
90,0,0,85.08333333333333,12.0,0
60,0,2,73.25,4.0,1
60,0,0,92.25,12.0,0
60,0,0,80.58333333333333,12.0,0
60,0,1,0.0,0.0,1
120,0,0,77.75,12.0,0
60,0,2,0.0,0.0,1
60,0,2,83.83333333333333,12.0,0
60,0,0,71.33333333333333,12.0,1
70,0,1,69.75,12.0,0
60,0,3,74.25,4.0,1
60,0,0,78.2,10.0,0
60,0,1,42.25,4.0,1
120,0,0,73.66666666666667,12.0,0
60,0,0,66.41666666666667,12.0,0
60,0,1,81.91666666666667,12.0,0
120,0,0,0.0,0.0,1
75,0,2,84.0,1.0,1
60,0,2,62.4,5.0,1
120,0,2,86.0,1.0,1
60,0,3,80.0,1.0,1
60,0,0,84.0,2.0,1
60,0,2,75.33333333333333,12.0,0
60,0,1,76.75,12.0,0
60,0,1,75.5,12.0,0
120,0,2,41.25,12.0,1
120,0,2,22.33333333333333,3.0,1
120,0,0,79.33333333333333,3.0,1
60,0,2,88.0,12.0,0
60,0,4,86.4,5.0,1
90,0,0,0.0,0.0,1
120,0,1,72.25,12.0,0
60,0,1,79.33333333333333,12.0,0
60,0,2,74.6,10.0,1
60,0,0,80.27272727272727,11.0,0
90,0,0,66.0,1.0,1
60,0,2,62.583333333333336,12.0,0
150,0,0,81.58333333333333,12.0,0
60,0,0,90.66666666666669,12.0,0
60,0,2,80.91666666666667,12.0,0
60,0,0,61.25,12.0,1
120,0,2,0.0,0.0,1
120,0,0,66.0,2.0,1
120,0,0,75.0,12.0,0
90,0,0,49.41666666666666,24.0,1
60,0,1,86.41666666666667,12.0,0
90,0,1,91.16666666666669,12.0,0
90,0,0,70.6,10.0,1
60,0,0,68.0,4.0,1
60,0,2,91.83333333333331,12.0,0
60,0,2,0.0,0.0,1
60,0,0,86.25,12.0,0
60,0,2,85.35,20.0,0
90,0,0,0.0,0.0,1
60,0,2,81.91666666666667,12.0,0
60,0,0,0.0,0.0,1
120,0,2,68.33333333333333,3.0,1
60,0,2,72.58333333333333,12.0,0
60,0,1,73.4,15.0,1
60,0,0,48.0,2.0,1
120,0,0,89.08333333333333,12.0,0
120,0,0,49.91666666666666,12.0,1
60,0,0,81.66666666666667,12.0,0
60,0,0,69.5,12.0,1
90,0,2,68.0,2.0,1
60,0,0,87.58333333333333,12.0,0
60,0,2,62.91666666666666,12.0,0
60,0,2,87.25,12.0,0
120,0,2,81.16666666666667,12.0,0
120,0,0,77.58333333333333,12.0,0
120,0,1,74.71428571428571,7.0,1
120,0,2,66.27272727272727,11.0,1
120,0,0,76.0909090909091,11.0,0
60,0,1,84.25,12.0,0
90,0,0,77.41666666666667,12.0,0
90,0,1,84.0,2.0,1
60,0,0,55.66666666666666,3.0,1
60,0,0,74.9090909090909,11.0,1
120,0,2,51.0,4.0,1
120,0,2,85.83333333333333,12.0,0
60,0,2,0.0,0.0,1
60,0,2,74.0,12.0,0
60,0,1,81.66666666666667,12.0,0
90,0,0,86.08333333333333,12.0,0
60,0,0,73.08333333333333,12.0,0
150,0,0,85.91666666666667,12.0,0
60,0,2,0.0,0.0,1
120,0,0,80.0,1.0,1
60,0,2,69.91666666666667,12.0,0
90,0,0,67.66666666666667,12.0,0
60,0,0,63.583333333333336,12.0,1
60,0,2,0.0,0.0,1
60,0,2,81.16666666666667,12.0,0
60,0,1,80.1,10.0,1
120,0,0,79.25,12.0,0
60,0,2,80.5,12.0,0
90,0,2,74.41666666666667,12.0,0
60,0,0,82.66666666666667,9.0,1
60,0,0,80.58333333333333,12.0,0
60,0,0,83.5,12.0,0
60,0,0,76.75,12.0,0
120,0,2,38.0,1.0,1
120,0,2,82.91666666666667,12.0,1
60,0,1,56.04166666666666,24.0,1
60,0,0,86.5,12.0,0
60,0,2,80.0,1.0,1
60,0,2,0.0,0.0,1
120,0,0,75.63636363636364,11.0,1
90,0,2,81.5,2.0,1
60,0,1,92.0,1.0,1
60,0,2,86.08333333333333,12.0,0
90,0,2,80.75,12.0,0
120,0,0,65.33333333333333,12.0,1
60,0,2,86.0,12.0,0
150,0,2,52.25,4.0,1
60,0,0,91.41666666666669,12.0,0
120,0,0,0.0,0.0,1
60,0,0,77.75,12.0,0
90,0,2,75.6,5.0,1
60,0,2,89.57142857142857,7.0,0
90,0,2,78.0,2.0,1
120,0,2,75.0,8.0,1
210,0,1,80.58333333333333,12.0,0
60,0,2,60.41666666666666,12.0,0
130,0,2,87.0,12.0,0
60,0,2,57.66666666666666,3.0,1
60,0,0,86.41666666666667,12.0,0
60,0,0,86.91666666666667,12.0,0
60,0,2,0.0,0.0,1
60,0,0,73.23076923076923,13.0,0
120,0,0,88.08333333333333,12.0,0
60,0,1,76.0,12.0,0
60,0,0,87.33333333333333,12.0,0
60,0,0,56.25,12.0,1
120,0,2,46.0,1.0,1
60,0,2,82.0,2.0,1
120,0,2,0.0,0.0,1
120,0,1,46.5,10.0,1
90,0,2,78.41666666666667,12.0,0
120,0,2,75.0,2.0,1
60,0,2,69.25,12.0,0
60,0,0,77.66666666666667,3.0,1
60,0,0,0.0,0.0,1
60,0,0,86.08333333333333,12.0,0
120,0,0,87.25,12.0,0
60,0,0,59.25,12.0,1
60,0,0,65.63636363636364,11.0,1
60,0,1,91.58333333333331,12.0,0
60,0,0,72.875,8.0,1
60,0,0,81.75,12.0,0
120,0,2,76.0,2.0,1
90,0,0,0.0,0.0,1
90,0,2,0.0,0.0,1
120,0,0,0.0,0.0,1
60,0,0,0.0,0.0,1
90,0,0,62.0,1.0,1
90,0,0,52.0,2.0,1
90,0,0,66.18181818181819,11.0,1
90,0,2,76.2,5.0,1
120,0,2,0.0,0.0,1
120,0,2,71.16666666666667,12.0,0
120,0,2,58.0,2.0,1
120,0,0,66.0,1.0,1
60,0,0,64.0,2.0,1
60,0,0,86.0,1.0,1
60,0,3,43.0,1.0,1
60,0,2,0.0,0.0,1
60,0,2,68.25,12.0,0
60,0,2,92.0,1.0,1
120,0,0,83.0,3.0,1
60,0,0,46.583333333333336,12.0,1
60,0,0,69.16666666666667,12.0,0
60,0,0,3.0,2.0,1
60,0,2,86.0,2.0,1
60,0,2,62.5,12.0,1
120,0,2,62.0,1.0,1
60,0,2,90.57142857142856,7.0,1
60,0,2,80.8,10.0,0
60,0,2,75.83333333333333,6.0,1
60,0,1,80.58333333333333,12.0,0
60,0,1,86.83333333333333,12.0,0
60,0,2,55.0,4.0,1
60,0,2,0.0,0.0,1
60,0,2,76.75,4.0,1
60,0,0,90.08333333333331,12.0,0
60,0,1,87.08333333333333,12.0,0
60,0,0,88.75,12.0,0
60,0,2,79.0,12.0,0
120,0,0,79.4,15.0,1
60,0,1,78.0,12.0,0
120,0,2,0.0,0.0,1
60,0,2,0.0,0.0,1
60,0,2,88.58333333333333,12.0,0
60,0,2,87.16666666666667,12.0,0
60,0,0,64.0,2.0,1
60,0,0,94.58333333333331,12.0,0
120,0,3,0.0,0.0,1
90,0,1,0.0,0.0,1
60,0,0,0.0,0.0,1
60,0,0,36.0,1.0,1
60,0,2,56.4,20.0,1
60,0,0,89.8,5.0,1
60,0,2,0.0,0.0,1
60,0,0,70.58333333333333,12.0,1
60,0,0,74.16666666666667,12.0,0
120,0,0,88.16666666666667,12.0,0
60,0,0,75.0,12.0,0
60,0,2,81.0,2.0,1
60,0,0,79.33333333333333,12.0,0
60,0,0,90.25,12.0,0
150,0,1,0.0,0.0,1
60,0,0,89.83333333333333,12.0,0
60,0,0,95.66666666666669,3.0,1
60,0,2,84.08333333333333,12.0,0
60,0,2,77.83333333333333,12.0,0
60,0,0,60.4,5.0,1
60,0,2,90.0,5.0,1
60,0,0,0.0,0.0,1
60,0,0,38.0,1.0,1
60,0,2,73.91666666666667,12.0,0
60,0,0,78.05,20.0,0
60,0,2,0.0,0.0,1
90,0,2,91.16666666666669,12.0,0
60,0,2,0.0,0.0,1
120,0,0,58.55,20.0,1
60,0,0,78.0,1.0,1
120,0,0,88.0,2.0,1
90,0,0,74.0,2.0,1
90,0,2,70.1,10.0,1
60,0,0,66.75,4.0,1
120,0,1,91.91666666666669,12.0,0
60,0,2,45.0,4.0,1
60,0,2,64.0,1.0,1
60,0,0,89.33333333333333,12.0,0
90,0,0,53.0,2.0,1
60,0,0,85.75,12.0,0
60,0,0,65.33333333333333,12.0,0
60,0,2,70.75,12.0,1
60,0,0,86.0,2.0,1
60,0,0,92.83333333333331,12.0,0
60,0,2,66.0,1.0,1
60,0,2,0.0,0.0,1
60,0,2,87.5,4.0,1
60,0,1,90.58333333333331,12.0,0
120,0,0,78.33333333333333,12.0,0
60,0,0,82.81818181818181,11.0,1
60,0,2,85.1875,16.0,0
60,0,0,0.0,0.0,1
60,0,1,74.55,20.0,0
60,0,1,64.0,10.0,1
60,0,0,83.08333333333333,12.0,0
90,0,1,70.23529411764706,17.0,1
60,0,0,58.3,10.0,0
60,0,2,80.75,12.0,0
120,0,2,0.0,0.0,1
60,0,2,61.0,2.0,1
60,0,0,88.0,10.0,0
60,0,2,38.0,1.0,1
60,0,2,77.5,12.0,0
120,0,2,72.0,4.0,1
60,0,0,81.25,12.0,0
60,0,0,82.16666666666667,12.0,0
60,0,2,0.0,0.0,1
120,0,0,55.42857142857143,7.0,1
60,0,0,80.0,12.0,0
60,0,2,88.75,12.0,0
60,0,2,0.0,0.0,1
120,0,0,76.0,2.0,1
60,0,2,76.45454545454545,11.0,0
60,0,0,77.25,12.0,0
60,0,0,79.91666666666667,12.0,0
60,0,0,61.66666666666666,12.0,1
120,0,2,52.41666666666666,12.0,1
60,0,0,81.54545454545455,11.0,0
60,0,2,84.0,10.0,0
90,0,0,83.41666666666667,12.0,0
60,0,2,82.72727272727273,11.0,0
120,0,0,73.2,5.0,1
90,0,2,66.66666666666667,3.0,1
60,0,0,88.08333333333333,12.0,0
90,0,0,68.75,4.0,1
60,0,2,83.08333333333333,12.0,0
90,0,0,82.0,1.0,1
90,0,1,70.75,12.0,0
60,0,0,43.333333333333336,3.0,1
60,0,2,0.0,0.0,1
60,0,2,0.0,0.0,1
60,0,2,62.2,5.0,1
90,0,2,0.0,0.0,1
60,0,0,0.0,0.0,1
60,0,0,87.5,12.0,0
60,0,0,85.25,12.0,0
60,0,0,76.0,1.0,1
60,0,2,88.25,12.0,0
60,0,0,90.76190476190476,21.0,0
60,0,1,0.0,0.0,1
90,0,2,0.0,0.0,1
60,0,2,63.66666666666666,12.0,1
60,0,2,62.2,5.0,1
60,0,1,70.75,12.0,0
120,0,2,68.58333333333333,12.0,0
60,0,2,62.833333333333336,12.0,1
60,0,0,56.66666666666666,3.0,1
120,0,2,0.0,0.0,1
60,0,0,81.63636363636364,11.0,0
60,0,0,83.25,12.0,0
120,0,2,79.33333333333333,12.0,0
90,0,3,0.0,0.0,1
60,0,0,89.0,2.0,1
120,0,0,61.63636363636363,11.0,0
120,0,2,0.0,0.0,1
60,0,0,70.42857142857143,14.0,1
60,0,0,74.27272727272727,11.0,0
60,0,2,72.75,12.0,0
60,0,0,70.5,24.0,1
120,0,2,73.0,12.0,1
60,0,2,79.66666666666667,12.0,0
120,0,1,69.0,2.0,1
120,0,0,66.0,4.0,1
60,0,2,45.0,2.0,1
60,0,0,0.0,0.0,1
90,0,2,69.79166666666667,24.0,1
90,0,0,92.16666666666669,12.0,0
60,0,2,89.25,12.0,0
90,0,0,47.0,2.0,1
60,0,2,66.75,4.0,1
60,0,1,75.0,12.0,0
60,0,2,79.08333333333333,12.0,1
60,0,2,84.5,12.0,0
120,0,2,72.54545454545455,11.0,0
60,0,2,0.0,0.0,1
90,0,1,88.66666666666667,12.0,0
60,0,0,88.75,12.0,0
60,0,0,0.0,0.0,1
60,0,0,92.25,12.0,0
60,0,2,85.36363636363636,11.0,1
120,0,2,90.0,1.0,1
60,0,0,80.75,12.0,0
60,0,0,85.41666666666667,12.0,0
60,0,2,43.16666666666666,6.0,1
90,0,0,0.0,0.0,1
60,0,0,87.0,12.0,0
60,0,0,79.85714285714286,21.0,0
90,0,2,77.0,12.0,1
60,0,0,75.75,12.0,0
60,0,2,78.3125,16.0,1
120,0,2,79.75,12.0,0
60,0,2,77.0,2.0,1
60,0,0,82.0,1.0,1
60,0,2,81.91666666666667,12.0,0
120,0,2,61.083333333333336,12.0,1
120,0,0,77.25,12.0,1
60,0,0,84.66666666666667,12.0,0
60,0,0,72.0,1.0,1
60,0,0,0.0,0.0,1
120,0,0,58.333333333333336,12.0,1
60,0,1,87.83333333333333,12.0,0
60,0,0,63.833333333333336,12.0,1
60,0,1,92.66666666666669,12.0,0
60,0,2,82.83333333333333,12.0,0
120,0,2,72.0,5.0,1
60,0,2,85.25,12.0,0
90,0,0,71.91666666666667,12.0,1
60,0,0,83.75,12.0,0
60,0,2,95.83333333333331,12.0,0
60,0,0,83.75,12.0,0
70,0,0,83.5,12.0,0
120,0,2,79.33333333333333,12.0,0
60,0,2,87.83333333333333,12.0,0
60,0,0,76.76190476190476,21.0,0
60,0,0,83.16666666666667,12.0,0
90,0,0,88.66666666666667,12.0,0
60,0,1,0.0,0.0,1
60,0,0,81.41666666666667,12.0,0
60,0,0,77.0,2.0,1
60,0,0,60.66666666666666,3.0,1
60,0,0,71.41666666666667,12.0,1
60,0,0,0.0,0.0,1
120,0,2,0.0,0.0,1
120,0,2,73.08333333333333,12.0,0
60,0,2,0.0,0.0,1
60,0,0,0.0,0.0,1
60,0,2,0.0,0.0,1
150,0,2,77.83333333333333,12.0,0
60,0,2,86.16666666666667,12.0,1
60,0,1,72.18181818181819,11.0,0
60,0,1,80.41666666666667,12.0,0
90,0,0,0.0,0.0,1
60,0,2,66.0,2.0,1
60,0,1,60.0,2.0,1
180,0,2,0.0,0.0,1
60,0,3,38.0,5.0,1
90,0,0,67.625,8.0,1
120,0,0,94.77777777777776,9.0,1
60,0,0,89.08333333333333,12.0,0
60,0,2,58.0,2.0,1
60,0,0,73.73684210526316,19.0,1
60,0,0,84.83333333333333,12.0,0
120,0,2,0.0,0.0,1
60,0,0,85.5,2.0,1
60,0,2,0.0,0.0,1
60,0,2,86.08333333333333,12.0,0
60,0,0,67.6875,16.0,0
60,0,2,77.66666666666667,12.0,0
60,0,2,48.0,3.0,1
60,0,2,67.58333333333333,12.0,0
60,0,0,90.33333333333331,3.0,1
60,0,0,88.0,1.0,1
60,0,2,68.25,12.0,0
60,0,1,82.0,15.0,0
60,0,2,0.0,0.0,1
90,0,0,79.76470588235294,17.0,1
60,0,2,82.25,12.0,0
60,0,2,86.33333333333333,12.0,0
60,0,0,49.0,2.0,1
60,0,0,71.58333333333333,12.0,0
60,0,2,78.25,12.0,0
60,0,1,95.16666666666669,12.0,0
60,0,2,72.0,2.0,1
120,0,0,58.0,2.0,1
60,0,0,85.41666666666667,12.0,0
60,0,0,0.0,0.0,1
60,0,0,69.08333333333333,12.0,1
60,0,1,85.33333333333333,12.0,0
60,0,2,84.0,1.0,1
60,0,2,77.0,12.0,0
60,0,0,0.0,0.0,1
60,0,0,75.0,5.0,1
60,0,2,63.91666666666666,12.0,0
60,0,0,55.0,4.0,1
120,0,0,78.41666666666667,12.0,0
60,0,0,96.41666666666669,12.0,0
60,0,2,87.16666666666667,12.0,0
60,0,0,83.91666666666667,12.0,0
120,0,0,81.06666666666666,15.0,1
60,0,0,72.0,3.0,1
60,0,1,90.0,3.0,1
90,0,0,0.0,0.0,1
60,0,1,90.25,12.0,0
120,0,2,79.63157894736842,19.0,1
60,0,0,43.333333333333336,6.0,1
120,0,0,71.41666666666667,12.0,0
60,0,2,61.0,2.0,1
90,0,0,77.33333333333333,12.0,0
60,0,2,80.0,12.0,0
60,0,0,68.08333333333333,12.0,0
60,0,0,84.41666666666667,12.0,0
60,0,0,80.0,2.0,1
60,0,0,90.83333333333331,12.0,0
60,0,0,79.58333333333333,12.0,0
60,0,0,85.58333333333333,12.0,0
90,0,2,0.0,0.0,1
60,0,1,90.33333333333331,12.0,0
60,0,1,79.14285714285714,7.0,1
150,0,0,59.4,5.0,1
90,0,0,72.36363636363636,11.0,0
120,0,0,0.0,0.0,1
120,0,2,86.66666666666667,3.0,1
60,0,2,65.5,12.0,0
60,0,2,83.08333333333333,12.0,0
60,0,1,88.5,12.0,0
60,0,0,89.41666666666667,12.0,0
60,0,2,70.75,12.0,0
60,0,2,43.7,10.0,1
90,0,0,59.75,12.0,0
60,0,2,76.83333333333333,12.0,0
60,0,0,81.66666666666667,12.0,0
60,0,2,81.0,2.0,1
60,0,2,77.33333333333333,12.0,0
60,0,0,84.0,1.0,1
60,0,2,76.25,12.0,0
60,0,2,80.0,3.0,1
60,0,0,89.0,12.0,0
120,0,0,85.75,12.0,0
60,0,2,0.0,0.0,1
60,0,2,76.66666666666667,12.0,0
60,0,0,81.66666666666667,12.0,0
120,0,2,0.0,0.0,1
60,0,2,79.08333333333333,12.0,0
60,0,2,54.0,2.0,1
60,0,1,96.58333333333331,12.0,0
60,0,2,92.25,12.0,0
60,0,1,83.83333333333333,12.0,0
60,0,2,70.66666666666667,3.0,1
60,0,2,85.57142857142857,7.0,1
60,0,0,95.58333333333331,12.0,0
60,0,1,72.58333333333333,12.0,0
60,0,4,86.0,4.0,1
60,0,0,70.0,4.0,1
60,0,2,78.41666666666667,12.0,0
60,0,2,63.0,2.0,1
60,0,0,72.91666666666667,12.0,0
60,0,2,85.66666666666667,12.0,0
60,0,0,83.16666666666667,12.0,0
60,0,1,87.5,10.0,0
90,0,2,0.0,0.0,1
60,0,0,82.0,1.0,1
60,0,2,89.0,12.0,0
60,0,2,66.66666666666667,3.0,1
60,0,1,72.85714285714286,21.0,0
60,0,2,90.75,12.0,0
60,0,2,89.83333333333333,12.0,0
60,0,2,32.333333333333336,3.0,1
60,0,0,0.0,0.0,1
60,0,1,84.0,12.0,0
60,0,4,74.25,12.0,0
90,0,0,72.5,4.0,1
60,0,1,90.75,12.0,0
90,0,2,93.75,12.0,0
60,0,2,0.0,0.0,1
120,0,2,79.75,12.0,0
60,0,3,73.58333333333333,12.0,0
75,0,0,60.083333333333336,12.0,1
60,0,2,70.8,15.0,1
60,0,0,85.41666666666667,12.0,0
60,0,0,97.5,12.0,0
60,0,0,0.0,0.0,1
60,0,0,35.8,5.0,1
90,0,0,84.0625,16.0,1
60,0,0,84.41666666666667,12.0,0
60,0,1,89.18181818181819,11.0,0
150,2,0,74.0,1.0,1
60,0,0,74.41666666666667,12.0,1
150,1,1,85.5,12.0,0
210,1,2,87.0,2.0,1
60,0,0,88.91666666666667,12.0,0
60,0,2,69.0,2.0,1
60,0,1,85.0,12.0,0
150,1,0,66.0,11.0,1
90,0,1,84.25,12.0,0
60,0,0,91.91666666666669,12.0,0
150,1,1,82.91666666666667,12.0,0
60,0,0,83.83333333333333,12.0,0
60,0,2,78.08333333333333,12.0,1
60,0,2,0.0,0.0,1
60,0,0,87.25,12.0,0
150,0,1,75.58333333333333,12.0,0
90,0,1,71.0,2.0,1
60,0,1,91.16666666666669,12.0,0
90,0,1,81.0,11.0,0
90,0,0,0.0,0.0,1
60,0,2,75.25,12.0,0
60,0,2,79.08333333333333,12.0,0
60,0,0,91.72727272727272,11.0,0
60,0,0,83.92857142857143,14.0,0
60,0,0,81.16666666666667,12.0,0
90,0,0,80.08333333333333,12.0,0
90,0,0,76.63636363636364,11.0,1
60,0,2,84.33333333333333,3.0,1
120,1,2,0.0,0.0,1
60,0,1,76.0,1.0,1
60,0,2,57.583333333333336,12.0,0
120,1,2,0.0,0.0,1
120,1,0,74.75,4.0,1
90,1,0,88.76923076923077,13.0,0
120,1,0,88.0,7.0,0
120,0,2,84.16666666666667,12.0,0
90,0,2,92.66666666666669,12.0,0
60,0,4,84.83333333333333,12.0,0
60,0,0,88.33333333333333,12.0,0
60,0,0,75.66666666666667,3.0,1
60,0,0,78.58333333333333,12.0,0
120,0,1,71.9090909090909,11.0,0
90,0,1,89.5,2.0,1
60,0,0,82.33333333333333,12.0,0
60,1,0,86.0,1.0,1
60,0,1,0.0,0.0,1
60,0,2,80.66666666666667,3.0,1
150,1,2,0.0,0.0,1
90,0,2,76.0,1.0,1
90,0,1,77.5,4.0,1
120,1,2,71.75,12.0,0
120,0,2,0.0,0.0,1
60,0,0,73.18181818181819,11.0,0
90,0,1,81.08333333333333,12.0,0
60,2,1,0.0,0.0,1
70,0,0,70.0,1.0,1
60,0,2,75.0,2.0,1
60,0,2,71.91666666666667,12.0,0
180,1,0,0.0,0.0,1
60,0,1,77.27272727272727,11.0,0
60,0,2,84.83333333333333,12.0,0
60,0,2,0.0,0.0,1
120,0,1,52.5,12.0,0
60,0,0,85.16666666666667,12.0,0
90,0,1,98.0,12.0,0
60,0,1,88.0,8.0,0
120,1,0,75.83333333333333,12.0,0
120,1,0,90.58333333333331,12.0,0
150,0,2,78.0,3.0,1
90,0,0,82.75,12.0,1
60,0,0,75.33333333333333,12.0,0
60,0,2,0.0,0.0,1
60,0,1,88.66666666666667,12.0,0
90,0,0,74.41666666666667,12.0,0
60,0,0,71.25,12.0,0
120,1,4,89.57142857142857,21.0,0
90,0,2,79.25,12.0,0
60,0,2,79.54545454545455,11.0,0
80,0,2,61.0,2.0,1
90,0,0,82.9090909090909,11.0,0
130,0,0,0.0,0.0,1
150,1,1,73.66666666666667,12.0,0
60,0,2,79.58333333333333,12.0,0
60,0,2,83.0,12.0,0
90,0,1,83.4,10.0,0
60,0,1,75.66666666666667,12.0,0
60,0,1,81.5,12.0,1
60,0,0,82.0,2.0,1
60,0,1,88.33333333333333,12.0,0
60,0,0,76.27272727272727,11.0,0
60,0,0,0.0,0.0,1
120,2,1,84.16666666666667,12.0,0
120,0,1,86.52380952380952,21.0,0
90,0,0,72.0,12.0,0
90,0,2,77.66666666666667,12.0,0
170,0,2,84.8,5.0,1
100,0,0,83.58333333333333,12.0,0
60,0,2,94.0,1.0,1
60,0,2,79.45454545454545,11.0,0
60,0,0,70.83333333333333,12.0,1
60,0,1,91.45454545454544,11.0,0
60,0,2,70.0,12.0,0
60,0,2,77.0,3.0,1
90,0,2,77.16666666666667,12.0,0
150,1,0,74.33333333333333,12.0,0
120,1,1,0.0,0.0,1
60,1,0,0.0,0.0,1
90,0,2,61.36363636363637,11.0,1
60,0,0,49.5,2.0,1
60,0,2,87.8,5.0,1
70,0,1,81.66666666666667,12.0,0
120,1,2,77.5,12.0,0
60,0,2,0.0,0.0,1
90,0,2,78.23529411764706,17.0,1
60,0,2,82.9090909090909,11.0,0
60,0,0,77.5,12.0,0
120,1,1,91.75,12.0,0
60,0,0,71.25,8.0,1
180,1,0,69.08333333333333,12.0,0
60,1,0,59.333333333333336,3.0,1
60,0,0,85.5,12.0,0
60,0,2,73.16666666666667,6.0,1
60,0,2,79.83333333333333,12.0,0
150,1,0,76.66666666666667,12.0,0
120,0,0,0.0,0.0,1
120,0,2,64.0,1.0,1
150,2,2,84.33333333333333,3.0,1
60,0,1,80.0,12.0,0
60,0,2,91.91666666666669,12.0,0
120,0,2,88.5,12.0,0
60,0,2,66.75,8.0,1
120,1,2,83.25,12.0,0
60,0,1,75.4,5.0,1
90,1,1,75.16666666666667,12.0,0
80,0,1,83.25,12.0,0
60,0,2,72.5,12.0,0
60,0,2,77.25,4.0,1
60,0,2,82.33333333333333,3.0,1
135,0,3,32.666666666666664,3.0,1
60,0,4,73.0,14.0,0
120,1,1,67.3,10.0,1
60,0,4,87.25,12.0,0
60,0,0,0.0,0.0,1
60,0,0,84.91666666666667,12.0,0
60,0,0,86.0,1.0,1
90,0,1,89.83333333333333,12.0,0
60,0,1,76.08333333333333,12.0,0
60,0,2,71.25,12.0,0
120,1,0,84.25,12.0,0
60,0,2,73.6,5.0,1
75,0,2,74.0,5.0,1
60,0,0,84.75,12.0,0
160,0,0,67.25,12.0,0
60,1,2,67.75,12.0,1
60,0,0,88.16666666666667,12.0,0
60,1,0,91.83333333333331,12.0,0
60,0,2,83.58333333333333,12.0,0
60,0,0,86.58333333333333,12.0,0
150,1,0,74.0,12.0,0
60,0,0,0.0,0.0,1
120,1,0,64.0,2.0,1
120,1,1,94.91666666666669,12.0,0
150,2,0,79.41666666666667,12.0,0
180,1,1,79.0,2.0,1
60,0,1,88.5,12.0,0
60,0,2,91.33333333333331,12.0,0
60,0,0,93.41666666666669,12.0,0
90,0,2,100.0,1.0,1
60,0,1,89.16666666666667,12.0,0
120,0,0,68.66666666666667,3.0,1
150,1,0,85.91666666666667,12.0,0
60,0,1,68.33333333333333,12.0,0
60,0,1,66.0,1.0,1
120,0,2,0.0,0.0,1
90,0,0,91.0,12.0,0
60,0,0,81.5,4.0,1
90,0,0,89.0,7.0,0
60,0,2,76.5,12.0,1
120,1,1,0.0,0.0,1
75,0,2,84.58333333333333,12.0,0
60,0,0,94.33333333333331,12.0,0
60,0,0,87.5,12.0,0
75,0,2,77.375,16.0,0
60,0,0,0.0,0.0,1
60,0,2,72.33333333333333,6.0,1
180,1,0,90.0,2.0,1
90,1,1,77.58333333333333,12.0,0
60,0,1,0.0,0.0,1
120,1,2,60.16666666666666,12.0,0
60,0,1,71.41666666666667,12.0,1
90,0,2,0.0,0.0,1
120,0,1,62.91666666666666,12.0,0
150,1,0,88.25,12.0,0
120,0,0,57.0,2.0,1
60,0,2,30.0,1.0,1
60,0,2,66.91666666666667,12.0,0
60,1,0,80.0,12.0,0
90,0,2,76.45454545454545,11.0,0
60,0,0,0.0,0.0,1
60,0,0,78.58333333333333,12.0,0
60,0,0,64.0,2.0,1
60,0,0,79.91666666666667,12.0,0
60,0,2,60.333333333333336,6.0,1
90,1,2,86.0,1.0,1
60,0,2,63.54545454545455,11.0,1
60,2,1,88.0,1.0,1
60,0,2,92.08333333333331,12.0,0
60,1,0,77.5,6.0,1
60,0,0,89.6,5.0,1
150,0,0,84.0,1.0,1
60,0,0,75.66666666666667,3.0,1
120,0,0,78.45454545454545,11.0,1
60,0,2,80.25,12.0,0
60,0,0,83.63636363636364,11.0,1
60,0,2,41.0,2.0,1
60,0,0,0.0,0.0,1
60,1,2,81.08333333333333,12.0,0
120,0,2,91.58333333333331,12.0,0
90,0,2,87.0625,16.0,0
60,0,2,70.66666666666667,12.0,0
60,0,1,0.0,0.0,1
180,1,2,0.0,0.0,1
60,1,2,45.8,5.0,1
120,0,0,53.25,4.0,1
90,0,0,78.0,2.0,1
60,0,0,82.08333333333333,12.0,0
60,1,2,0.0,0.0,1
90,0,0,67.5,12.0,0
150,0,1,63.09090909090909,11.0,0
120,0,2,64.0,11.0,1
60,0,0,79.0,12.0,0
60,0,0,88.0,12.0,0
90,0,0,87.66666666666667,3.0,1
60,0,2,88.23809523809524,21.0,0
60,0,2,78.33333333333333,12.0,0
120,0,0,0.0,0.0,1
60,2,2,79.66666666666667,9.0,0
60,0,0,83.08333333333333,12.0,0
60,0,0,74.0,1.0,1
90,0,0,85.0,12.0,0
60,1,2,68.0,2.0,1
220,1,0,84.16666666666667,12.0,0
120,0,2,0.0,0.0,1
60,1,0,55.25,4.0,1
120,0,1,89.33333333333333,12.0,0
60,2,0,76.66666666666667,3.0,1
60,1,0,83.18181818181819,11.0,0
60,0,0,89.33333333333333,12.0,0
90,0,1,89.3529411764706,17.0,0
90,1,0,41.0,2.0,1
120,0,2,90.33333333333331,12.0,0
60,1,0,90.25,12.0,0
60,0,0,79.25,12.0,0
60,0,0,84.75,12.0,0
60,0,0,87.33333333333333,12.0,0
120,0,0,0.0,0.0,1
90,0,2,62.625,8.0,1
200,0,1,60.54545454545455,11.0,1
60,0,0,72.91304347826087,23.0,0
60,0,2,0.0,0.0,1
180,3,1,0.0,0.0,1
120,0,2,0.0,0.0,1
180,0,0,83.83333333333333,12.0,0
120,0,2,51.583333333333336,12.0,1
120,1,0,84.0,1.0,1
60,0,2,0.0,0.0,1
120,0,2,88.0,10.0,1
150,1,2,68.0,1.0,1
60,0,1,95.41666666666669,12.0,0
90,0,0,72.9047619047619,21.0,0
90,0,2,74.81818181818181,11.0,0
60,0,2,0.0,0.0,1
90,1,0,0.0,0.0,1
120,0,2,0.0,0.0,1
120,1,0,85.58333333333333,12.0,0
120,0,2,0.0,0.0,1
60,0,0,69.9090909090909,11.0,0
60,0,0,68.5,12.0,0
60,0,2,80.91666666666667,12.0,0
120,0,0,82.33333333333333,12.0,0
60,0,2,69.0,2.0,1
120,0,1,89.5,14.0,1
90,0,0,67.18181818181819,11.0,0
60,1,2,72.5,12.0,0
150,0,2,86.08333333333333,12.0,0
60,0,2,87.0,11.0,1
90,1,2,88.33333333333333,3.0,1
120,0,0,85.16666666666667,12.0,0
120,0,4,0.0,0.0,1
90,0,2,75.25,4.0,1
120,0,0,75.0,4.0,1
60,0,0,85.58333333333333,12.0,0
90,0,1,85.66666666666667,3.0,1
60,0,2,0.0,0.0,1
210,3,2,50.0,2.0,1
60,0,2,0.0,0.0,1
90,1,2,82.41666666666667,12.0,0
60,0,2,76.0,2.0,1
90,0,2,74.75,4.0,1
180,0,0,58.833333333333336,12.0,0
60,0,2,88.58333333333333,12.0,0
60,0,0,77.42857142857143,21.0,0
60,0,0,76.91666666666667,12.0,0
120,0,1,0.0,0.0,1
150,0,2,0.0,0.0,1
60,1,2,51.63636363636363,11.0,1
90,1,2,0.0,0.0,1
120,0,2,66.0,2.0,1
60,0,1,85.41666666666667,12.0,0
60,0,0,82.41666666666667,12.0,0
60,0,0,81.16666666666667,12.0,0
90,0,0,93.75,12.0,0
60,0,0,71.0,3.0,1
60,1,1,86.42857142857143,21.0,0
150,1,0,81.33333333333333,12.0,0
60,0,2,54.333333333333336,3.0,1
120,0,0,80.83333333333333,6.0,1
90,0,0,52.66666666666666,15.0,1
60,0,1,85.42857142857143,14.0,1
60,1,2,0.0,0.0,1
60,0,1,71.0,12.0,0
60,2,0,85.75,12.0,0
120,0,0,66.0,6.0,1
270,0,1,80.6,5.0,1
60,1,0,77.23529411764706,17.0,0
60,0,0,71.0,12.0,0
90,3,1,32.0,1.0,1
90,2,2,71.25,4.0,1
60,0,2,0.0,0.0,1
60,0,2,77.08333333333333,12.0,0
60,2,2,41.0,3.0,1
120,0,0,73.0,2.0,1
90,0,2,86.41666666666667,12.0,0
60,0,2,14.0,1.0,1
60,0,2,86.80952380952381,21.0,0
120,0,0,40.0,1.0,1
60,1,2,69.0,2.0,1
60,1,0,59.0,2.0,1
90,0,0,70.1,20.0,0
120,0,2,0.0,0.0,1
120,0,0,70.0,15.0,0
120,0,0,0.0,0.0,1
60,0,2,58.0,2.0,1
60,0,2,65.66666666666667,12.0,0
150,0,2,94.0,1.0,1
60,0,2,69.08333333333333,12.0,1
180,0,0,77.91666666666667,12.0,0
60,0,0,85.75,12.0,0
90,2,0,67.4,15.0,0
60,0,2,89.83333333333333,12.0,0
90,0,0,91.66666666666669,12.0,0
60,0,0,0.0,0.0,1
90,0,2,70.0,1.0,1
120,2,1,73.75,4.0,1
90,0,2,83.66666666666667,12.0,0
60,1,2,91.0,2.0,1
90,0,0,86.91666666666667,12.0,0
120,0,1,0.0,0.0,1
60,0,1,86.6,5.0,1
60,0,0,90.16666666666669,12.0,0
60,0,2,80.33333333333333,12.0,0
90,0,0,0.0,0.0,1
120,1,0,93.0,12.0,0
90,0,0,0.0,0.0,1
120,0,2,54.0,2.0,1
60,0,0,81.72727272727273,11.0,0
120,0,0,80.5,12.0,0
60,0,1,83.58333333333333,12.0,0
90,0,1,79.91666666666667,12.0,0
60,1,0,80.91666666666667,12.0,0
120,0,0,71.0,2.0,1
60,0,2,0.0,0.0,1
270,0,0,65.5,12.0,0
60,0,0,81.0,12.0,0
90,0,1,78.14285714285714,21.0,0
120,0,2,44.0,3.0,1
60,0,1,86.61111111111111,18.0,0
60,1,2,0.0,0.0,1
180,2,2,0.0,0.0,1
60,1,2,34.0,1.0,1
120,2,2,77.0,2.0,1
120,0,0,62.91666666666666,12.0,0
60,0,0,90.16666666666669,12.0,0
120,0,0,0.0,0.0,1
120,1,2,75.58333333333333,12.0,0
60,0,2,79.5,12.0,0
90,0,0,75.08333333333333,12.0,0
60,0,2,0.0,0.0,1
120,0,1,69.0,2.0,1
60,0,1,92.0,12.0,0
60,1,2,48.0,2.0,1
120,0,2,0.0,0.0,1
120,0,0,72.0,3.0,1
60,0,0,75.83333333333333,12.0,0
60,0,1,89.25,12.0,0
60,0,2,83.0,5.0,1
60,0,0,65.91666666666667,12.0,0
60,1,0,90.33333333333331,12.0,0
60,0,2,80.33333333333333,12.0,0
120,1,2,0.0,0.0,1
60,0,1,82.83333333333333,12.0,0
60,0,2,91.08333333333331,12.0,0
90,0,0,83.75,12.0,0
60,0,1,0.0,0.0,1
60,0,0,84.0,12.0,0
60,0,0,87.83333333333333,12.0,0
60,2,2,92.75,4.0,1
60,1,0,71.58333333333333,12.0,0
60,0,2,0.0,0.0,1
60,0,2,0.0,0.0,1
60,0,1,0.0,0.0,1
60,1,1,58.285714285714285,14.0,1
90,0,0,60.75,12.0,0
90,0,2,74.5,12.0,0
150,1,2,0.0,0.0,1
120,0,2,73.66666666666667,12.0,0
180,0,0,92.16666666666669,12.0,0
60,2,2,79.0,2.0,1
60,0,0,92.66666666666669,12.0,0
60,0,0,72.0,4.0,1
60,0,0,55.91666666666666,12.0,0
150,0,1,0.0,0.0,1
60,1,0,79.0,12.0,0
210,0,2,83.16666666666667,12.0,0
180,0,0,0.0,0.0,1
90,0,2,0.0,0.0,1
120,0,2,55.75,4.0,1
60,0,2,0.0,0.0,1
90,0,0,82.33333333333333,9.0,0
120,0,0,95.08333333333331,12.0,0
90,0,0,80.75,12.0,0
60,2,2,72.5,12.0,1
120,1,0,83.33333333333333,6.0,1
60,1,0,52.5,2.0,1
60,0,0,67.25,12.0,0
90,0,2,83.0,12.0,0
60,0,0,0.0,0.0,1
60,2,2,38.0,1.0,1
120,0,0,75.54545454545455,11.0,0
60,1,2,59.0,9.0,1
90,0,2,87.0,7.0,1
60,0,2,79.5,12.0,0
120,0,0,90.83333333333331,12.0,0
180,0,2,76.0,2.0,1
60,1,0,83.41666666666667,12.0,0
120,0,1,88.25,12.0,0
60,0,1,88.0,12.0,0
90,1,2,80.25,12.0,0
90,0,0,72.16666666666667,12.0,0
60,0,0,92.0,2.0,1
60,0,2,68.0,2.0,1
60,1,1,70.16666666666667,12.0,0
60,1,0,70.0,12.0,0
60,0,2,53.5,8.0,1
60,0,2,71.41666666666667,12.0,1
90,3,0,94.0,1.0,1
90,1,1,67.04545454545455,22.0,1
60,0,2,0.0,0.0,1
90,1,2,66.25,4.0,1
60,0,2,70.08333333333333,12.0,0
60,1,1,49.25,4.0,1
180,0,2,0.0,0.0,1
60,1,0,28.75,4.0,1
120,1,0,65.0909090909091,11.0,0
120,0,0,76.08333333333333,12.0,0
90,1,0,79.75,4.0,1
60,0,0,77.16666666666667,12.0,0
120,0,0,73.0,3.0,1
90,1,0,84.33333333333333,12.0,0
90,0,0,92.75,12.0,0
120,0,0,90.83333333333331,12.0,0
120,0,1,85.91666666666667,12.0,1
60,1,2,93.75,4.0,1
60,1,0,84.33333333333333,12.0,0
90,2,2,57.588235294117645,17.0,1
150,0,0,83.5,12.0,0
120,0,0,0.0,0.0,1
90,0,1,79.41666666666667,12.0,0
90,0,2,92.0,1.0,1
120,0,2,62.083333333333336,12.0,0
60,1,1,67.07692307692308,13.0,0
120,0,0,69.5,12.0,0
90,0,2,65.0,2.0,1
120,0,2,77.16666666666667,12.0,0
180,1,0,0.0,0.0,1
60,0,0,82.41666666666667,12.0,0
60,0,0,89.0,2.0,1
90,2,2,68.0,1.0,1
180,1,2,63.083333333333336,12.0,0
120,0,2,78.27272727272727,11.0,0
60,0,2,78.66666666666667,12.0,0
60,0,1,88.19047619047619,21.0,0
60,2,2,67.25,12.0,0
60,0,0,94.28571428571428,21.0,0
270,1,0,66.5,4.0,1
60,0,2,52.0,1.0,1
60,0,2,79.33333333333333,12.0,0
120,0,2,60.583333333333336,12.0,0
90,0,0,84.25,12.0,0
60,0,0,0.0,0.0,1
60,1,2,0.0,0.0,1
90,0,0,0.0,0.0,1
60,0,2,57.333333333333336,3.0,1
60,0,2,60.5,8.0,1
150,1,2,60.72222222222222,18.0,1
90,2,2,75.58333333333333,12.0,0
90,2,2,65.0,1.0,1
90,1,2,84.125,8.0,1
60,0,2,87.5,4.0,1
60,0,0,0.0,0.0,1
60,0,2,84.33333333333333,12.0,0
120,1,0,64.91666666666667,12.0,0
120,2,1,90.0,4.0,1
90,0,2,0.0,0.0,1
60,0,2,73.33333333333333,3.0,1
90,0,0,84.16666666666667,12.0,0
180,1,2,60.16666666666666,12.0,0
120,1,0,59.45454545454545,11.0,1
90,0,0,64.08333333333333,12.0,0
120,0,2,93.58333333333331,12.0,0
120,0,1,52.91666666666666,12.0,1
60,0,2,73.66666666666667,9.0,0
60,0,0,0.0,0.0,1
60,1,2,0.0,0.0,1
60,0,2,71.25,4.0,1
120,1,1,77.5,12.0,0
240,0,1,74.63636363636364,11.0,0
90,0,0,92.75,12.0,0
60,0,2,0.0,0.0,1
60,1,0,84.85714285714286,7.0,1
60,0,1,86.75,12.0,0
60,0,2,80.66666666666667,12.0,0
90,0,0,0.0,0.0,1
120,0,1,84.33333333333333,12.0,0
180,0,2,32.0,1.0,1
60,0,0,55.0,2.0,1
120,2,2,72.66666666666667,3.0,1
120,0,2,77.28571428571429,14.0,1
60,1,2,78.2,5.0,1
90,1,2,0.0,0.0,1
60,1,2,76.33333333333333,3.0,1
60,0,2,63.91666666666666,12.0,0
120,0,0,76.83333333333333,12.0,0
120,0,2,78.72727272727273,11.0,0
60,0,1,88.6470588235294,17.0,0
60,0,2,70.5,12.0,0
90,1,2,55.833333333333336,12.0,1
180,0,2,71.25,12.0,0
120,0,0,75.58333333333333,12.0,0
60,0,2,0.0,0.0,1
120,0,2,83.5,12.0,0
90,0,0,69.45454545454545,11.0,0
60,1,1,74.375,8.0,0
60,0,2,84.0,1.0,1
60,0,0,49.833333333333336,12.0,1
180,3,0,62.0,1.0,1
60,0,2,79.92307692307692,13.0,0
60,0,2,0.0,0.0,1
150,1,0,71.72727272727273,11.0,0
60,1,0,56.16666666666666,12.0,1
60,0,0,74.41666666666667,12.0,0
180,0,2,79.5,4.0,1
120,2,0,77.63636363636364,11.0,0
60,0,2,69.33333333333333,12.0,0
120,0,0,76.0,2.0,1
60,1,0,63.45454545454545,11.0,0
60,0,2,48.0,3.0,1
60,0,0,77.75,12.0,0
120,0,2,85.85714285714286,21.0,0
270,0,0,0.0,0.0,1
90,1,0,80.36363636363636,11.0,0
90,3,0,75.21428571428571,14.0,0
60,2,2,61.0,2.0,1
180,0,2,54.833333333333336,6.0,1
60,1,0,69.66666666666667,6.0,1
60,0,0,76.91666666666667,12.0,0
60,0,0,73.66666666666667,12.0,0
60,0,2,85.16666666666667,12.0,0
120,1,0,76.5,24.0,1
60,0,2,77.91666666666667,12.0,0
90,1,2,62.833333333333336,12.0,0
180,0,2,0.0,0.0,1
120,2,0,75.625,8.0,1
60,0,0,64.91666666666667,12.0,0
180,1,0,0.0,0.0,1
210,2,0,79.0,12.0,0
60,0,1,88.5,2.0,1
240,3,0,0.0,0.0,1
60,0,2,58.5,2.0,1
60,1,2,0.0,0.0,1
90,0,1,72.0,1.0,1
120,0,1,79.0,12.0,0
120,0,1,0.0,0.0,1
60,1,1,73.5,8.0,1
60,1,0,94.0,3.0,1
90,1,1,70.5,12.0,0
60,0,0,93.9090909090909,11.0,0
60,0,1,92.75,12.0,0
120,0,2,0.0,0.0,1
60,0,1,66.0,1.0,1
60,0,0,74.6,15.0,0
180,1,2,41.0,10.0,1
60,0,0,76.33333333333333,12.0,0
240,0,2,81.16666666666667,12.0,0
120,0,1,94.0,4.0,1
120,0,2,65.27272727272727,11.0,0
60,0,1,0.0,0.0,1
120,0,2,0.0,0.0,1
90,0,0,65.66666666666667,12.0,0
120,0,0,84.16666666666667,12.0,0
60,0,1,65.81818181818181,11.0,1
120,0,0,36.66666666666666,3.0,1
60,0,1,70.5,4.0,1
150,0,0,58.25,12.0,0
60,1,2,46.0,1.0,1
60,1,1,0.0,0.0,1
60,1,1,56.266666666666666,15.0,1
120,0,2,64.36363636363636,11.0,1
60,0,0,0.0,0.0,1
90,0,0,91.58333333333331,12.0,0
60,0,0,66.25,12.0,0
120,1,2,66.25,4.0,1
180,1,0,67.33333333333333,3.0,1
60,1,0,68.66666666666667,6.0,1
180,0,0,63.75,8.0,1
60,2,0,64.0,4.0,1
120,0,2,0.0,0.0,1
90,0,2,86.0,1.0,1
60,3,2,66.25,8.0,1
120,2,2,61.38461538461539,13.0,1
100,2,2,0.0,0.0,1
120,2,2,64.36363636363636,11.0,1
120,0,2,0.0,0.0,1
60,1,1,10.0,1.0,1
60,0,0,87.5,2.0,1
60,1,0,70.0,12.0,0
90,0,0,92.35714285714286,14.0,1
120,0,2,79.16666666666667,12.0,0
60,0,2,50.083333333333336,12.0,1
60,0,0,74.16666666666667,12.0,0
120,0,2,0.0,0.0,1
60,0,0,72.18181818181819,11.0,0
90,0,2,76.76923076923077,13.0,0
60,1,2,0.0,0.0,1
60,0,1,0.0,0.0,1
270,0,2,69.0,2.0,1
60,0,2,78.0,1.0,1
90,1,0,53.583333333333336,12.0,0
60,0,1,95.1904761904762,21.0,0
90,1,0,83.0,2.0,1
60,0,0,90.75,12.0,0
60,0,0,80.23809523809524,21.0,0
150,0,1,71.25,12.0,1
90,0,2,73.6,5.0,1
120,2,0,76.42857142857143,7.0,1
120,0,0,0.0,0.0,1
120,0,0,72.16666666666667,12.0,0
60,0,0,86.75,12.0,0
60,0,2,0.0,0.0,1
120,0,0,72.0,2.0,1
60,0,0,76.0,2.0,1
90,0,2,91.25,12.0,0
150,0,3,72.0,1.0,1
60,0,2,67.33333333333333,12.0,1
90,0,0,68.5,4.0,1
60,0,2,81.91666666666667,12.0,0
180,1,2,82.66666666666667,3.0,1
60,1,2,89.57142857142857,14.0,0
60,1,0,53.0,2.0,1
120,0,2,79.16666666666667,12.0,0
60,0,0,64.83333333333333,12.0,0
90,1,0,79.0,12.0,0
90,0,0,0.0,0.0,1
90,0,2,77.16666666666667,12.0,0
120,0,0,73.5,12.0,0
70,0,0,66.66666666666667,3.0,1
150,2,0,54.333333333333336,12.0,0
120,0,0,79.08333333333333,12.0,0
60,0,0,57.5,4.0,1
60,1,0,0.0,0.0,1
240,0,0,0.0,0.0,1
90,1,0,75.52380952380952,21.0,0
60,0,2,0.0,0.0,1
120,0,2,0.0,0.0,1
120,1,0,76.54545454545455,11.0,0
60,1,0,65.33333333333333,3.0,1
120,1,2,66.0,3.0,1
120,1,0,69.4,5.0,1
90,1,0,56.0,2.0,1
60,0,0,79.0,2.0,1
60,0,2,62.8,5.0,1
150,1,2,69.16666666666667,12.0,0
90,0,0,83.83333333333333,12.0,0
60,1,0,0.0,0.0,1
60,0,2,68.08333333333333,12.0,0
60,0,0,54.66666666666666,12.0,0
60,1,1,63.25,8.0,1
180,0,0,91.9,10.0,1
120,1,2,77.0,4.0,1
120,0,0,52.0,1.0,1
60,0,2,87.16666666666667,12.0,0
60,0,2,83.75,12.0,0
60,1,2,75.0,2.0,1
150,0,0,75.16666666666667,12.0,0
60,0,3,76.27272727272727,11.0,0
100,0,1,89.58333333333333,12.0,0
120,1,0,73.16666666666667,12.0,1
60,0,0,77.16666666666667,12.0,0
210,0,2,0.0,0.0,1
90,1,2,65.5,2.0,1
60,1,2,72.3,20.0,1
120,0,2,70.91666666666667,12.0,0
60,1,1,0.0,0.0,1
60,0,2,89.66666666666667,12.0,0
150,0,2,81.4,15.0,1
60,1,2,72.0,1.0,1
60,0,0,0.0,0.0,1
180,1,2,0.0,0.0,1
90,0,1,0.0,0.0,1
180,0,0,80.83333333333333,12.0,0
60,0,2,69.0,2.0,1
60,0,2,71.57142857142857,7.0,1
60,0,2,53.66666666666666,9.0,1
120,1,2,0.0,0.0,1
60,1,0,88.0,3.0,1
90,0,0,91.75,12.0,0
120,0,2,76.44444444444444,9.0,1
120,1,0,67.0,2.0,1
60,1,3,54.16666666666666,12.0,0
60,0,2,83.66666666666667,12.0,0
60,0,1,0.0,0.0,1
60,1,1,92.0,2.0,1
120,1,0,66.0,2.0,1
150,1,2,90.0,1.0,1
60,0,0,63.91666666666666,12.0,0
120,1,0,76.08333333333333,12.0,0
60,0,2,81.91666666666667,12.0,0
60,0,2,77.16666666666667,12.0,0
120,1,2,0.0,0.0,1
60,1,0,77.41666666666667,12.0,0
90,1,2,67.5,12.0,0
60,2,0,68.33333333333333,12.0,0
150,2,2,78.66666666666667,3.0,1
90,1,0,73.0,8.0,1
90,0,0,78.0,1.0,1
120,0,0,87.5,12.0,0
130,0,2,0.0,0.0,1
60,0,0,84.83333333333333,12.0,0
60,0,2,72.0,2.0,1
60,0,2,89.75,12.0,0
120,0,2,77.41666666666667,12.0,0
60,0,0,70.75,12.0,0
60,0,2,85.5,2.0,1
60,0,0,78.08333333333333,12.0,0
120,0,0,0.0,0.0,1
120,0,1,73.66666666666667,3.0,1
180,0,0,0.0,0.0,1
90,1,1,68.0,2.0,1
60,0,1,67.55555555555556,9.0,1
120,0,0,80.8,5.0,1
60,0,2,66.66666666666667,12.0,0
120,1,2,0.0,0.0,1
120,0,0,0.0,0.0,1
60,1,2,81.33333333333333,3.0,1
120,0,0,73.58333333333333,12.0,0
60,1,0,51.0,2.0,1
60,0,0,68.83333333333333,12.0,0
90,1,2,48.2,5.0,1
60,0,0,69.5,12.0,0
60,1,2,56.0,1.0,1
60,0,0,94.83333333333331,12.0,0
90,1,0,66.0,5.0,1
90,0,1,88.91666666666667,12.0,0
60,1,2,0.0,0.0,1
120,1,0,95.16666666666669,12.0,0
60,0,0,66.21428571428571,14.0,1
60,0,2,70.83333333333333,6.0,1
60,0,0,77.33333333333333,12.0,0
120,0,2,0.0,0.0,1
60,1,2,66.6,5.0,1
60,0,2,71.0,2.0,1
120,0,2,0.0,0.0,1
60,0,2,69.08333333333333,12.0,0
180,0,2,93.91666666666669,12.0,1
180,1,2,72.0,1.0,1
60,1,1,60.0,3.0,1
120,0,1,0.0,0.0,1
60,0,0,73.58333333333333,12.0,0
270,1,0,0.0,0.0,1
60,1,2,71.0,2.0,1
120,2,0,47.0,4.0,1
120,1,0,0.0,0.0,1
90,1,0,0.0,0.0,1
90,1,2,72.75,12.0,0
120,0,2,0.0,0.0,1
120,1,2,52.583333333333336,12.0,1
120,1,2,49.2,5.0,1
60,0,0,88.58333333333333,12.0,0
120,0,0,0.0,0.0,1
60,1,2,61.5,6.0,1
60,0,0,78.5,12.0,0
60,0,2,83.85714285714286,21.0,0
60,0,2,59.0,2.0,1
90,0,2,78.66666666666667,12.0,0
60,0,2,61.5,12.0,0
60,0,0,46.41666666666666,12.0,1
120,1,2,0.0,0.0,1
120,1,2,87.82352941176471,17.0,1
150,1,0,78.0909090909091,22.0,0
60,1,4,86.18181818181819,11.0,1
60,1,0,0.0,0.0,1
150,0,0,80.83333333333333,12.0,0
60,0,0,76.33333333333333,6.0,1
120,1,2,82.66666666666667,12.0,0
60,1,2,63.0,2.0,1
60,0,2,71.36363636363636,11.0,0
90,1,2,61.083333333333336,12.0,1
60,0,0,46.0,1.0,1
60,2,2,48.25,4.0,1
120,0,2,60.142857142857146,7.0,1
60,1,2,59.09090909090909,11.0,0
90,1,0,79.0,2.0,1
60,1,2,78.0,10.0,1
120,0,0,75.3,20.0,1
60,1,2,86.14285714285714,21.0,0
60,1,2,92.33333333333331,3.0,1
90,0,0,75.33333333333333,12.0,0
60,2,0,0.0,0.0,1
60,1,0,70.0,1.0,1
120,1,0,70.88888888888889,9.0,0
60,0,0,81.66666666666667,12.0,0
60,1,0,0.0,0.0,1
60,1,0,67.91666666666667,12.0,1
60,1,2,0.0,0.0,1
210,0,2,0.0,0.0,1
60,0,2,78.0,4.0,1
60,0,1,56.333333333333336,12.0,0
150,0,0,67.83333333333333,12.0,0
60,1,0,71.33333333333333,12.0,1
60,0,2,80.75,12.0,0
240,0,2,92.0,1.0,1
60,0,2,0.0,0.0,1
60,1,0,0.0,0.0,1
60,0,0,0.0,0.0,1
60,0,2,79.15384615384616,13.0,0
240,0,2,0.0,0.0,1
150,0,1,83.75,12.0,0
60,0,2,87.83333333333333,12.0,0
120,0,2,59.75,4.0,1
120,0,0,87.0,6.0,1
60,0,2,88.08333333333333,12.0,0
60,1,1,58.0,1.0,1
60,0,1,81.28571428571429,21.0,0
90,1,3,79.16666666666667,12.0,0
120,1,0,65.63636363636364,11.0,0
90,0,1,71.0,12.0,0
60,1,0,40.0,2.0,1
60,2,0,79.15384615384616,13.0,0
60,0,1,53.333333333333336,3.0,1
90,0,2,70.28571428571429,7.0,1
60,0,0,68.15384615384616,13.0,0
60,1,0,91.75,12.0,0
60,0,0,86.33333333333333,12.0,0
60,1,0,56.583333333333336,12.0,0
60,1,2,84.66666666666667,6.0,1
90,0,2,72.33333333333333,12.0,0
120,1,2,0.0,0.0,1
90,0,0,0.0,0.0,1
120,0,2,61.81818181818182,11.0,0
90,1,0,66.0,1.0,1
60,0,2,80.75,4.0,1
90,0,0,65.72727272727273,11.0,0
60,0,0,66.5,12.0,0
60,1,0,79.66666666666667,12.0,0
60,1,2,12.0,3.0,1
60,0,1,84.375,16.0,1
90,1,1,62.66666666666666,6.0,1
90,0,0,79.91666666666667,12.0,0
120,0,2,86.0,1.0,1
75,1,2,84.0,1.0,1
60,1,2,62.4,5.0,1
120,0,0,73.72727272727273,11.0,0
180,0,0,72.66666666666667,12.0,0
120,0,0,84.125,16.0,1
60,0,2,63.91666666666666,12.0,0
120,1,2,66.27272727272727,11.0,0
120,0,0,74.0,1.0,1
90,0,0,81.0909090909091,11.0,0
60,0,0,53.41666666666666,12.0,0
60,0,0,87.0,2.0,1
120,1,0,82.66666666666667,9.0,1
60,0,1,75.25,12.0,0
60,0,0,81.75,12.0,0
60,0,2,79.08333333333333,12.0,0
60,1,2,75.0,8.0,1
120,0,0,82.80952380952381,21.0,0
90,0,0,82.41666666666667,12.0,0
120,0,2,68.0,1.0,1
60,0,2,86.66666666666667,12.0,0
90,1,1,67.16666666666667,12.0,0
90,0,0,86.1,10.0,1
150,1,2,66.38461538461539,13.0,1
120,0,2,69.81818181818181,11.0,1
180,1,0,66.0,1.0,1
60,0,2,75.5,12.0,0
60,0,0,82.91666666666667,12.0,0
90,0,2,64.875,16.0,1
90,0,1,53.333333333333336,3.0,1
60,0,2,77.84615384615384,13.0,0
120,0,0,79.16666666666667,12.0,0
60,0,0,62.91666666666666,12.0,1
90,0,0,0.0,0.0,1
60,0,2,0.0,0.0,1
60,0,4,79.66666666666667,12.0,0
60,0,0,0.0,0.0,1
60,0,0,70.75,12.0,0
60,1,0,60.4,5.0,1
90,0,2,76.58333333333333,12.0,0
60,0,2,80.0,1.0,1
90,1,0,70.58333333333333,12.0,0
60,0,2,89.5,12.0,0
60,0,0,86.33333333333333,12.0,0
150,1,0,76.85714285714286,7.0,1
60,0,0,83.36363636363636,11.0,0
120,0,0,86.0,1.0,1
120,0,2,65.0,2.0,1
60,1,2,63.72727272727273,11.0,1
60,0,1,75.75,12.0,0
120,0,0,69.83333333333333,12.0,0
60,0,1,59.25,4.0,1
120,0,0,54.81818181818182,11.0,1
60,0,2,0.0,0.0,1
120,0,0,70.1,10.0,0
120,0,0,0.0,0.0,1
120,0,0,73.91666666666667,12.0,0
120,0,2,78.0,1.0,1
120,0,0,82.66666666666667,12.0,0
120,0,0,0.0,0.0,1
60,0,0,88.66666666666667,12.0,0
90,0,2,65.41666666666667,12.0,0
60,0,0,80.54545454545455,11.0,0
120,1,0,82.08333333333333,12.0,0
60,0,0,73.81818181818181,11.0,0
150,0,1,79.66666666666667,12.0,0
120,0,0,70.0,1.0,1
90,0,2,76.07692307692308,13.0,0
120,0,0,83.25,12.0,0
120,0,0,92.0,12.0,0
60,0,0,76.71428571428571,7.0,1
60,0,1,83.95238095238095,21.0,0
210,0,2,75.5,4.0,1
90,1,0,67.625,8.0,1
60,0,0,75.08333333333333,12.0,0
90,0,2,76.0,1.0,1
60,0,2,0.0,0.0,1
180,1,0,79.76470588235294,17.0,1
120,0,0,71.33333333333333,12.0,0
60,0,2,86.16666666666667,12.0,0
60,0,0,88.33333333333333,12.0,0
90,0,2,80.16666666666667,12.0,0
60,0,2,86.0,2.0,1
60,0,1,84.75,12.0,0
90,0,1,91.83333333333331,12.0,0
60,0,0,33.333333333333336,3.0,1
120,0,0,79.08333333333333,12.0,0
60,0,0,84.16666666666667,12.0,0
60,0,0,68.66666666666667,3.0,1
60,0,0,91.41666666666669,12.0,0
60,0,1,80.58333333333333,12.0,0
120,0,2,64.16666666666667,12.0,0
120,1,2,79.63157894736842,19.0,0
120,0,2,78.75,4.0,1
60,0,2,53.333333333333336,3.0,1
60,0,0,89.0,2.0,1
150,0,2,0.0,0.0,1
150,0,2,44.333333333333336,3.0,1
90,0,2,0.0,0.0,1
60,0,0,87.41666666666667,12.0,0
60,0,0,87.66666666666667,12.0,0
60,1,0,67.83333333333333,12.0,0
60,0,0,83.58333333333333,12.0,0
90,1,2,0.0,0.0,1
60,0,0,73.75,12.0,0
60,0,2,82.66666666666667,3.0,1
90,0,0,87.33333333333333,12.0,0
120,0,2,0.0,0.0,1
90,1,2,79.08333333333333,12.0,0
120,0,0,77.25,12.0,0
60,0,2,89.52380952380952,21.0,0
60,1,2,0.0,0.0,1
90,0,1,90.0,11.0,0
120,0,0,28.0,1.0,1
60,0,0,84.63636363636364,11.0,0
60,0,0,88.41666666666667,12.0,0
60,1,2,70.8,15.0,0
120,1,0,84.0625,16.0,1
60,0,0,55.0,2.0,1
150,0,2,40.66666666666666,3.0,1
90,0,2,78.0,1.0,1
60,0,0,71.25,12.0,0
120,0,0,83.83333333333333,12.0,0
60,0,0,0.0,0.0,1
60,0,0,45.75,4.0,1
90,0,0,57.66666666666666,3.0,1
120,0,0,79.0,12.0,0
60,0,0,93.91666666666669,12.0,0
60,0,2,77.6,5.0,1
60,0,0,87.25,12.0,0
60,0,2,88.5,12.0,0
120,0,2,64.0,11.0,0
120,0,2,94.08333333333331,12.0,0
60,0,1,67.83333333333333,12.0,0
60,0,0,65.58333333333333,12.0,0
60,0,0,65.33333333333333,12.0,0
60,0,0,67.0,11.0,0
60,0,1,65.5,12.0,0
60,0,2,0.0,0.0,1
60,0,0,73.41666666666667,12.0,0
60,0,2,69.0,5.0,1
60,0,0,72.83333333333333,12.0,0
60,0,2,75.25,12.0,0
120,0,0,80.5,12.0,0
60,0,1,65.81818181818181,11.0,0
120,0,0,60.0,12.0,0
120,0,0,0.0,0.0,1
90,0,2,72.45454545454545,11.0,1
60,0,2,91.875,8.0,1
300,0,0,72.8,5.0,1
60,0,1,62.0,3.0,1
90,0,2,71.0,6.0,1
120,0,2,0.0,0.0,1
120,0,2,83.0,4.0,1
60,0,0,71.61111111111111,18.0,0
120,0,2,81.16666666666667,12.0,1
60,0,0,0.0,0.0,1
120,0,0,85.33333333333333,12.0,0
120,0,2,0.0,0.0,1
60,0,2,74.0,2.0,1
60,0,2,55.0,3.0,1
60,0,2,83.16666666666667,12.0,0
120,0,0,87.0,12.0,0
60,0,2,80.16666666666667,12.0,0
180,0,2,79.08333333333333,12.0,0
90,0,2,48.0,1.0,1
90,0,0,73.83333333333333,12.0,0
150,0,2,81.0,4.0,1
120,0,2,72.5,6.0,1
60,0,0,93.66666666666669,12.0,0
120,0,2,82.25,4.0,1
60,0,0,83.75,12.0,0
60,0,2,0.0,0.0,1
90,0,0,77.4,10.0,1
60,0,2,83.91666666666667,12.0,0
60,0,2,82.5,12.0,0
60,0,0,0.0,0.0,1
60,0,2,79.33333333333333,12.0,0
120,0,2,72.83333333333333,6.0,1
90,0,0,83.58333333333333,12.0,0
60,0,0,76.28571428571429,21.0,0
60,0,0,60.0,1.0,1
60,0,2,75.91666666666667,12.0,0
120,0,0,69.16666666666667,12.0,0
60,0,2,0.0,0.0,1
60,0,2,74.83333333333333,12.0,0
60,0,0,76.0,6.0,1
120,0,0,88.0,11.0,0
60,0,0,83.33333333333333,12.0,0
60,0,2,66.91666666666667,12.0,0
60,0,2,75.0,11.0,0
120,0,2,74.0,3.0,1
60,0,0,78.91666666666667,12.0,0
90,0,2,0.0,0.0,1
90,0,2,78.0,6.0,1
60,0,1,96.11764705882354,17.0,0
135,0,2,86.33333333333333,12.0,0
120,0,0,89.66666666666667,21.0,0
60,0,0,77.33333333333333,12.0,0
60,0,0,85.75,12.0,0
60,0,2,87.66666666666667,3.0,1
90,0,0,73.5,12.0,1
60,0,0,73.41666666666667,12.0,0
90,0,2,80.58333333333333,12.0,0
120,0,2,87.91666666666667,12.0,0
60,0,0,82.0,1.0,1
60,0,2,0.0,0.0,1
60,0,0,78.41666666666667,12.0,0
90,0,0,88.66666666666667,12.0,0
120,0,2,68.5,12.0,1
90,0,0,47.5,2.0,1
60,0,0,78.75,12.0,0
120,0,0,54.0,3.0,1
60,0,2,52.583333333333336,12.0,1
120,0,0,63.91666666666666,12.0,0
120,0,2,0.0,0.0,1
60,0,1,24.75,4.0,1
120,0,0,76.6,5.0,1
120,0,0,66.66666666666667,3.0,1
60,0,2,89.33333333333333,12.0,0
60,0,2,0.0,0.0,1
60,0,2,92.66666666666669,12.0,0
120,0,2,57.5,12.0,1
60,0,1,80.08333333333333,12.0,0
60,0,2,92.83333333333331,12.0,0
60,0,0,90.75,12.0,0
60,0,0,67.25,12.0,0
120,0,0,74.15,20.0,0
60,0,0,78.0,11.0,0
120,0,2,88.2,15.0,0
60,0,0,51.0,2.0,1
120,0,2,82.0,1.0,1
180,0,2,72.27272727272727,11.0,1
60,0,3,0.0,0.0,1
180,0,2,69.0,12.0,0
60,0,0,61.833333333333336,24.0,1
60,0,0,56.16666666666666,12.0,1
120,0,0,75.58333333333333,12.0,0
60,0,2,83.16666666666667,12.0,0
60,0,2,82.0,1.0,1
75,0,0,76.41666666666667,12.0,0
120,0,0,75.91666666666667,12.0,1
60,0,0,71.25,8.0,1
120,0,2,75.72727272727273,11.0,0
60,0,2,93.47368421052632,19.0,0
90,0,0,83.25,12.0,0
120,0,2,66.25,4.0,1
120,0,0,76.66666666666667,12.0,0
60,0,2,93.58333333333331,12.0,0
60,0,0,79.5,12.0,0
90,0,2,0.0,0.0,1
60,0,0,0.0,0.0,1
60,0,2,44.333333333333336,12.0,1
60,0,0,72.33333333333333,12.0,0
120,0,0,61.083333333333336,12.0,1
60,0,2,85.5,12.0,0
150,0,2,80.0,1.0,1
120,0,2,57.25,8.0,1
60,0,0,72.08333333333333,12.0,0
120,0,0,62.0,1.0,1
60,0,2,0.0,0.0,1
120,0,2,84.25,12.0,0
90,0,2,0.0,0.0,1
60,0,0,0.0,0.0,1
60,0,2,87.66666666666667,12.0,0
60,0,2,56.0,10.0,1
60,0,2,71.08333333333333,12.0,0
60,0,2,70.41666666666667,12.0,0
180,0,2,70.57142857142857,14.0,1
60,0,2,88.83333333333333,12.0,0
60,0,0,88.33333333333333,12.0,0
90,0,0,67.33333333333333,12.0,0
90,0,0,89.83333333333333,12.0,0
60,0,2,0.0,0.0,1
90,0,0,0.0,0.0,1
60,0,2,61.0,12.0,1
60,0,0,0.0,0.0,1
120,0,0,76.5,12.0,0
60,0,0,77.23809523809524,21.0,0
120,0,2,77.95238095238095,21.0,0
60,0,2,59.16666666666666,12.0,1
120,0,1,88.41666666666667,12.0,0
60,0,2,75.0,4.0,1
120,0,2,73.4,5.0,1
120,0,0,67.2,5.0,1
120,0,0,86.91666666666667,12.0,0
120,0,2,71.41666666666667,12.0,0
60,0,0,66.0,1.0,1
90,0,2,86.0,1.0,1
60,0,2,76.0,1.0,1
180,0,2,74.0,1.0,1
60,0,1,81.4375,16.0,1
120,0,0,75.66666666666667,12.0,0
150,0,0,52.5,6.0,1
150,0,0,76.18181818181819,11.0,1
120,0,0,84.25,12.0,0
60,0,0,66.33333333333333,3.0,1
90,0,0,0.0,0.0,1
60,0,2,83.58333333333333,12.0,0
60,0,1,81.16666666666667,12.0,0
120,0,2,81.5,2.0,1
60,0,2,71.25,12.0,0
60,0,2,69.33333333333333,3.0,1
60,0,2,69.0,2.0,1
60,0,2,71.75,12.0,0
60,0,2,74.53333333333333,15.0,0
60,0,0,79.21428571428571,14.0,0
60,0,2,68.14285714285714,7.0,1
120,0,0,80.83333333333333,12.0,0
120,0,2,69.16666666666667,12.0,0
120,0,2,74.25,12.0,1
120,0,2,82.16666666666667,12.0,0
60,0,1,78.05555555555556,18.0,0
120,0,2,33.0,1.0,1
60,0,0,89.75,12.0,0
120,0,3,84.41666666666667,12.0,0
90,0,0,70.33333333333333,3.0,1
60,0,2,0.0,0.0,1
90,0,0,0.0,0.0,1
90,0,2,86.0,6.0,1
90,0,0,77.15384615384616,13.0,0
60,0,2,0.0,4.0,1
60,0,0,74.0909090909091,11.0,0
90,0,0,77.3125,16.0,0
60,0,2,78.58333333333333,12.0,0
120,0,0,61.0,2.0,1
120,0,0,88.75,12.0,0
60,0,2,66.0,2.0,1
60,0,2,77.0,2.0,1
60,0,0,70.0,8.0,1
60,0,0,70.0,1.0,1
60,0,2,70.83333333333333,12.0,0
90,0,0,75.08333333333333,12.0,0
120,0,0,67.0,1.0,1
60,0,0,82.66666666666667,12.0,0
60,0,0,66.0,2.0,1
70,0,0,56.0,12.0,0
90,0,0,66.0,3.0,1
180,0,1,85.66666666666667,6.0,1
90,0,2,62.583333333333336,12.0,0
60,0,1,50.333333333333336,12.0,1
60,0,2,49.0,2.0,1
240,0,0,61.16666666666666,12.0,0
90,0,2,83.66666666666667,12.0,0
60,0,1,46.25,4.0,1
90,0,0,0.0,0.0,1
90,0,2,81.83333333333333,12.0,0
60,0,2,68.75,12.0,1
60,0,2,87.83333333333333,12.0,0
60,0,0,71.58333333333333,12.0,0
120,0,2,77.33333333333333,12.0,0
240,0,0,0.0,0.0,1
90,0,0,0.0,0.0,1
150,0,2,82.28571428571429,7.0,1
90,0,0,96.0,1.0,1
120,0,0,77.0,16.0,0
60,0,0,0.0,0.0,1
120,0,0,95.5,12.0,0
60,0,0,46.0,1.0,1
60,0,2,92.5,12.0,0
120,0,2,92.66666666666669,12.0,0
60,0,0,79.5,4.0,1
120,0,2,82.16666666666667,12.0,0
90,0,0,81.9375,16.0,0
60,0,0,78.08333333333333,12.0,0
120,0,2,78.0,2.0,1
60,0,2,74.66666666666667,12.0,0
120,0,0,84.0,1.0,1
60,0,2,62.0,1.0,1
60,0,2,88.83333333333333,12.0,0
60,0,2,77.16666666666667,12.0,0
60,0,2,55.083333333333336,12.0,1
120,0,0,0.0,0.0,1
180,0,2,68.5,8.0,1
60,0,0,0.0,0.0,1
90,0,2,87.25,12.0,0
60,0,2,46.0,2.0,1
60,0,0,0.0,0.0,1
120,0,0,87.08333333333333,12.0,0
150,0,2,87.0,4.0,1
60,0,0,0.0,0.0,1
120,0,2,88.0,1.0,1
90,0,2,68.0,2.0,1
120,0,2,0.0,0.0,1
60,0,0,62.70588235294117,17.0,0
120,0,0,71.41666666666667,12.0,0
60,0,2,76.92307692307692,13.0,0
120,0,0,52.2,5.0,1
120,0,0,74.08333333333333,12.0,0
240,0,2,66.0,2.0,1
60,0,2,72.0,1.0,1
120,0,0,73.75,12.0,0
60,0,0,0.0,0.0,1
120,0,2,0.0,0.0,1
60,0,0,73.75,12.0,0
120,0,2,79.58333333333333,12.0,0
120,0,2,79.0,1.0,1
150,0,0,81.0,2.0,1
60,0,2,0.0,0.0,1
90,0,0,62.0,1.0,1
60,0,2,81.41666666666667,12.0,0
60,0,2,0.0,0.0,1
60,0,2,0.0,0.0,1
60,0,0,82.58333333333333,12.0,0
120,0,0,65.18181818181819,11.0,0
60,0,2,82.16666666666667,12.0,0
60,0,2,67.75,12.0,0
90,0,2,80.0,2.0,1
60,0,2,66.0,1.0,1
60,0,2,79.33333333333333,12.0,0
60,0,2,0.0,0.0,1
240,0,0,48.6,5.0,1
90,0,0,76.16666666666667,12.0,0
60,0,0,94.38095238095238,21.0,0
90,0,0,65.0,1.0,1
90,0,0,58.0,2.0,1
60,0,0,84.41666666666667,12.0,0
60,0,0,82.95238095238095,21.0,0
90,0,2,0.0,0.0,1
60,0,0,71.33333333333333,12.0,0
60,0,0,0.0,0.0,1
60,0,2,81.25,12.0,0
60,0,1,79.0,2.0,1
120,0,0,91.42105263157896,19.0,0
60,0,2,74.66666666666667,12.0,0
120,0,1,93.61904761904762,21.0,0
60,0,2,77.08333333333333,12.0,0
60,0,2,82.0,2.0,1
120,0,2,78.41666666666667,12.0,0
60,0,0,88.41666666666667,12.0,0
60,0,0,0.0,0.0,1
120,0,0,57.0,3.0,1
60,0,0,86.16666666666667,12.0,0
60,0,0,65.76923076923077,13.0,0
90,0,0,83.5,12.0,0
60,0,2,0.0,0.0,1
60,0,2,78.0,1.0,1
60,0,2,81.5,4.0,1
120,0,0,89.08333333333333,12.0,0
90,0,0,0.0,0.0,1
90,0,0,77.91666666666667,12.0,0
120,0,0,77.375,16.0,1
120,0,0,76.16666666666667,12.0,0
90,0,2,53.0,5.0,1
60,0,2,68.0,1.0,1
120,0,1,0.0,0.0,1
90,0,2,0.0,0.0,1
150,0,2,0.0,0.0,1
60,0,2,84.66666666666667,12.0,0
120,0,2,90.41666666666669,12.0,0
60,0,2,89.0,4.0,1
60,0,2,78.16666666666667,12.0,0
60,0,0,80.83333333333333,12.0,0
120,0,0,86.58333333333333,12.0,0
60,0,2,81.0,12.0,0
90,0,0,83.33333333333333,12.0,0
90,0,2,77.2,10.0,1
90,0,0,70.58333333333333,12.0,0
75,0,2,58.0,2.0,1
180,0,2,0.0,0.0,1
120,0,0,0.0,0.0,1
120,0,0,90.0,1.0,1
150,0,0,94.33333333333331,12.0,0
90,0,2,74.22222222222223,9.0,0
60,0,0,91.33333333333331,12.0,0
180,0,0,84.44444444444444,9.0,0
60,0,2,66.0,2.0,1
90,0,2,84.0,1.0,1
60,0,2,34.25,4.0,1
60,0,2,62.66666666666666,3.0,1
60,0,2,0.0,0.0,1
120,0,0,85.5,12.0,0
120,0,2,73.58333333333333,12.0,0
60,0,2,69.66666666666667,3.0,1
120,0,2,66.0,1.0,1
60,0,2,0.0,0.0,1
75,0,1,82.46666666666667,15.0,0
60,0,0,63.333333333333336,12.0,0
60,0,2,58.05882352941177,17.0,0
60,0,2,0.0,0.0,1
60,0,2,64.0,3.0,1
120,0,2,0.0,0.0,1
120,0,2,52.0,1.0,1
60,0,2,79.75,4.0,1
60,0,0,36.66666666666666,3.0,1
60,0,0,68.5,12.0,0
60,0,2,74.5,12.0,0
60,0,0,90.16666666666669,12.0,0
60,0,3,68.08333333333333,12.0,1
60,0,0,84.58333333333333,12.0,0
120,0,0,90.25,12.0,0
60,0,2,82.9047619047619,21.0,0
210,0,1,0.0,0.0,1
60,0,0,76.88888888888889,9.0,0
120,0,2,65.25,8.0,1
135,0,1,84.33333333333333,3.0,1
120,0,2,0.0,0.0,1
120,0,0,78.5,12.0,0
60,0,0,80.35714285714286,14.0,0
60,0,2,0.0,0.0,1
120,0,1,69.54545454545455,11.0,0
60,0,0,76.85714285714286,14.0,0
60,0,1,73.16666666666667,12.0,0
60,0,0,0.0,0.0,1
120,0,2,0.0,0.0,1
90,0,0,76.28571428571429,21.0,0
150,0,2,0.0,0.0,1
90,0,2,85.5,12.0,0
60,0,2,75.75,12.0,0
90,0,2,71.08333333333333,12.0,0
60,0,0,91.83333333333331,12.0,0
60,0,2,66.85714285714286,7.0,1
60,0,2,54.73913043478261,23.0,1
60,0,3,68.33333333333333,12.0,0
90,0,2,41.66666666666666,6.0,1
90,0,2,63.75,12.0,0
150,0,0,69.0,2.0,1
120,0,2,76.5,2.0,1
60,0,0,80.06666666666666,15.0,0
150,0,2,84.0,1.0,1
90,0,2,78.41666666666667,12.0,0
120,0,2,74.83333333333333,12.0,0
150,0,0,67.83333333333333,12.0,0
120,0,2,74.33333333333333,12.0,0
120,0,0,64.0,2.0,1
60,0,2,80.16666666666667,12.0,0
120,0,0,71.94117647058823,17.0,0
60,0,2,65.91666666666667,12.0,1
60,0,0,74.42857142857143,21.0,0
90,0,0,86.0,1.0,1
180,0,2,81.25,4.0,1
60,0,2,88.25,12.0,0
60,0,0,72.3076923076923,13.0,0
120,0,0,78.5,12.0,0
60,0,1,78.83333333333333,12.0,0
60,0,0,69.0,12.0,0
150,0,0,84.25,12.0,0
90,0,0,66.41666666666667,12.0,0
60,0,0,0.0,0.0,1
120,0,2,61.0,2.0,1
90,0,2,81.0,12.0,0
60,0,2,74.0,1.0,1
90,0,0,66.19047619047619,21.0,0
60,0,0,81.45454545454545,11.0,0
90,0,0,0.0,0.0,1
120,0,0,0.0,0.0,1
60,0,0,80.16666666666667,12.0,0
60,0,2,0.0,0.0,1
60,0,1,64.0,1.0,1
85,0,2,78.0,1.0,1
60,0,2,62.0,1.0,1
120,0,2,74.5,12.0,0
60,0,0,90.33333333333331,12.0,0
60,0,2,80.75,12.0,0
120,0,0,82.58333333333333,12.0,0
60,0,1,83.0,12.0,0
180,0,1,0.0,0.0,1
60,0,2,0.0,0.0,1
210,0,2,80.54545454545455,11.0,0
90,0,1,0.0,0.0,1
90,0,2,0.0,0.0,1
60,0,0,77.91666666666667,12.0,0
60,0,0,73.5,12.0,0
120,0,0,0.0,0.0,1
90,0,1,86.9047619047619,21.0,0
60,0,2,0.0,0.0,1
60,0,1,0.0,0.0,1
180,0,2,93.33333333333331,3.0,1
90,0,2,86.0,1.0,1
120,0,0,0.0,0.0,1
60,0,4,0.0,0.0,1
60,0,2,31.33333333333333,3.0,1
120,0,1,74.08333333333333,12.0,0
60,0,0,74.0,5.0,1
90,0,2,86.16666666666667,12.0,0
60,0,0,86.75,12.0,0
60,0,1,59.72727272727273,11.0,1
120,0,2,76.25,12.0,0
60,0,0,82.5,12.0,0
60,0,2,67.83333333333333,12.0,0
60,0,2,0.0,0.0,1
60,0,2,51.0,2.0,1
60,0,0,76.0,12.0,0
60,0,2,84.66666666666667,12.0,0
60,0,2,0.0,0.0,1
120,0,0,0.0,0.0,1
150,0,2,81.83333333333333,12.0,0
90,0,0,0.0,0.0,1
120,0,0,63.73333333333333,15.0,1
90,0,2,80.0,7.0,1
60,0,2,68.0,1.0,1
90,0,1,68.08333333333333,12.0,0
60,0,2,54.61538461538461,13.0,1
60,0,0,93.83333333333331,12.0,0
60,0,2,54.0,1.0,1
120,0,0,0.0,0.0,1
120,0,1,63.2,20.0,0
120,0,0,87.75,12.0,0
90,0,2,91.66666666666669,12.0,0
90,0,2,76.5,12.0,0
90,0,0,0.0,0.0,1
90,0,2,84.75,12.0,0
120,0,0,69.0,2.0,1
60,0,0,0.0,0.0,1
180,0,2,0.0,0.0,1
90,0,1,75.04347826086956,23.0,0
60,0,2,0.0,0.0,1
120,0,1,58.90909090909091,11.0,1
60,0,2,82.83333333333333,12.0,0
60,0,0,79.5,4.0,1
90,0,4,94.61904761904762,21.0,0
60,0,0,82.0,2.0,1
60,0,2,88.33333333333333,3.0,1
90,0,0,72.9090909090909,11.0,0
120,0,1,73.58333333333333,12.0,0
60,0,0,71.54545454545455,11.0,0
60,0,0,69.25,12.0,1
60,0,0,0.0,0.0,1
90,0,0,65.75,4.0,1
60,0,2,76.83333333333333,12.0,0
120,0,0,83.14285714285714,21.0,0
120,0,2,0.0,0.0,1
90,0,2,66.0,1.0,1
60,0,0,83.33333333333333,12.0,1
240,0,2,81.25,12.0,1
60,0,2,95.41666666666669,12.0,0
60,0,2,48.0,1.0,1
120,0,2,60.75,12.0,0
120,0,2,77.91666666666667,12.0,1
60,0,2,80.41666666666667,12.0,0
60,0,2,75.4,10.0,1
60,0,0,75.5,12.0,0
60,0,2,81.71428571428571,7.0,1
150,0,2,53.142857142857146,7.0,1
90,0,2,81.0,2.0,1
60,0,0,0.0,0.0,1
60,0,0,87.5,12.0,0
60,0,2,81.0,4.0,1
60,0,0,0.0,0.0,1
60,0,2,60.66666666666666,3.0,1
60,0,2,66.45454545454545,11.0,0
120,0,2,83.0,2.0,1
60,0,0,0.0,0.0,1
60,0,0,62.0,1.0,1
60,0,0,40.66666666666666,3.0,1
90,0,2,74.66666666666667,3.0,1
60,0,2,75.75,12.0,0
150,0,0,0.0,0.0,1
60,0,0,80.58333333333333,12.0,0
60,0,1,63.833333333333336,12.0,0
120,0,0,68.45454545454545,11.0,0
60,0,2,71.75,12.0,0
60,0,2,0.0,0.0,1
120,0,1,78.25,12.0,0
180,0,1,38.0,2.0,1
60,0,0,88.0,21.0,0
60,0,0,0.0,0.0,1
120,0,0,77.91666666666667,12.0,0
60,0,0,90.54545454545456,11.0,0
120,0,2,80.66666666666667,12.0,0
120,0,2,38.6,5.0,1
90,0,0,74.0,12.0,0
60,0,1,96.41176470588236,17.0,0
120,0,0,77.5,12.0,0
90,0,2,85.33333333333333,21.0,0
120,0,2,80.4,5.0,1
60,0,2,79.0,12.0,0
120,0,2,73.63636363636364,11.0,0
180,0,1,81.16666666666667,12.0,1
60,0,2,71.5,4.0,1
90,0,1,77.75,12.0,0
120,0,0,75.66666666666667,12.0,0
60,0,0,56.0,1.0,1
60,0,1,81.08333333333333,12.0,0
60,0,1,79.58333333333333,12.0,0
240,0,2,72.5,4.0,1
120,0,1,88.25,12.0,0
60,0,2,77.08333333333333,12.0,0
60,0,2,0.0,0.0,1
60,0,0,78.16666666666667,6.0,1
120,0,0,78.33333333333333,12.0,0
60,0,1,93.0,4.0,1
120,0,2,62.4,5.0,1
90,0,1,73.5,12.0,0
60,0,0,73.66666666666667,12.0,0
120,0,2,73.25,4.0,1
60,0,0,70.08333333333333,12.0,0
120,0,2,71.63636363636364,11.0,0
60,0,2,86.66666666666667,12.0,0
60,0,1,0.0,0.0,1
60,0,2,73.91666666666667,12.0,0
90,0,0,77.16666666666667,12.0,0
120,0,2,91.38095238095238,21.0,0
60,0,4,78.25,12.0,0
120,0,2,67.0,4.0,1
60,0,2,65.0,10.0,1
60,0,0,86.625,8.0,1
120,0,2,0.0,0.0,1
90,0,0,0.0,0.0,1
90,0,1,55.0,4.0,1
120,0,2,44.25,4.0,1
120,0,0,66.2,15.0,1
150,0,0,67.41666666666667,12.0,0
120,0,0,85.33333333333333,12.0,0
240,0,2,74.66666666666667,3.0,1
90,0,0,76.66666666666667,12.0,0
60,0,1,90.75,12.0,0
120,0,0,0.0,0.0,1
60,0,2,0.0,0.0,1
120,0,0,81.5,2.0,1
120,0,0,62.5,4.0,1
90,0,1,79.18181818181819,11.0,0
150,0,2,0.0,0.0,1
90,0,2,42.0,3.0,1
120,0,0,62.0,2.0,1
90,0,0,66.25,12.0,0
120,0,0,70.08333333333333,12.0,0
90,0,1,83.83333333333333,12.0,0
60,0,0,0.0,0.0,1
90,0,2,84.5,4.0,1
120,0,2,0.0,0.0,1
60,0,2,0.0,0.0,1
120,0,0,79.0,12.0,0
150,0,1,0.0,0.0,1
90,0,0,72.33333333333333,12.0,0
60,0,1,75.0,12.0,0
60,0,0,95.58333333333331,12.0,0
60,0,0,92.66666666666669,12.0,0
90,0,2,50.66666666666666,9.0,1
90,0,2,30.33333333333333,3.0,1
120,0,2,66.5,4.0,1
60,0,0,84.91666666666667,12.0,0
90,0,2,87.91666666666667,12.0,0
90,0,1,89.25,12.0,0
120,0,2,79.75,12.0,0
90,0,0,48.0,2.0,1
60,0,0,83.0,12.0,0
120,0,2,0.0,0.0,1
60,0,2,70.5,10.0,1
60,0,2,0.0,0.0,1
120,0,0,0.0,0.0,1
90,0,1,84.23809523809524,21.0,0
150,0,2,61.55,20.0,1
60,0,2,78.0,1.0,1
60,0,1,76.0,12.0,0
120,0,2,80.83333333333333,12.0,0
120,0,1,82.0,1.0,1
60,0,2,70.88888888888889,9.0,1
120,0,0,65.77777777777777,9.0,1
120,0,0,81.66666666666667,12.0,0
120,0,0,86.25,12.0,0
90,0,0,62.66666666666666,12.0,1
150,0,1,75.91666666666667,12.0,0
60,0,1,74.0,1.0,1
120,0,0,90.0,2.0,1
120,0,0,76.66666666666667,3.0,1
120,0,0,0.0,0.0,1
120,0,2,0.0,0.0,1
120,0,1,73.0,11.0,1
60,0,4,0.0,0.0,1
120,0,2,87.33333333333333,6.0,1
60,0,0,0.0,0.0,1
120,0,0,0.0,0.0,1
90,0,0,92.0,12.0,0
60,0,2,92.33333333333331,12.0,0
120,0,0,0.0,0.0,1
90,0,2,71.33333333333333,3.0,1
120,0,0,0.0,0.0,1
60,0,2,78.58333333333333,12.0,0
180,0,0,65.0,11.0,0
60,0,0,0.0,0.0,1
60,0,2,75.5,12.0,0
60,0,2,68.58333333333333,12.0,0
120,0,2,72.0,12.0,0
60,0,2,53.0,2.0,1
60,0,0,0.0,0.0,1
90,0,2,78.33333333333333,12.0,0
120,0,2,0.0,0.0,1
90,0,1,85.33333333333333,12.0,0
60,0,0,69.0,12.0,0
150,0,0,65.33333333333333,12.0,0
90,0,2,90.0909090909091,11.0,0
60,0,0,89.75,12.0,0
60,0,2,0.0,0.0,1
60,0,0,79.0,2.0,1
90,0,2,78.33333333333333,3.0,1
120,0,2,52.5,24.0,1
60,0,2,70.0,5.0,1
120,0,0,0.0,0.0,1
120,0,1,0.0,0.0,1
90,0,2,56.85714285714285,7.0,1
120,0,2,0.0,0.0,1
60,0,2,0.0,0.0,1
60,0,0,64.41666666666667,12.0,0
60,0,0,89.0,3.0,1
60,0,1,79.16666666666667,12.0,0
120,0,0,66.83333333333333,12.0,1
120,0,1,78.75,12.0,0
120,0,0,68.66666666666667,12.0,0
120,0,0,57.5,2.0,1
60,0,2,83.25,12.0,0
60,0,2,59.0,12.0,1
90,0,0,75.0,3.0,1
120,0,0,59.38095238095238,21.0,0
120,0,2,74.83333333333333,12.0,0
60,0,0,76.75,12.0,0
60,0,2,41.333333333333336,3.0,1
60,0,0,81.5,12.0,0
60,0,0,85.75,12.0,0
60,0,2,77.66666666666667,3.0,1
150,0,0,66.8125,16.0,0
60,0,1,77.41666666666667,12.0,0
90,0,0,86.75,12.0,0
120,0,0,78.66666666666667,3.0,1
60,0,0,85.88888888888889,9.0,1
60,0,2,0.0,0.0,1
120,0,2,66.58333333333333,12.0,0
60,0,2,63.5,2.0,1
150,0,0,81.0,2.0,1
120,0,0,0.0,0.0,1
60,0,1,61.0,2.0,1
120,0,0,70.58333333333333,12.0,0
60,0,1,94.5,12.0,0
60,0,3,53.91666666666666,12.0,1
90,0,2,93.41666666666669,12.0,0
60,0,1,65.91666666666667,12.0,0
60,0,0,76.58333333333333,12.0,0
60,0,2,73.91666666666667,12.0,0
120,0,2,74.83333333333333,12.0,0
120,0,2,76.0,12.0,1
60,0,2,66.08333333333333,12.0,0
60,0,0,72.5,12.0,0
240,0,1,67.21052631578948,19.0,1
60,0,0,82.23809523809524,21.0,0
60,0,2,75.0,2.0,1
60,0,0,67.0909090909091,11.0,1
60,0,2,0.0,0.0,1
180,0,2,80.66666666666667,3.0,1
60,0,0,87.5,12.0,0
60,0,1,79.5,12.0,0
60,0,0,72.66666666666667,12.0,0
120,0,0,65.83333333333333,12.0,0
60,0,1,0.0,0.0,1
120,0,2,0.0,0.0,1
120,0,2,75.66666666666667,3.0,1
90,0,0,70.0,12.0,0
120,0,0,84.0,2.0,1
60,0,2,0.0,0.0,1
90,0,2,0.0,0.0,1
120,0,2,72.54545454545455,11.0,0
60,0,0,79.0909090909091,11.0,0
120,0,0,56.0,4.0,1
90,0,1,87.61904761904762,21.0,0
60,0,2,0.0,0.0,1
60,0,0,53.25,12.0,1
60,0,1,88.0,12.0,0
60,0,1,77.25,8.0,1
90,0,1,83.38095238095238,21.0,0
60,0,0,77.0,2.0,1
60,0,0,86.0,12.0,0
60,0,0,76.5,12.0,0
120,0,2,68.16666666666667,12.0,0
60,0,1,75.0,2.0,1
120,0,0,77.08333333333333,12.0,0
120,0,0,0.0,0.0,1
90,0,0,81.25,12.0,0
60,0,2,56.333333333333336,3.0,1
60,0,0,70.11111111111111,9.0,1
60,0,1,85.5,12.0,0
120,0,0,67.95238095238095,21.0,0
120,0,0,0.0,0.0,1
120,0,0,65.41666666666667,12.0,1
60,0,2,0.0,0.0,1
60,0,1,79.5,4.0,1
90,0,1,86.0,6.0,1
60,0,0,77.8,5.0,1
60,0,0,59.2,5.0,1
120,0,1,63.0,17.0,1
60,0,2,86.0,1.0,1
60,0,0,76.0,1.0,1
60,0,0,76.58333333333333,12.0,0
60,0,2,80.91666666666667,12.0,0
60,0,2,0.0,0.0,1
120,0,0,89.91666666666667,12.0,0
60,0,0,74.9,10.0,0
60,0,0,91.66666666666669,12.0,0
90,0,0,81.33333333333333,12.0,0
120,0,2,83.5,12.0,0
120,0,0,0.0,0.0,1
90,0,2,70.66666666666667,3.0,1
120,0,0,67.66666666666667,3.0,1
90,0,0,0.0,0.0,1
60,0,1,85.5,4.0,1
60,0,0,89.33333333333333,12.0,0
120,0,2,62.75,4.0,1
120,0,0,76.41666666666667,12.0,1
150,0,0,65.75,12.0,0
90,0,0,0.0,0.0,1
60,0,0,76.16666666666667,12.0,0
120,0,2,0.0,0.0,1
150,0,0,65.25,8.0,1
120,0,2,0.0,0.0,1
60,0,2,80.2,5.0,1
60,0,0,90.57142857142856,21.0,0
60,0,0,62.0,1.0,1
120,0,2,63.54545454545455,11.0,1
120,0,0,73.23809523809524,21.0,0
150,0,0,69.41666666666667,12.0,0
150,0,0,67.41666666666667,12.0,1
120,0,2,70.0,2.0,1
120,0,0,81.66666666666667,12.0,0
120,0,1,63.16666666666666,12.0,0
60,0,1,0.0,0.0,1
120,0,2,85.41666666666667,12.0,0
120,0,0,72.91666666666667,12.0,0
60,0,2,69.41666666666667,12.0,0
150,0,1,87.2,5.0,1
150,0,2,65.16666666666667,12.0,1
60,0,2,76.0,3.0,1
60,0,0,60.2,5.0,1
120,0,0,63.583333333333336,12.0,0
60,0,2,83.91666666666667,12.0,0
60,0,2,66.5,12.0,1
60,0,2,73.66666666666667,12.0,0
60,0,2,96.83333333333331,12.0,0
120,0,4,90.16666666666669,12.0,0
120,0,1,73.41666666666667,12.0,0
60,0,2,66.0,2.0,1
60,0,2,94.0,12.0,0
120,0,0,86.16666666666667,12.0,0
120,0,1,87.23809523809524,21.0,0
60,0,2,72.16666666666667,12.0,0
120,0,2,0.0,0.0,1
240,0,2,78.0,1.0,1
120,0,0,84.75,16.0,1
180,0,2,62.5,12.0,1
120,0,2,65.83333333333333,12.0,0
120,0,2,52.0,1.0,1
120,0,2,76.0,1.0,1
120,0,2,72.0,5.0,1
60,0,2,66.0,2.0,1
60,0,2,85.08333333333333,12.0,0
90,0,0,87.0,2.0,1
90,0,0,53.0,2.0,1
90,0,0,65.0,2.0,1
60,0,2,77.66666666666667,12.0,0
90,0,2,86.25,4.0,1
120,0,0,72.71428571428571,7.0,1
60,0,0,0.0,0.0,1
120,0,2,72.08333333333333,12.0,0
120,0,0,70.0,12.0,1
60,0,0,82.16666666666667,12.0,0
180,0,0,65.83333333333333,12.0,1
120,0,0,68.0,2.0,1
120,0,2,68.0,12.0,0
120,0,1,92.91666666666669,12.0,0
120,0,2,54.0,1.0,1
60,0,2,69.66666666666667,3.0,1
60,0,2,80.25,4.0,1
60,0,2,74.41666666666667,12.0,0
120,0,0,0.0,0.0,1
60,0,2,75.5,10.0,0
60,0,0,36.66666666666666,3.0,1
90,0,1,78.75,4.0,1
60,0,1,74.66666666666667,12.0,0
60,0,0,78.25,12.0,0
60,0,0,75.25,16.0,0
120,0,0,82.83333333333333,12.0,0
240,0,0,86.0,1.0,1
120,0,2,0.0,0.0,1
60,0,2,0.0,0.0,1
60,0,0,78.83333333333333,12.0,0
60,0,1,71.33333333333333,12.0,0
120,0,0,72.66666666666667,9.0,1
120,0,0,84.5,12.0,0
120,0,2,80.0,12.0,0
120,0,0,0.0,0.0,1
60,0,1,69.0,2.0,1
60,0,2,64.75,12.0,0
60,0,2,0.0,0.0,1
60,0,2,0.0,0.0,1
60,0,2,80.58333333333333,12.0,0
60,0,2,74.91666666666667,12.0,0
60,0,0,66.66666666666667,12.0,0
90,0,1,51.91666666666666,12.0,1
120,0,2,47.0,2.0,1
60,0,0,88.75,12.0,0
60,0,0,69.66666666666667,12.0,0
60,0,0,72.66666666666667,12.0,0
120,0,0,66.0,1.0,1
60,0,2,90.2,10.0,0
60,0,0,0.0,0.0,1
60,0,0,71.25,12.0,0
120,0,2,70.5,12.0,1
60,0,2,0.0,0.0,1
90,0,2,66.0,5.0,1
60,0,2,72.33333333333333,3.0,1
60,0,2,71.58333333333333,12.0,0
60,0,3,61.333333333333336,12.0,0
60,0,0,65.83333333333333,12.0,0
120,0,1,57.0,2.0,1
120,0,0,0.0,0.0,1
120,0,2,0.0,0.0,1
60,0,0,81.58333333333333,12.0,0
120,0,2,80.33333333333333,12.0,0
60,0,1,86.41666666666667,12.0,0
60,0,0,79.57142857142857,21.0,0
120,0,0,67.83333333333333,12.0,1
120,0,4,68.92307692307692,13.0,1
150,0,1,68.0,3.0,1
60,0,1,89.75,12.0,0
60,0,2,59.75,12.0,1
120,0,0,80.0,3.0,1
60,0,2,54.0,2.0,1
60,0,2,84.4,5.0,1
90,0,2,80.41666666666667,12.0,0
120,0,2,76.75,12.0,0
120,0,2,0.0,0.0,1
120,0,1,67.25,12.0,1
120,0,3,58.333333333333336,3.0,1
120,0,2,85.25,12.0,0
60,0,0,62.0,4.0,1
90,0,0,63.66666666666666,3.0,1
120,0,0,90.66666666666669,12.0,0
60,0,0,88.58333333333333,12.0,0
60,0,0,70.4,10.0,1
120,0,0,77.42857142857143,7.0,1
120,0,0,75.83333333333333,12.0,0
60,0,0,64.52380952380952,21.0,0
90,0,0,77.0,12.0,0
120,0,1,87.66666666666667,12.0,0
60,0,2,0.0,0.0,1
60,0,2,92.0,1.0,1
60,0,2,79.33333333333333,12.0,0
60,0,0,83.25,12.0,0
60,0,0,95.25,12.0,0
120,0,0,59.5,6.0,1
120,0,1,89.25,12.0,0
60,0,0,78.88888888888889,9.0,0
90,0,1,81.41666666666667,12.0,0
120,0,2,0.0,0.0,1
60,0,2,69.91666666666667,12.0,0
60,0,1,89.25,12.0,0
120,0,0,69.0,2.0,1
60,0,2,46.333333333333336,3.0,1
60,0,2,77.91666666666667,12.0,0
120,0,0,49.0,3.0,1
60,0,1,80.875,16.0,0
90,0,1,91.41666666666669,12.0,0
90,0,1,89.25,12.0,0
90,0,2,0.0,0.0,1
90,0,0,62.333333333333336,12.0,0
60,0,2,20.0,4.0,1
180,0,0,64.0,3.0,1
120,0,1,81.75,12.0,0
90,0,2,78.57142857142857,21.0,0
60,0,1,63.333333333333336,3.0,1
60,0,2,73.0,2.0,1
60,0,0,0.0,0.0,1
120,0,2,0.0,0.0,1
90,0,1,82.07142857142857,14.0,0
120,0,0,81.58333333333333,12.0,0
60,0,1,88.72727272727273,11.0,0
90,0,2,46.66666666666666,3.0,1
120,0,1,63.2,10.0,1
60,0,0,69.0,2.0,1
90,0,0,79.25,12.0,0
60,0,2,73.91666666666667,12.0,0
120,0,0,0.0,0.0,1
90,0,2,60.0,4.0,1
60,0,0,0.0,0.0,1
60,0,2,91.16666666666669,12.0,0
90,0,1,66.16666666666667,12.0,0
60,0,0,86.0,2.0,1
60,0,2,0.0,0.0,1
60,0,0,72.0,2.0,1
60,0,0,85.08333333333333,12.0,0
60,0,2,65.0,12.0,0
120,0,2,74.0,1.0,1
60,0,0,0.0,0.0,1
90,0,1,71.33333333333333,12.0,0
90,0,1,68.38461538461539,13.0,0
120,0,2,81.3,10.0,0
60,0,2,61.0,12.0,1
90,0,0,82.5,2.0,1
60,0,2,84.0,1.0,1
120,0,0,84.91666666666667,12.0,0
60,0,2,70.0,12.0,0
120,0,2,86.08333333333333,12.0,0
60,0,1,62.5,8.0,1
60,0,0,62.0,3.0,1
90,0,1,92.83333333333331,12.0,0
60,0,2,0.0,0.0,1
60,0,2,58.53333333333333,15.0,1
60,0,0,80.0,21.0,0
120,0,0,90.41666666666669,12.0,0
90,0,0,73.08333333333333,12.0,0
120,0,2,65.5,12.0,0
90,0,0,78.5,12.0,0
90,0,1,80.41666666666667,12.0,0
120,0,0,87.91666666666667,12.0,0
90,0,1,0.0,0.0,1
60,0,2,89.41666666666667,12.0,0
60,0,0,65.0,12.0,1
60,0,0,90.0,2.0,1
60,0,1,0.0,0.0,1
90,0,2,84.25,12.0,0
60,0,0,79.0,12.0,0
60,0,2,0.0,0.0,1
60,0,2,68.63636363636364,11.0,0
60,0,0,67.0,4.0,1
60,0,0,51.0,2.0,1
120,0,2,68.58333333333333,12.0,0
60,0,2,80.0,1.0,1
120,0,0,0.0,0.0,1
120,0,0,73.53846153846153,13.0,0
120,0,0,78.0,1.0,1
90,0,2,64.0,2.0,1
120,0,0,0.0,0.0,1
60,0,0,71.58333333333333,12.0,0
90,0,2,81.9,10.0,0
60,0,0,84.41666666666667,12.0,0
120,0,0,74.25,8.0,1
60,0,2,88.83333333333333,12.0,0
60,0,0,81.75,12.0,0
60,0,0,0.0,0.0,1
60,0,0,84.91666666666667,12.0,0
60,0,2,0.0,0.0,1
60,0,2,54.0,1.0,1
90,0,0,89.33333333333333,12.0,0
180,0,2,81.25,4.0,1
90,0,1,87.91666666666667,12.0,0
120,0,0,61.333333333333336,12.0,0
150,0,1,67.33333333333333,3.0,1
150,0,0,84.75,12.0,0
120,0,0,0.0,0.0,1
60,0,2,85.0,3.0,1
120,0,2,68.54545454545455,11.0,0
60,0,1,88.33333333333333,12.0,0
90,0,1,63.083333333333336,12.0,1
90,0,0,82.58333333333333,12.0,0
120,0,0,67.0,3.0,1
60,0,1,58.0,2.0,1
120,0,2,90.66666666666669,12.0,0
120,0,0,68.46666666666667,15.0,1
120,0,2,68.0,1.0,1
60,0,2,70.91666666666667,12.0,0
90,0,2,89.16666666666667,12.0,0
90,0,2,62.85714285714285,7.0,1
180,0,1,0.0,0.0,1
120,0,0,51.0,2.0,1
120,0,2,74.0,1.0,1
60,0,1,83.58333333333333,12.0,0
60,0,2,80.0,2.0,1
60,0,0,81.08333333333333,12.0,0
60,0,0,74.5,12.0,0
60,0,2,72.66666666666667,12.0,0
60,0,2,82.91666666666667,12.0,0
60,0,0,67.0,4.0,1
120,0,2,76.25,12.0,0
60,0,0,77.33333333333333,21.0,0
120,0,2,0.0,0.0,1
60,0,0,73.63636363636364,11.0,0
90,0,0,78.5,12.0,0
60,0,2,87.16666666666667,12.0,0
60,0,0,85.16666666666667,12.0,0
60,0,0,91.16666666666669,12.0,0
60,0,0,84.72727272727273,11.0,0
60,0,0,85.16666666666667,12.0,0
120,0,2,56.0625,16.0,1
120,0,2,0.0,0.0,1
120,0,2,65.0,8.0,1
90,0,2,65.0,8.0,1
120,0,2,69.0,4.0,1
120,0,0,77.0909090909091,11.0,0
90,0,2,60.0,2.0,1
60,0,2,58.0,2.0,1
120,0,0,0.0,0.0,1
60,0,0,77.23076923076923,13.0,0
90,0,0,76.25,12.0,1
150,0,0,78.5,12.0,0
60,0,2,0.0,0.0,1
120,0,2,93.0,12.0,0
90,0,0,82.0,2.0,1
90,0,0,80.0,2.0,1
60,0,0,71.25,4.0,1
60,0,2,63.0,2.0,1
60,0,2,0.0,0.0,1
120,0,0,74.83333333333333,12.0,0
60,0,0,69.5,12.0,0
60,0,1,84.33333333333333,12.0,0
150,0,0,63.11111111111112,9.0,0
120,0,0,76.9090909090909,11.0,0
60,0,0,84.83333333333333,12.0,0
120,0,2,75.0,12.0,0
60,0,2,0.0,0.0,1
60,0,0,80.0,2.0,1
120,0,1,89.91666666666667,12.0,0
120,0,0,0.0,0.0,1
60,0,0,81.0,2.0,1
60,0,1,64.5,6.0,1
120,0,1,0.0,0.0,1
120,0,0,70.66666666666667,12.0,0
60,0,1,83.41666666666667,12.0,0
60,0,2,65.41666666666667,12.0,0
150,0,3,86.5,2.0,1
60,0,2,0.0,0.0,1
60,0,0,0.0,0.0,1
90,0,1,87.66666666666667,12.0,0
240,0,2,36.6,5.0,1
60,0,1,66.58333333333333,12.0,0
120,0,0,52.6,5.0,1
60,0,2,0.0,0.0,1
120,0,0,58.0,12.0,1
60,0,0,87.66666666666667,12.0,0
60,0,2,75.64285714285714,14.0,0
120,0,2,82.16666666666667,12.0,0
90,0,1,91.42857142857144,21.0,0
120,0,1,65.75,12.0,0
120,0,0,79.08333333333333,12.0,0
120,0,0,84.08333333333333,12.0,0
60,0,1,90.75,16.0,0
120,0,2,79.25,12.0,0
60,0,0,39.8,5.0,1
120,0,0,94.0,1.0,1
60,0,0,0.0,0.0,1
90,0,2,70.0,1.0,1
60,0,2,65.25,12.0,1
180,0,1,59.25,12.0,0
60,0,1,85.33333333333333,12.0,0
90,0,2,79.91666666666667,12.0,1
60,0,0,68.0,12.0,0
60,0,1,34.0,5.0,1
60,0,0,81.41666666666667,12.0,0
120,0,0,71.0,2.0,1
60,0,1,90.5,12.0,0
60,0,0,82.0,10.0,0
60,0,2,0.0,0.0,1
120,0,2,86.66666666666667,12.0,0
60,0,2,0.0,0.0,1
120,0,2,71.58333333333333,12.0,1
120,0,0,72.0,1.0,1
60,0,2,88.0,1.0,1
60,0,0,86.83333333333333,6.0,1
60,0,0,75.0,3.0,1
90,0,2,90.52380952380952,21.0,0
90,0,2,68.0,1.0,1
90,0,4,76.0,1.0,1
60,0,2,0.0,0.0,1
60,0,0,83.91666666666667,12.0,0
60,0,2,75.27272727272727,11.0,0
60,0,2,0.0,0.0,1
120,0,2,90.75,12.0,0
60,0,1,77.33333333333333,12.0,0
150,0,2,0.0,0.0,1
90,0,2,72.0,5.0,1
90,0,1,93.75,12.0,0
60,0,1,59.083333333333336,12.0,1
150,0,0,56.0,1.0,1
60,0,2,69.08333333333333,12.0,0
120,0,2,0.0,0.0,1
60,0,0,59.0,2.0,1
60,0,4,81.76190476190476,21.0,0
90,0,0,89.47619047619048,21.0,0
60,0,1,0.0,0.0,1
60,0,0,69.66666666666667,12.0,0
90,0,2,52.333333333333336,3.0,1
90,0,2,71.0,2.0,1
60,0,1,50.0,1.0,1
60,0,1,90.58333333333331,12.0,0
120,0,0,78.0,2.0,1
90,0,2,82.0,4.0,1
90,0,2,70.0,1.0,1
60,0,2,73.08333333333333,12.0,0
90,0,3,0.0,0.0,1
60,0,0,74.0,2.0,1
120,0,1,0.0,0.0,1
60,0,0,0.0,0.0,1
90,0,0,87.58333333333333,12.0,0
150,0,0,52.0,2.0,1
150,0,0,89.33333333333333,12.0,0
60,0,2,66.11764705882354,17.0,1
120,0,0,75.83333333333333,12.0,0
60,0,0,88.91666666666667,12.0,0
120,0,0,74.0,12.0,0
60,0,1,78.41666666666667,12.0,0
180,0,1,75.33333333333333,6.0,1
90,0,0,88.75,12.0,0
90,0,1,57.75,4.0,1
60,0,2,58.0,4.0,1
90,0,2,0.0,0.0,1
60,0,3,0.0,0.0,1
120,0,1,77.58333333333333,12.0,0
90,0,0,76.0,1.0,1
120,0,2,57.0,5.0,1
60,0,0,0.0,0.0,1
180,0,2,76.25,12.0,0
120,0,0,79.66666666666667,12.0,0
60,0,2,85.08333333333333,12.0,0
90,0,0,66.94736842105263,19.0,0
120,0,0,0.0,0.0,1
120,0,2,74.91666666666667,12.0,0
60,0,2,0.0,0.0,1
60,0,2,0.0,0.0,1
60,0,2,63.80952380952381,21.0,0
60,0,0,76.75,12.0,0
120,0,0,70.75,4.0,1
90,0,0,70.66666666666667,12.0,1
60,0,0,76.75,12.0,0
120,0,0,74.6,20.0,0
120,0,0,67.5,12.0,0
120,0,4,77.75,4.0,1
120,0,0,76.33333333333333,6.0,1
60,0,0,77.71428571428571,7.0,0
60,0,0,74.25,12.0,0
60,0,0,86.58333333333333,12.0,0
90,0,2,0.0,0.0,1
60,0,1,70.83333333333333,12.0,0
60,0,0,0.0,0.0,1
90,0,1,74.2,5.0,1
60,0,0,79.83333333333333,12.0,0
120,0,1,91.25,12.0,0
120,0,0,92.8095238095238,21.0,0
60,0,0,83.5,2.0,1
90,0,0,86.5,12.0,0
60,0,0,0.0,0.0,1
60,0,1,96.0,2.0,1
60,0,1,81.66666666666667,12.0,0
60,0,1,64.5,2.0,1
60,0,0,81.5,12.0,0
60,0,4,84.0,1.0,1
60,0,0,50.0,1.0,1
60,0,0,94.66666666666669,21.0,0
90,0,2,47.333333333333336,3.0,1
60,0,2,59.16666666666666,12.0,0
60,0,2,67.66666666666667,6.0,1
60,0,2,66.0,1.0,1
60,0,1,85.33333333333333,12.0,0
240,0,0,54.3,20.0,1
60,0,2,76.08333333333333,12.0,0
150,0,0,50.66666666666666,12.0,0
60,0,1,87.66666666666667,12.0,0
120,0,0,77.15789473684211,19.0,0
60,0,2,63.5,12.0,0
60,0,1,0.0,0.0,1
60,0,2,69.36363636363636,11.0,0
120,0,0,76.9090909090909,11.0,0
90,0,2,74.18181818181819,11.0,0
120,0,0,83.75,12.0,0
60,0,1,87.4,5.0,1
90,0,2,86.08333333333333,12.0,0
60,0,1,76.0,12.0,0
60,0,2,0.0,0.0,1
60,0,0,75.5,4.0,1
120,0,2,93.11111111111111,9.0,1
60,0,2,48.0,1.0,1
90,0,2,76.6,5.0,1
60,0,0,62.0,11.0,0
60,0,0,73.9047619047619,21.0,0
120,0,2,80.33333333333333,12.0,0
60,0,1,88.66666666666667,12.0,0
90,0,2,0.0,0.0,1
60,0,1,80.0,1.0,1
120,0,2,80.0,1.0,1
60,0,2,74.0,2.0,1
60,0,0,76.66666666666667,12.0,0
60,0,2,81.08333333333333,12.0,0
120,0,2,51.0,2.0,1
60,0,1,0.0,0.0,1
60,0,1,90.16666666666669,12.0,0
240,0,2,66.66666666666667,3.0,1
90,0,2,74.0,4.0,1
90,0,1,64.25,12.0,0
60,0,1,90.83333333333331,12.0,0
60,0,1,81.25,8.0,1
60,0,0,94.83333333333331,12.0,0
120,0,1,84.0,12.0,0
60,1,0,74.41666666666667,12.0,1
90,0,1,89.16666666666667,12.0,0
120,0,1,93.75,12.0,0
150,0,1,92.0,12.0,0
120,0,0,91.66666666666669,12.0,0
60,0,1,0.0,0.0,1
60,0,2,69.0,2.0,1
90,0,1,84.83333333333333,12.0,0
60,0,0,88.5,8.0,0
60,0,1,76.0,2.0,1
180,0,2,90.41666666666669,12.0,0
60,1,2,88.0,1.0,1
60,1,2,75.58333333333333,12.0,0
60,0,1,86.0,12.0,0
60,1,1,80.0,1.0,1
60,0,2,24.0,1.0,1
60,0,0,74.33333333333333,12.0,1
60,0,0,85.25,12.0,0
120,0,0,84.25,12.0,0
60,0,2,91.0,12.0,0
60,0,0,74.0,1.0,1
90,0,1,80.91666666666667,12.0,0
90,0,2,79.58333333333333,12.0,0
60,0,1,0.0,0.0,1
60,0,0,0.0,0.0,1
60,0,1,79.25,12.0,0
60,1,2,0.0,0.0,1
60,0,2,93.16666666666669,12.0,0
60,0,2,88.33333333333333,3.0,1
60,0,2,64.5,18.0,0
60,0,1,83.83333333333333,12.0,0
60,0,0,96.0,12.0,0
60,0,0,90.91666666666669,12.0,0
90,0,1,81.0,4.0,1
90,0,1,83.33333333333333,12.0,0
60,0,0,90.58333333333331,12.0,0
120,0,2,80.42857142857143,7.0,1
60,0,1,90.5,12.0,0
270,0,0,90.27272727272728,11.0,0
120,0,2,0.0,0.0,1
60,0,0,65.14285714285714,14.0,0
60,0,0,81.0,6.0,1
120,0,0,88.76190476190476,21.0,0
120,0,2,0.0,0.0,1
60,0,1,0.0,0.0,1
120,1,0,87.5,12.0,0
240,0,0,0.0,0.0,1
60,0,1,87.83333333333333,12.0,0
100,0,0,75.41666666666667,12.0,0
60,0,1,0.0,0.0,1
60,0,2,0.0,0.0,1
360,0,0,62.333333333333336,12.0,1
120,0,2,0.0,0.0,1
75,0,0,0.0,0.0,1
60,0,2,69.75,12.0,0
60,0,0,94.93333333333334,15.0,1
90,0,1,59.0,2.0,1
60,0,2,78.91666666666667,12.0,0
150,0,2,86.0,12.0,0
60,0,2,81.83333333333333,12.0,0
120,0,0,59.0,4.0,1
120,0,2,0.0,0.0,1
60,1,2,77.25,12.0,0
120,0,0,79.85714285714286,7.0,1
60,0,0,82.95238095238095,21.0,0
60,0,1,0.0,0.0,1
120,0,0,64.75,12.0,0
90,1,0,69.0,12.0,0
90,0,0,79.91666666666667,12.0,1
120,0,2,82.91666666666667,12.0,0
60,0,2,81.66666666666667,12.0,0
60,0,2,86.0,2.0,1
60,1,0,47.5,8.0,1
90,0,0,75.16666666666667,12.0,0
120,0,1,53.5,12.0,1
120,0,0,92.0,8.0,1
90,0,1,73.66666666666667,12.0,1
60,0,1,83.0952380952381,21.0,0
180,0,2,76.16666666666667,12.0,0
120,0,2,74.9090909090909,11.0,0
90,0,0,81.71428571428571,21.0,0
60,0,2,61.66666666666666,12.0,0
90,0,0,80.08333333333333,12.0,0
60,0,1,92.58333333333331,12.0,0
60,0,2,87.5,4.0,1
90,2,2,77.66666666666667,3.0,1
60,0,0,75.25,4.0,1
60,0,0,42.75,8.0,1
60,0,2,66.4,5.0,1
60,0,0,88.33333333333333,12.0,0
90,0,0,67.0,3.0,1
60,0,2,59.625,8.0,1
180,0,0,78.33333333333333,12.0,0
180,2,0,51.6,5.0,1
90,0,0,87.41666666666667,12.0,0
120,0,2,92.58333333333331,12.0,0
145,0,1,92.0,3.0,1
60,0,1,92.0,2.0,1
60,0,0,91.83333333333331,12.0,0
60,0,2,68.0,1.0,1
120,1,2,75.66666666666667,12.0,0
90,0,0,65.41666666666667,12.0,0
60,0,2,87.25,12.0,0
60,0,1,82.0,12.0,0
60,0,2,90.0,1.0,1
60,0,1,84.41666666666667,12.0,0
60,0,0,54.66666666666666,6.0,1
120,1,2,71.58333333333333,12.0,0
60,0,1,83.08333333333333,12.0,0
120,1,0,0.0,0.0,1
90,0,2,0.0,0.0,1
120,0,0,20.0,1.0,1
70,0,1,79.25,12.0,0
150,2,1,0.0,0.0,1
60,0,2,81.08333333333333,12.0,0
90,0,0,93.16666666666669,12.0,0
60,0,0,61.833333333333336,12.0,0
60,1,0,85.33333333333333,12.0,0
90,0,2,64.0,11.0,0
90,0,2,90.16666666666669,12.0,0
60,1,2,76.25,12.0,0
60,0,0,93.66666666666669,12.0,0
60,0,2,0.0,0.0,1
90,0,1,81.0,1.0,1
60,0,2,88.5,12.0,0
120,0,0,77.0,11.0,0
210,0,0,87.83333333333333,12.0,0
60,1,2,68.72727272727273,11.0,1
90,0,2,0.0,0.0,1
60,0,2,90.15384615384616,13.0,0
60,0,1,89.16666666666667,12.0,0
60,0,0,77.91666666666667,12.0,0
60,1,2,0.0,0.0,1
120,1,0,0.0,0.0,1
60,0,2,0.0,0.0,1
60,2,2,52.77777777777778,9.0,1
120,0,0,39.66666666666666,3.0,1
60,1,0,0.0,0.0,1
240,0,2,80.0,1.0,1
60,0,2,56.41666666666666,12.0,0
60,0,2,68.75,12.0,0
120,0,0,79.91666666666667,12.0,0
60,0,1,0.0,0.0,1
60,0,0,83.41666666666667,12.0,0
60,0,0,92.08333333333331,12.0,0
60,0,2,0.0,0.0,1
150,0,0,79.0,12.0,0
90,2,0,56.25,8.0,1
90,0,2,78.83333333333333,12.0,0
60,0,1,76.5,12.0,0
60,0,0,84.0,2.0,1
60,0,0,81.0909090909091,11.0,0
210,0,2,90.91666666666669,12.0,0
60,0,1,0.0,0.0,1
120,0,2,69.0,2.0,1
60,0,0,65.41666666666667,12.0,0
90,1,1,72.18181818181819,11.0,0
150,0,2,77.91666666666667,12.0,0
90,0,2,79.21428571428571,14.0,0
240,0,2,40.0,2.0,1
60,0,0,30.4,5.0,1
195,0,2,72.16666666666667,12.0,0
120,1,1,70.5,6.0,1
120,0,0,78.25,12.0,0
60,0,0,86.42105263157895,19.0,0
120,0,2,0.0,0.0,1
210,1,0,77.36363636363636,11.0,0
60,0,1,88.41666666666667,12.0,0
60,4,1,84.5,12.0,0
210,0,2,72.0,1.0,1
90,0,2,85.5,12.0,0
90,0,0,78.85,20.0,0
90,0,0,81.33333333333333,12.0,0
60,0,0,75.0,3.0,1
90,0,0,71.0,2.0,1
60,0,2,18.25,4.0,1
120,1,1,76.41666666666667,12.0,0
60,0,2,0.0,0.0,1
120,0,0,39.5,4.0,1
90,0,0,87.08333333333333,12.0,0
60,0,2,81.18181818181819,11.0,0
90,0,1,87.33333333333333,12.0,0
60,0,2,86.0,12.0,0
60,0,0,79.83333333333333,12.0,0
180,0,2,0.0,0.0,1
210,0,0,44.5,4.0,1
60,0,1,74.92307692307692,13.0,1
60,0,1,83.66666666666667,12.0,0
150,0,0,71.75,12.0,0
60,0,2,57.083333333333336,12.0,0
120,0,1,62.4,5.0,1
60,2,2,79.16666666666667,12.0,0
60,0,1,0.0,0.0,1
60,0,2,0.0,0.0,1
120,0,0,69.83333333333333,12.0,0
60,0,0,84.6470588235294,17.0,0
150,0,4,91.9,20.0,0
60,2,1,0.0,0.0,1
60,0,0,80.0,3.0,1
60,0,0,83.17647058823529,17.0,0
140,0,1,77.25,12.0,0
60,0,0,90.8,5.0,1
120,0,0,53.66666666666666,12.0,1
60,0,0,0.0,0.0,1
180,0,1,75.16666666666667,12.0,0
60,0,1,59.0,2.0,1
180,4,0,75.33333333333333,3.0,1
60,0,2,72.75,4.0,1
90,0,1,91.5,12.0,0
60,0,2,0.0,0.0,1
60,0,1,85.75,12.0,0
60,0,2,88.0,1.0,1
120,2,0,90.0,2.0,1
60,1,2,80.5,12.0,0
240,0,1,61.083333333333336,12.0,0
60,0,0,0.0,0.0,1
90,0,1,79.08333333333333,12.0,0
60,1,2,0.0,0.0,1
120,0,3,0.0,0.0,1
60,0,1,80.0,2.0,1
60,1,2,83.0909090909091,11.0,0
60,0,2,80.375,16.0,1
90,0,2,83.25,12.0,0
60,1,0,58.76923076923077,13.0,0
60,1,2,60.333333333333336,6.0,1
60,0,0,66.0,2.0,1
60,0,0,83.83333333333333,12.0,0
60,2,2,86.0,1.0,1
120,0,2,69.0,2.0,1
90,1,2,86.5,4.0,1
60,0,3,0.0,0.0,1
120,0,2,74.375,24.0,1
60,0,2,78.66666666666667,12.0,0
90,0,1,89.25,12.0,0
60,0,2,0.0,0.0,1
120,0,2,52.0,12.0,1
60,0,1,82.08333333333333,12.0,0
60,0,0,70.0,2.0,1
120,0,0,71.33333333333333,12.0,0
180,1,2,87.25,4.0,1
150,1,0,84.0,1.0,1
60,0,2,74.0,2.0,1
120,0,2,67.45454545454545,11.0,0
120,1,0,78.45454545454545,11.0,0
60,0,2,0.0,0.0,1
60,0,1,94.57142857142856,21.0,0
60,0,0,84.75,12.0,0
60,0,1,86.46153846153847,13.0,0
120,1,0,74.58333333333333,12.0,0
60,1,0,79.0,19.0,0
120,0,2,74.0,1.0,1
120,0,2,0.0,0.0,1
60,0,2,0.0,0.0,1
60,0,2,78.5,2.0,1
120,1,0,80.58333333333333,12.0,0
120,0,1,77.36363636363636,11.0,0
120,0,2,86.0,1.0,1
120,0,0,68.33333333333333,6.0,1
90,2,2,75.66666666666667,18.0,0
60,0,0,57.0,2.0,1
60,0,2,0.0,0.0,1
60,0,2,65.0,4.0,1
60,0,0,78.08333333333333,12.0,0
120,0,0,75.47058823529412,17.0,0
60,0,1,74.0,4.0,1
90,0,2,91.75,8.0,1
90,0,3,84.0,2.0,1
60,0,0,80.5,6.0,1
180,1,2,0.0,0.0,1
120,0,3,68.66666666666667,12.0,0
60,0,2,91.5,12.0,0
120,1,2,80.5,6.0,1
60,0,2,67.25,4.0,1
90,1,0,0.0,0.0,1
90,0,0,0.0,0.0,1
60,0,0,90.16666666666669,12.0,0
90,0,0,92.08333333333331,12.0,0
60,0,2,0.0,0.0,1
120,0,0,0.0,0.0,1
60,0,0,80.75,12.0,0
60,0,0,85.58333333333333,12.0,0
60,0,0,77.33333333333333,12.0,0
60,0,0,82.66666666666667,12.0,0
60,0,0,69.6842105263158,19.0,0
60,0,2,70.0,12.0,0
120,0,2,88.19047619047619,21.0,0
60,0,1,62.0,12.0,1
120,1,1,89.5,14.0,0
120,1,2,74.33333333333333,12.0,0
90,0,1,70.45454545454545,11.0,0
90,0,0,83.58333333333333,12.0,1
120,0,3,0.0,0.0,1
60,1,0,84.33333333333333,12.0,0
210,4,2,50.0,2.0,1
60,0,2,61.333333333333336,12.0,0
60,0,2,76.44444444444444,9.0,1
60,0,0,70.25,12.0,0
180,0,2,0.0,0.0,1
150,0,2,0.0,0.0,1
60,0,2,71.8,10.0,1
60,0,1,53.75,4.0,1
120,3,0,0.0,1.0,1
60,2,2,56.25,12.0,0
60,0,0,0.0,0.0,1
150,0,2,81.83333333333333,12.0,0
120,0,1,65.16666666666667,12.0,1
60,0,1,89.0,3.0,1
60,0,0,72.08333333333333,12.0,1
120,0,0,89.5,12.0,0
90,0,2,0.0,0.0,1
90,0,1,81.81818181818181,11.0,0
90,0,2,79.63636363636364,11.0,0
180,2,4,0.0,0.0,1
120,0,0,73.5,12.0,0
120,0,0,91.16666666666669,12.0,1
90,0,0,0.0,0.0,1
60,1,0,59.75,4.0,1
180,1,2,69.57142857142857,7.0,1
60,0,2,73.08333333333333,12.0,0
60,0,2,78.27272727272727,11.0,0
60,0,0,59.583333333333336,12.0,1
60,0,2,85.41666666666667,12.0,0
150,0,2,70.08333333333333,12.0,0
180,0,0,71.33333333333333,12.0,0
90,1,2,74.72727272727273,11.0,1
90,0,0,51.0,4.0,1
60,0,1,80.16666666666667,12.0,0
180,1,0,51.583333333333336,12.0,1
60,0,0,88.08333333333333,12.0,0
60,0,0,79.75,12.0,0
90,0,1,0.0,0.0,1
180,5,2,0.0,0.0,1
120,1,0,70.66666666666667,12.0,0
90,0,2,78.91666666666667,12.0,0
120,0,1,73.66666666666667,12.0,0
60,0,2,64.2,5.0,1
90,0,0,75.54545454545455,11.0,0
150,1,1,77.58333333333333,12.0,0
120,0,2,64.7,20.0,0
60,0,0,75.0,2.0,1
60,0,0,87.9090909090909,11.0,0
90,0,2,85.6,5.0,1
120,0,1,55.0,3.0,1
60,0,0,85.5,12.0,0
120,1,2,0.0,0.0,1
60,2,2,0.0,0.0,1
60,1,0,74.88888888888889,18.0,1
120,2,0,74.58333333333333,12.0,0
90,0,2,85.0,12.0,0
120,0,0,84.91666666666667,12.0,0
60,2,2,65.83333333333333,12.0,1
90,0,0,58.66666666666666,3.0,1
120,0,0,0.0,0.0,1
60,0,0,80.0,4.0,1
180,0,0,71.0,17.0,0
60,0,2,83.75,12.0,0
60,0,1,65.75,12.0,0
180,1,0,0.0,0.0,1
60,0,0,0.0,0.0,1
60,0,1,0.0,0.0,1
120,0,1,77.8125,16.0,0
60,0,0,69.0909090909091,11.0,1
75,0,0,77.58333333333333,12.0,0
60,0,0,86.5,12.0,0
60,0,1,90.08333333333331,12.0,0
60,0,0,65.91666666666667,12.0,0
90,1,2,71.33333333333333,3.0,1
180,1,0,64.0,2.0,1
120,0,0,79.66666666666667,12.0,0
120,4,0,78.58333333333333,12.0,0
180,3,0,57.66666666666666,18.0,0
60,0,2,62.75,12.0,0
60,0,2,0.0,0.0,1
60,0,0,66.11111111111111,9.0,0
120,1,2,63.083333333333336,12.0,0
90,0,0,0.0,0.0,1
90,0,0,81.0,12.0,0
60,0,1,65.75,4.0,1
60,2,0,81.75,12.0,1
180,1,2,0.0,0.0,1
60,0,2,59.5,4.0,1
60,0,1,76.0,4.0,1
150,1,2,47.25,16.0,1
120,0,0,0.0,0.0,1
120,1,3,66.0,1.0,1
150,3,1,54.0,3.0,1
60,0,2,60.0,1.0,1
60,0,0,55.333333333333336,12.0,1
60,0,0,83.41666666666667,12.0,0
60,0,0,80.375,16.0,0
60,0,0,85.33333333333333,3.0,1
90,1,3,49.333333333333336,3.0,1
90,0,1,0.0,0.0,1
60,1,1,67.23076923076923,13.0,0
120,0,4,85.08333333333333,12.0,0
60,1,2,40.0,2.0,1
90,0,0,89.77777777777777,9.0,0
60,1,0,82.16666666666667,12.0,0
60,0,2,45.8,5.0,1
60,0,2,0.0,0.0,1
120,0,2,0.0,0.0,1
60,0,0,0.0,0.0,1
60,0,4,86.47619047619048,21.0,0
60,0,1,87.91666666666667,12.0,0
90,0,2,49.25,12.0,1
60,1,0,0.0,0.0,1
90,0,2,73.75,4.0,1
60,0,1,76.08333333333333,12.0,0
120,2,0,0.0,0.0,1
90,0,0,78.91666666666667,12.0,0
120,2,0,81.66666666666667,12.0,0
120,2,0,59.45454545454545,11.0,1
120,0,0,74.33333333333333,12.0,0
60,0,2,72.5,12.0,0
60,0,0,92.33333333333331,12.0,0
60,0,2,69.66666666666667,12.0,0
60,2,0,81.0,17.0,0
60,0,2,51.0,2.0,1
120,1,0,52.0,2.0,1
120,3,2,72.66666666666667,3.0,1
180,2,2,72.33333333333333,6.0,1
60,0,2,76.0,1.0,1
60,1,0,60.91666666666666,12.0,1
180,1,2,71.25,12.0,1
60,0,0,82.75,12.0,0
120,2,1,76.71428571428571,14.0,1
120,2,0,80.0,3.0,1
60,0,0,69.75,12.0,0
60,0,1,92.71428571428572,7.0,1
90,0,2,68.25,4.0,1
120,0,1,75.8,5.0,1
120,1,0,76.0,2.0,1
90,0,2,0.0,0.0,1
210,0,0,78.36363636363636,11.0,0
270,1,0,0.0,0.0,1
210,1,2,72.33333333333333,12.0,0
60,0,0,76.0,2.0,1
120,0,0,70.33333333333333,12.0,1
60,0,0,90.75,12.0,0
270,0,0,55.16666666666666,12.0,0
60,1,0,77.0,17.0,0
90,1,0,85.0,12.0,0
60,0,0,72.75,12.0,0
60,1,0,0.0,0.0,1
120,0,2,0.0,0.0,1
60,1,0,78.83333333333333,12.0,0
60,1,0,60.25,4.0,1
60,0,0,63.0,12.0,0
120,0,0,91.25,12.0,0
90,0,0,50.0,2.0,1
120,0,0,86.58333333333333,12.0,0
120,3,0,75.625,8.0,1
150,2,0,0.0,0.0,1
60,0,0,0.0,0.0,1
60,0,0,88.41666666666667,12.0,0
60,0,1,63.90476190476191,21.0,0
90,1,0,54.8,15.0,0
60,0,0,78.83333333333333,12.0,0
60,0,0,77.83333333333333,12.0,0
120,1,1,0.0,0.0,1
60,0,2,64.41666666666667,12.0,0
90,0,1,79.41666666666667,12.0,0
150,0,1,86.57894736842105,19.0,0
60,0,2,71.66666666666667,3.0,1
90,1,0,0.0,0.0,1
180,3,0,84.0,1.0,1
150,0,0,78.5,12.0,0
180,0,0,78.63636363636364,11.0,0
60,0,0,83.53333333333333,15.0,0
90,1,2,59.0,2.0,1
60,1,0,83.0,4.0,1
90,0,2,0.0,0.0,1
120,0,0,0.0,0.0,1
120,1,2,82.0,1.0,1
90,1,2,0.0,0.0,1
60,0,0,69.57142857142857,21.0,0
60,0,2,74.66666666666667,3.0,1
180,2,2,60.333333333333336,3.0,1
120,1,0,91.75,12.0,0
90,0,0,82.91666666666667,12.0,0
60,0,1,60.41666666666666,12.0,0
75,0,0,88.16666666666667,12.0,0
60,2,0,0.0,0.0,1
60,0,0,0.0,0.0,1
120,0,4,77.1875,16.0,0
120,0,0,73.75,12.0,0
60,1,0,69.25,12.0,0
90,1,2,74.66666666666667,6.0,1
120,0,1,65.75,12.0,0
120,0,2,47.0,2.0,1
210,2,0,69.4,5.0,1
60,0,0,0.0,0.0,1
60,0,0,85.08333333333333,12.0,0
60,0,0,55.5,12.0,1
60,0,0,64.0,1.0,1
60,0,3,0.0,0.0,1
60,0,2,90.0,1.0,1
120,0,2,76.0,12.0,1
150,3,2,87.0,2.0,1
60,2,2,65.125,16.0,0
60,0,1,70.25,12.0,0
60,2,0,72.0,9.0,1
75,0,4,69.44444444444444,9.0,1
210,1,0,77.58333333333333,12.0,0
60,1,0,86.0,1.0,1
60,0,2,75.16666666666667,12.0,0
120,0,0,77.27272727272727,11.0,0
60,2,0,59.25,12.0,0
60,0,0,87.25,4.0,1
60,1,2,70.0,2.0,1
60,1,2,74.5,4.0,1
60,1,2,70.33333333333333,12.0,0
60,1,0,68.0,1.0,1
120,1,2,0.0,0.0,1
90,0,0,67.75,12.0,0
120,2,2,87.83333333333333,24.0,0
60,0,2,66.38888888888889,18.0,1
150,0,0,82.27272727272727,11.0,0
60,0,0,82.83333333333333,12.0,0
60,0,0,0.0,0.0,1
60,0,2,46.66666666666666,3.0,1
120,1,1,0.0,0.0,1
60,0,2,78.0,12.0,0
120,1,2,0.0,0.0,1
60,0,2,77.08333333333333,12.0,0
120,1,2,62.083333333333336,12.0,0
90,1,0,82.91666666666667,12.0,0
60,0,2,84.3,20.0,0
120,2,2,0.0,0.0,1
120,2,2,42.0,5.0,1
90,0,1,85.61904761904762,21.0,0
90,0,1,81.5,12.0,0
150,1,0,58.583333333333336,24.0,1
60,0,1,84.95,20.0,0
60,1,1,70.0,13.0,1
60,0,1,80.0,12.0,0
60,1,0,52.0,2.0,1
60,0,4,85.08333333333333,12.0,0
60,2,2,61.6,5.0,1
120,2,0,73.16666666666667,12.0,0
60,0,2,81.33333333333333,3.0,1
60,1,0,84.0,2.0,1
120,0,2,72.0,11.0,0
120,0,0,78.5,12.0,0
60,0,0,61.833333333333336,12.0,0
180,1,0,80.83333333333333,12.0,1
120,0,0,73.9090909090909,11.0,0
90,0,0,0.0,0.0,1
90,0,2,79.33333333333333,6.0,1
120,1,2,61.8,5.0,1
60,0,0,83.33333333333333,12.0,0
120,0,0,84.5,12.0,0
120,2,2,66.0,6.0,1
60,0,0,79.05555555555556,18.0,1
90,2,2,64.0,4.0,1
150,1,0,75.16666666666667,12.0,1
120,0,0,92.42857142857144,21.0,0
60,1,1,72.0,2.0,1
60,0,2,62.333333333333336,9.0,1
60,1,0,58.0,2.0,1
90,0,2,75.25,12.0,1
60,0,0,71.66666666666667,12.0,0
60,0,2,0.0,0.0,1
120,2,0,84.83333333333333,12.0,0
60,0,0,77.91666666666667,12.0,0
120,0,2,65.5,2.0,1
120,1,0,0.0,0.0,1
60,1,0,65.5,12.0,0
60,0,2,68.5,6.0,1
60,2,0,0.0,0.0,1
60,1,1,0.0,0.0,1
60,0,2,88.58333333333333,12.0,0
300,0,2,77.0,2.0,1
120,0,0,58.0,1.0,1
90,0,2,64.88888888888889,9.0,1
180,2,2,72.0,1.0,1
60,0,0,0.0,0.0,1
150,1,2,57.41666666666666,12.0,1
60,0,2,76.41666666666667,12.0,0
60,1,0,75.81818181818181,11.0,1
60,0,2,47.90909090909091,11.0,1
90,0,0,94.58333333333331,12.0,0
120,0,1,60.5,4.0,1
90,1,0,79.16666666666667,12.0,0
120,1,2,0.0,0.0,1
120,1,1,68.0,3.0,1
60,0,1,70.33333333333333,12.0,0
120,2,2,87.82352941176471,17.0,0
90,1,0,0.0,0.0,1
90,0,2,71.45454545454545,11.0,0
60,0,0,73.54545454545455,11.0,0
60,0,0,81.75,12.0,0
60,0,4,94.57142857142856,21.0,0
90,0,2,66.0,1.0,1
120,2,2,0.0,0.0,1
60,1,0,82.0,4.0,1
60,0,2,59.333333333333336,12.0,1
210,1,2,0.0,0.0,1
180,1,2,92.0,1.0,1
120,3,1,76.75,16.0,0
120,0,0,75.16666666666667,12.0,0
120,2,0,90.0,4.0,1
120,0,2,65.0,2.0,1
60,1,2,74.0,4.0,1
60,1,2,0.0,0.0,1
60,1,2,55.0,2.0,1
60,0,2,82.0,16.0,1
120,3,2,74.66666666666667,6.0,1
60,0,2,79.66666666666667,12.0,0
120,1,2,63.0,2.0,1
60,0,2,59.25,4.0,1
60,0,0,62.0,2.0,1
120,2,2,63.66666666666666,6.0,1
120,1,0,83.91666666666667,12.0,0
60,0,2,89.0,2.0,1
90,1,0,68.0,2.0,1
120,0,0,55.16666666666666,12.0,1
120,1,2,86.0,1.0,1
90,0,0,82.0,24.0,1
60,0,0,90.5,12.0,0
120,0,0,68.33333333333333,12.0,0
120,2,0,68.0,4.0,1
60,0,0,80.33333333333333,12.0,0
120,2,1,73.4,15.0,0
120,1,0,74.0,1.0,1
60,0,2,76.0,2.0,1
60,1,2,51.0,4.0,1
60,0,2,0.0,0.0,1
60,0,0,65.33333333333333,12.0,0
60,0,1,94.95238095238096,21.0,0
60,0,0,71.75,12.0,0
270,2,2,75.6,5.0,1
60,0,0,68.45454545454545,11.0,0
60,0,2,71.0,2.0,1
60,0,0,86.58333333333333,12.0,0
60,0,2,0.0,0.0,1
120,0,0,77.83333333333333,12.0,1
150,2,2,66.38461538461539,13.0,0
60,0,2,79.33333333333333,12.0,0
60,0,2,82.75,12.0,0
90,0,0,84.75,12.0,0
120,1,1,77.5,2.0,1
60,0,2,66.08333333333333,12.0,0
60,0,0,73.91666666666667,12.0,0
190,1,0,79.4,15.0,0
90,0,3,67.0909090909091,11.0,1
60,0,0,71.07692307692308,13.0,0
60,0,0,67.66666666666667,3.0,1
120,1,0,82.83333333333333,12.0,0
60,1,2,56.4,20.0,1
120,1,0,0.0,0.0,1
60,1,2,78.5,12.0,0
120,1,2,90.0,5.0,1
120,1,0,58.55,20.0,1
90,1,1,70.23529411764706,17.0,1
60,0,0,74.0,2.0,1
60,0,2,68.83333333333333,12.0,0
60,0,0,74.58333333333333,12.0,0
120,2,2,72.0,4.0,1
60,0,2,82.0,1.0,1
60,0,1,91.58333333333331,12.0,0
90,0,2,70.41666666666667,12.0,0
120,2,0,0.0,0.0,1
120,2,0,70.42857142857143,14.0,0
60,1,0,70.5,24.0,1
90,1,2,69.79166666666667,24.0,0
120,0,0,66.66666666666667,3.0,1
60,0,0,69.5,8.0,1
60,0,2,0.0,0.0,1
150,0,2,63.92307692307692,26.0,0
210,1,2,75.5,4.0,1
120,2,2,74.5,12.0,0
120,0,2,0.0,0.0,1
60,1,0,73.73684210526316,19.0,1
240,1,2,71.05,20.0,0
240,2,0,79.76470588235294,17.0,1
60,0,2,0.0,0.0,1
60,1,0,81.06666666666666,15.0,0
60,0,2,70.71428571428571,21.0,0
60,0,0,62.0,1.0,1
120,1,2,0.0,0.0,1
60,0,2,69.41666666666667,12.0,0
60,1,0,77.91666666666667,12.0,0
120,2,1,79.14285714285714,7.0,1
150,1,2,0.0,0.0,1
120,1,2,86.66666666666667,3.0,1
60,1,4,86.0,4.0,1
120,1,2,94.83333333333331,12.0,0
150,1,2,69.0,5.0,1
60,0,1,73.91666666666667,12.0,0
120,2,0,84.0625,16.0,0
120,1,1,86.0,1.0,1
120,1,2,73.75,4.0,1
120,1,0,84.65,20.0,0
60,0,2,86.0,1.0,1
120,1,2,0.0,0.0,1
60,0,1,0.0,0.0,1
180,0,0,67.13333333333334,15.0,1
150,0,0,60.0,1.0,1
60,0,2,0.0,0.0,1
60,0,0,75.41666666666667,12.0,0
60,0,2,67.08333333333333,12.0,1
120,0,2,83.5,12.0,0
120,1,0,0.0,0.0,1
60,0,0,87.5,6.0,1
120,1,0,78.08333333333333,12.0,0
120,1,2,82.25,4.0,1
120,0,1,0.0,0.0,1
60,0,0,59.0,2.0,1
90,0,0,0.0,0.0,1
60,0,2,62.66666666666666,12.0,0
120,0,2,59.0,2.0,1
150,1,0,53.41666666666666,12.0,1
90,0,0,87.16666666666667,12.0,0
120,0,2,88.58333333333333,12.0,0
60,0,3,78.45454545454545,11.0,0
240,1,0,0.0,0.0,1
60,0,0,0.0,0.0,1
60,0,2,92.0,4.0,1
60,0,2,80.0,9.0,1
60,0,0,84.91666666666667,12.0,0
60,0,2,78.16666666666667,12.0,0
60,0,0,92.5,12.0,0
120,1,2,57.25,8.0,1
120,0,2,76.0,2.0,1
210,1,2,70.57142857142857,14.0,0
120,1,2,59.66666666666666,21.0,0
150,0,1,72.42105263157895,19.0,0
120,1,0,68.33333333333333,12.0,1
150,0,0,76.71428571428571,7.0,1
120,0,0,75.08333333333333,12.0,0
90,0,0,52.0,4.0,1
90,0,2,61.16666666666666,12.0,0
120,0,0,90.25,12.0,0
120,1,1,0.0,0.0,1
120,0,2,77.33333333333333,12.0,0
180,0,0,77.33333333333333,12.0,0
60,0,0,76.0,1.0,1
240,0,2,82.0,1.0,1
120,0,1,78.83333333333333,12.0,0
180,1,2,68.5,8.0,1
180,0,1,58.57142857142857,7.0,1
60,0,0,89.0,12.0,0
120,0,0,0.0,0.0,1
60,0,0,77.0,3.0,1
90,0,2,0.0,0.0,1
120,0,0,0.0,0.0,1
120,0,2,0.0,0.0,1
120,0,0,71.0,2.0,1
180,1,2,0.0,0.0,1
60,0,2,73.0,11.0,0
90,0,0,80.9,10.0,0
150,1,0,90.16666666666669,12.0,0
90,0,0,72.0,12.0,0
120,1,0,90.33333333333331,3.0,1
120,0,2,69.0,2.0,1
60,0,2,63.5,12.0,1
60,0,0,75.16666666666667,12.0,0
120,1,2,0.0,0.0,1
300,0,2,89.0,2.0,1
180,1,1,0.0,0.0,1
90,0,0,55.86666666666667,15.0,1
60,0,0,81.6,5.0,1
90,0,0,82.5,12.0,0
90,0,0,50.0,2.0,1
90,0,1,70.66666666666667,12.0,0
180,1,2,0.0,0.0,1
60,0,2,75.0,4.0,1
120,1,0,76.0,1.0,1
240,1,2,81.25,12.0,0
120,1,2,87.08333333333333,12.0,0
180,0,2,62.0,1.0,1
60,0,3,0.0,0.0,1
180,1,1,38.0,2.0,1
60,0,2,63.16666666666666,12.0,0
60,0,2,62.75,12.0,0
240,1,2,72.5,4.0,1
150,1,1,0.0,0.0,1
120,0,0,60.16666666666666,12.0,0
120,1,2,38.0,1.0,1
210,1,2,58.5,2.0,1
60,0,2,77.0,12.0,0
180,1,0,70.25,4.0,1
60,0,1,75.66666666666667,9.0,1
210,1,0,92.5,12.0,0
90,0,2,73.6,10.0,0
60,0,0,92.66666666666669,12.0,0
60,0,0,79.41666666666667,12.0,0
120,1,0,81.0,2.0,1
90,0,2,88.5,12.0,0
60,0,2,96.38095238095238,21.0,0
180,0,2,67.6,5.0,1
180,0,2,76.0,12.0,0
60,0,0,79.5,12.0,0
60,0,2,62.0,2.0,1
120,1,2,87.33333333333333,6.0,1
180,1,1,0.0,0.0,1
210,1,2,70.25,12.0,0
120,0,2,59.5,12.0,1
90,0,2,0.0,0.0,1
60,0,2,72.33333333333333,3.0,1
60,0,2,73.41666666666667,12.0,1
120,0,0,78.28571428571429,14.0,1
60,0,0,60.8,5.0,1
60,0,0,56.75,4.0,1
90,0,0,85.66666666666667,12.0,0
240,1,1,67.21052631578948,19.0,1
180,1,0,0.0,0.0,1
180,1,2,80.66666666666667,3.0,1
120,0,2,65.0,2.0,1
90,0,2,79.16666666666667,12.0,1
120,1,0,84.0,2.0,1
90,0,0,75.0,12.0,1
120,1,2,86.25,12.0,0
90,0,2,54.285714285714285,14.0,1
120,0,2,58.25,12.0,1
90,0,2,60.5625,16.0,1
60,0,0,72.16666666666667,18.0,0
60,0,2,63.0,2.0,1
150,1,1,87.2,5.0,1
60,0,1,0.0,0.0,1
120,1,2,0.0,0.0,1
120,1,0,84.75,16.0,0
180,1,2,62.5,12.0,1
60,0,2,86.33333333333333,12.0,1
60,0,0,74.66666666666667,12.0,0
180,1,0,65.83333333333333,12.0,0
60,0,0,0.0,0.0,1
90,0,2,76.0,2.0,1
240,1,1,66.91666666666667,12.0,1
150,1,2,63.25,4.0,1
60,0,2,86.5,12.0,0
60,0,1,84.0,3.0,1
60,0,2,78.0,1.0,1
120,1,2,65.0,2.0,1
120,1,0,71.0,4.0,1
60,0,0,67.25,4.0,1
90,0,0,77.41666666666667,12.0,0
120,1,2,47.0,2.0,1
120,0,1,61.05263157894737,19.0,0
210,1,2,82.0,1.0,1
150,1,1,68.0,3.0,1
60,0,2,0.0,0.0,1
60,0,0,95.33333333333331,12.0,0
180,1,0,57.66666666666666,12.0,0
60,0,0,80.19047619047619,21.0,0
90,0,2,66.58333333333333,12.0,0
90,0,2,0.0,0.0,1
120,1,1,0.0,0.0,1
120,0,2,75.0952380952381,21.0,0
60,0,0,64.57894736842105,19.0,0
60,0,0,77.0,4.0,1
60,0,2,84.5,12.0,0
60,0,2,95.91666666666669,12.0,0
120,0,2,0.0,0.0,1
60,0,0,57.083333333333336,12.0,0
90,0,2,60.588235294117645,17.0,1
60,0,0,74.0,1.0,1
90,0,0,0.0,0.0,1
60,0,0,58.85714285714285,7.0,1
120,0,2,86.83333333333333,12.0,0
180,1,2,0.0,0.0,1
60,0,2,57.41666666666666,12.0,1
120,1,2,0.0,0.0,1
120,1,2,0.0,0.0,1
120,0,2,81.5625,16.0,0
60,0,2,75.0,2.0,1
180,1,2,81.25,4.0,1
60,0,1,88.75,12.0,0
120,0,2,66.08333333333333,12.0,1
90,0,2,92.41666666666669,12.0,0
60,0,1,81.25,12.0,0
120,1,0,68.46666666666667,15.0,0
60,0,2,81.58333333333333,12.0,0
60,0,1,71.0,2.0,1
90,0,2,45.0,2.0,1
60,0,0,84.0,12.0,0
60,0,0,70.5,12.0,1
120,1,2,56.0625,16.0,1
60,0,0,68.42857142857143,7.0,1
60,0,0,87.75,12.0,0
90,0,0,86.0,1.0,1
60,0,0,63.0,12.0,1
90,0,3,0.0,0.0,1
60,0,0,83.9090909090909,11.0,0
90,0,0,70.91666666666667,12.0,1
120,0,0,0.0,0.0,1
90,0,3,84.83333333333333,12.0,0
120,1,1,0.0,0.0,1
60,0,2,80.66666666666667,3.0,1
240,1,2,36.6,5.0,1
60,0,0,76.25,12.0,0
120,0,0,70.0,1.0,1
180,0,0,78.91666666666667,12.0,0
60,0,0,77.0,12.0,0
60,0,2,67.0,2.0,1
90,0,0,0.0,0.0,1
120,1,0,72.0,1.0,1
60,0,1,68.88888888888889,9.0,0
90,0,2,87.83333333333333,12.0,0
150,1,2,0.0,0.0,1
120,1,1,0.0,0.0,1
150,1,0,56.0,1.0,1
60,0,2,69.91666666666667,12.0,0
60,0,2,75.0,12.0,0
240,1,1,81.42857142857143,21.0,0
120,1,2,46.0,3.0,1
150,1,0,76.58333333333333,12.0,0
60,0,2,68.41666666666667,12.0,1
180,1,1,75.33333333333333,6.0,1
75,0,2,0.0,0.0,1
120,1,0,0.0,0.0,1
120,1,0,70.75,4.0,1
120,1,4,77.75,4.0,1
60,0,2,90.0625,16.0,0
120,0,2,76.0,2.0,1
60,0,2,74.33333333333333,3.0,1
90,0,2,58.25,4.0,1
240,1,0,54.3,20.0,0
60,0,2,72.91666666666667,12.0,0
60,0,2,0.0,0.0,1
60,0,2,83.25,12.0,0
60,0,0,82.41666666666667,12.0,0
120,0,0,68.91666666666667,12.0,0
120,0,0,73.66666666666667,12.0,0
120,1,0,79.0,4.0,1
210,0,0,88.75,12.0,0
120,0,2,67.9090909090909,11.0,0
240,1,2,66.66666666666667,3.0,1
120,0,0,74.91666666666667,12.0,0
60,0,2,94.0,1.0,1
60,0,2,62.0,4.0,1
60,0,0,87.66666666666667,21.0,0
60,0,0,0.0,0.0,1
60,0,1,81.66666666666667,12.0,0
60,0,0,74.0,12.0,0
90,0,1,38.0,2.0,1
60,0,2,78.0,12.0,0
60,0,1,89.0,2.0,1
60,0,2,92.8095238095238,21.0,0
60,0,2,0.0,0.0,1
60,0,2,0.0,2.0,1
90,0,1,69.08333333333333,12.0,0
90,0,0,0.0,0.0,1
180,0,0,0.0,0.0,1
75,0,2,0.0,0.0,1
120,0,0,78.08333333333333,12.0,0
120,0,0,91.0,12.0,0
120,0,0,89.58333333333333,12.0,0
120,0,0,82.75,12.0,0
120,0,0,83.75,12.0,0
120,0,0,91.5,12.0,0
120,0,1,83.5,12.0,0
120,0,0,77.0,12.0,0
120,0,0,82.0,12.0,0
120,0,0,84.58333333333333,12.0,0
120,0,0,87.16666666666667,12.0,0
60,0,2,98.0,1.0,1
60,0,2,88.0,7.0,1
60,0,2,71.5,6.0,1
60,0,0,69.91666666666667,12.0,1
60,0,0,0.0,0.0,1
60,0,2,57.333333333333336,6.0,1
60,0,2,59.583333333333336,12.0,1
60,0,2,62.333333333333336,3.0,1
60,0,0,0.0,0.0,1
60,0,0,0.0,0.0,1
60,0,0,85.0,2.0,1
60,0,2,51.5,4.0,1
60,0,2,74.83333333333333,12.0,0
60,0,2,0.0,0.0,1
90,0,2,0.0,0.0,1
120,0,2,79.75,4.0,1
60,0,0,85.0,4.0,1
90,0,2,72.80952380952381,21.0,0
60,0,2,72.83333333333333,12.0,0
60,0,0,61.75,4.0,1
60,0,0,71.16666666666667,12.0,1
60,0,2,74.75,12.0,0
60,0,2,81.0,5.0,1
90,0,0,67.16666666666667,6.0,1
90,0,0,59.66666666666666,3.0,1
60,0,2,0.0,0.0,1
60,0,0,81.58333333333333,12.0,0
60,0,2,57.41666666666666,12.0,0
60,0,2,77.5,12.0,1
60,0,2,81.08333333333333,12.0,0
90,0,1,76.1,20.0,1
60,0,2,65.0,2.0,1
60,0,0,90.41666666666669,12.0,0
120,0,0,74.0,3.0,1
60,0,1,89.0625,16.0,0
60,0,1,53.75,4.0,1
90,0,2,81.0,2.0,1
60,0,0,0.0,0.0,1
60,0,2,69.33333333333333,3.0,1
120,0,3,49.5,10.0,1
60,0,0,68.0,12.0,0
120,0,2,58.71428571428572,7.0,1
90,0,0,70.66666666666667,12.0,1
60,0,2,84.08333333333333,12.0,0
90,0,2,0.0,0.0,1
90,0,2,58.5,2.0,1
60,0,2,67.41666666666667,12.0,1
60,0,0,0.0,0.0,1
60,0,2,87.25,12.0,0
60,0,0,85.65,20.0,0
60,0,2,92.85714285714286,7.0,1
60,0,1,71.4,5.0,1
60,0,2,70.5,12.0,0
60,0,0,94.91666666666669,12.0,0
60,0,2,87.0,2.0,1
60,0,1,0.0,0.0,1
60,0,2,70.0,1.0,1
60,0,0,70.0,15.0,0
90,0,0,89.16666666666667,12.0,0
60,0,0,71.88235294117646,17.0,0
60,0,2,62.25,12.0,1
120,0,2,58.85714285714285,7.0,1
60,0,2,66.27272727272727,11.0,0
60,0,0,71.53333333333333,15.0,1
120,0,2,78.91666666666667,12.0,0
60,0,0,0.0,0.0,1
60,0,2,58.083333333333336,12.0,1
60,0,0,82.0,2.0,1
90,0,0,75.85714285714286,14.0,1
90,0,2,74.75,12.0,0
60,0,0,0.0,0.0,1
60,0,2,0.0,0.0,1
120,0,2,0.0,0.0,1
60,0,2,87.83333333333333,12.0,0
90,0,0,76.0,4.0,1
60,0,0,90.83333333333331,6.0,1
60,0,2,87.91666666666667,12.0,0
60,0,2,0.0,0.0,1
60,0,0,82.33333333333333,3.0,1
60,0,2,77.75,12.0,0
60,0,2,36.0,1.0,1
60,0,0,0.0,0.0,1
120,0,0,71.75,4.0,1
60,0,0,0.0,0.0,1
60,0,2,43.0,1.0,1
60,0,2,0.0,0.0,1
120,0,3,0.0,0.0,1
60,0,0,80.58333333333333,12.0,0
60,0,0,69.0909090909091,11.0,0
60,0,0,84.61904761904762,21.0,0
60,0,1,77.83333333333333,12.0,0
60,0,2,85.75,12.0,0
60,0,2,0.0,0.0,1
60,0,0,82.75,12.0,0
90,0,2,0.0,0.0,1
120,0,2,89.08333333333333,12.0,0
120,0,0,0.0,0.0,1
60,0,2,75.75,12.0,0
60,0,0,83.33333333333333,12.0,0
60,0,0,72.5,12.0,0
60,0,2,85.33333333333333,12.0,0
60,0,2,81.58333333333333,12.0,0
60,0,0,76.5,12.0,0
60,0,2,46.833333333333336,6.0,1
60,0,0,70.66666666666667,12.0,0
90,0,2,38.0,3.0,1
60,0,0,90.75,12.0,0
60,0,1,73.91666666666667,12.0,0
75,0,2,79.66666666666667,12.0,1
60,0,1,78.5,12.0,0
60,0,0,77.66666666666667,12.0,0
60,0,0,70.42857142857143,21.0,0
60,0,0,78.58333333333333,12.0,0
90,0,0,75.93333333333334,15.0,0
90,0,2,0.0,0.0,1
60,0,2,83.0,10.0,1
90,0,2,59.2,15.0,1
60,0,2,66.25,4.0,1
60,0,0,0.0,0.0,1
90,0,2,98.0,3.0,1
60,0,2,0.0,0.0,1
60,0,2,0.0,0.0,1
60,0,0,72.71428571428571,21.0,0
120,0,0,90.0,1.0,1
60,0,2,90.5,12.0,0
60,0,0,0.0,0.0,1
90,0,2,72.0,1.0,1
120,0,2,80.8,5.0,1
60,0,0,90.0,1.0,1
60,0,0,70.0,1.0,1
90,0,2,63.333333333333336,12.0,1
60,0,2,0.0,0.0,1
60,0,2,79.5,12.0,0
90,0,2,71.25,12.0,0
60,0,0,92.08333333333331,12.0,0
180,0,2,0.0,0.0,1
120,0,2,79.0,6.0,1
60,0,2,77.25,4.0,1
60,0,0,67.0,2.0,1
60,0,0,83.83333333333333,12.0,0
60,0,2,74.0,4.0,1
60,0,1,84.5,12.0,0
75,0,0,81.4,5.0,1
120,0,2,65.66666666666667,3.0,1
120,0,1,59.142857142857146,7.0,1
90,0,0,0.0,0.0,1
60,0,0,0.0,0.0,1
60,0,0,84.0,1.0,1
60,0,2,54.333333333333336,3.0,1
90,0,0,0.0,0.0,1
60,0,0,81.75,12.0,0
90,0,2,22.0,1.0,1
120,0,2,78.0,12.0,0
60,0,0,82.3076923076923,13.0,0
60,0,0,30.0,1.0,1
60,0,0,66.0,12.0,0
60,0,0,61.0,3.0,1
60,0,0,66.4,10.0,1
60,0,0,77.16666666666667,12.0,0
90,0,2,72.5,12.0,0
120,0,0,63.0,2.0,1
120,0,2,75.91666666666667,12.0,0
120,0,0,85.27272727272727,11.0,0
60,0,0,60.63636363636363,11.0,0
120,0,2,0.0,0.0,1
60,0,2,0.0,0.0,1
60,0,0,84.0,2.0,1
90,0,0,74.23809523809524,21.0,0
60,0,2,0.0,0.0,1
90,0,1,80.66666666666667,12.0,0
60,0,2,0.0,0.0,1
60,0,0,72.25,12.0,0
120,0,0,0.0,0.0,1
60,0,2,75.16666666666667,12.0,0
60,0,0,75.0,12.0,0
60,0,2,0.0,0.0,1
60,0,2,79.58333333333333,12.0,0
150,0,1,0.0,0.0,1
60,0,2,85.13333333333334,15.0,0
120,0,0,68.25,4.0,1
60,0,0,0.0,0.0,1
60,0,0,52.0,3.0,1
90,0,2,0.0,0.0,1
90,0,2,77.91666666666667,12.0,0
60,0,1,93.0952380952381,21.0,0
120,0,3,73.0,6.0,1
120,0,2,63.0,12.0,1
60,0,0,67.58333333333333,12.0,0
90,0,2,71.0,9.0,1
60,0,2,87.16666666666667,12.0,0
90,0,0,79.27272727272727,11.0,0
60,0,2,71.75,12.0,0
60,0,2,0.0,0.0,1
90,0,0,0.0,0.0,1
90,0,4,92.0,1.0,1
60,0,2,66.0,1.0,1
60,0,2,81.04761904761905,21.0,0
60,0,2,84.11764705882354,17.0,0
60,0,2,0.0,0.0,1
90,0,2,66.0,12.0,0
60,0,2,0.0,0.0,1
120,0,2,61.333333333333336,3.0,1
90,0,2,97.33333333333331,12.0,0
60,0,0,0.0,0.0,1
150,0,2,68.0,1.0,1
60,0,2,76.66666666666667,3.0,1
90,0,2,64.0,1.0,1
60,0,2,70.45454545454545,11.0,0
60,0,0,73.83333333333333,12.0,0
90,0,0,83.0,2.0,1
60,0,2,88.0,1.0,1
60,0,2,62.27272727272727,11.0,1
60,0,1,79.41666666666667,12.0,0
90,0,2,88.0,2.0,1
60,0,2,59.0,8.0,1
60,0,2,0.0,0.0,1
60,0,0,76.75,12.0,0
90,0,0,79.0,12.0,0
90,0,0,57.0,2.0,1
120,0,2,60.333333333333336,3.0,1
60,0,2,93.25,12.0,0
60,0,2,0.0,0.0,1
60,0,1,84.33333333333333,12.0,0
120,0,2,89.0,5.0,1
60,0,0,0.0,0.0,1
120,0,2,71.2,5.0,1
90,0,0,75.5,10.0,0
60,0,2,47.0,2.0,1
60,0,2,84.25,12.0,0
90,0,2,0.0,0.0,1
60,0,2,0.0,0.0,1
60,0,0,80.5,12.0,0
60,0,0,88.0,2.0,1
90,0,2,70.08333333333333,12.0,1
60,0,2,65.33333333333333,12.0,1
60,0,0,81.66666666666667,12.0,0
120,0,1,63.16666666666666,18.0,0
60,0,2,0.0,0.0,1
60,0,0,77.25,12.0,0
60,0,2,77.0,12.0,0
60,0,2,73.5,2.0,1
60,0,2,82.08333333333333,12.0,0
120,0,2,81.0,12.0,0
60,0,2,0.0,0.0,1
60,0,0,83.5,4.0,1
60,0,0,69.0,2.0,1
120,0,0,69.25,12.0,0
60,0,2,74.0,3.0,1
120,0,0,62.66666666666666,3.0,1
60,0,1,0.0,0.0,1
60,0,2,0.0,0.0,1
60,0,0,57.54545454545455,11.0,1
60,0,2,94.0,1.0,1
90,0,0,86.83333333333333,12.0,0
60,0,0,0.0,0.0,1
60,0,1,71.0,12.0,0
60,0,2,81.36363636363636,11.0,0
60,0,0,78.16666666666667,12.0,0
120,0,2,0.0,0.0,1
60,0,2,82.33333333333333,12.0,0
60,0,0,27.0,4.0,1
120,0,3,0.0,0.0,1
60,0,0,72.6,5.0,1
60,0,2,85.33333333333333,12.0,0
60,0,2,68.0,1.0,1
60,0,2,84.33333333333333,12.0,0
60,0,2,71.08333333333333,12.0,0
60,0,2,91.83333333333331,12.0,0
60,0,2,75.83333333333333,12.0,0
60,0,2,86.4,5.0,1
60,0,0,88.0,1.0,1
60,0,2,0.0,0.0,1
120,0,0,88.41666666666667,12.0,0
90,0,0,62.0,2.0,1
120,0,0,84.5,12.0,0
60,0,0,82.0,1.0,1
60,0,2,0.0,0.0,1
60,0,2,62.5,2.0,1
60,0,2,0.0,0.0,1
90,0,0,80.71428571428571,7.0,1
60,0,0,68.25,12.0,1
120,0,0,0.0,0.0,1
90,0,0,66.0,3.0,1
60,0,2,0.0,0.0,1
60,0,0,85.66666666666667,18.0,0
60,0,0,89.33333333333333,12.0,0
60,0,2,0.0,0.0,1
120,0,0,69.08333333333333,12.0,0
90,0,2,76.91666666666667,12.0,0
60,0,0,65.0,12.0,0
90,0,0,0.0,0.0,1
60,0,2,0.0,0.0,1
60,0,0,85.75,12.0,0
90,0,0,64.4,15.0,1
60,0,2,84.0,1.0,1
60,0,0,92.25,12.0,0
120,0,1,0.0,0.0,1
60,0,0,90.33333333333331,12.0,0
120,0,2,82.0,2.0,1
60,0,0,62.0,12.0,1
60,0,1,59.583333333333336,12.0,1
60,0,1,78.9,10.0,0
120,0,2,69.33333333333333,6.0,1
60,0,2,78.58333333333333,12.0,0
60,0,2,83.0,3.0,1
90,0,1,66.33333333333333,3.0,1
90,0,2,74.0,12.0,0
90,0,2,0.0,0.0,1
90,0,2,77.16666666666667,12.0,0
60,0,0,71.0,4.0,1
60,0,2,83.25,12.0,0
60,0,2,0.0,0.0,1
60,0,0,65.0,21.0,0
60,0,1,75.58333333333333,12.0,0
120,0,2,77.08333333333333,12.0,0
60,0,2,77.0,12.0,0
60,0,0,81.41666666666667,12.0,0
60,0,1,80.66666666666667,3.0,1
60,0,1,80.75,12.0,0
60,0,0,76.16666666666667,12.0,0
60,0,2,45.5,4.0,1
60,0,2,67.33333333333333,12.0,0
90,0,2,81.57142857142857,7.0,1
60,0,2,86.66666666666667,3.0,1
60,0,0,89.5,12.0,0
90,0,0,78.0,1.0,1
90,0,1,79.41666666666667,12.0,0
120,0,2,60.0,2.0,1
120,0,2,60.0,1.0,1
60,0,2,66.0,1.0,1
60,0,2,0.0,0.0,1
120,0,1,0.0,0.0,1
60,0,4,87.0952380952381,21.0,0
60,0,2,55.4,10.0,0
60,0,0,76.44444444444444,9.0,0
60,0,0,82.41666666666667,12.0,0
60,0,2,0.0,0.0,1
120,0,0,57.25,4.0,1
90,0,0,62.0,2.0,1
60,0,1,85.58333333333333,12.0,0
60,0,2,86.91666666666667,12.0,0
60,0,2,70.16666666666667,12.0,0
120,0,2,0.0,0.0,1
60,0,2,79.5,12.0,0
60,0,2,86.08333333333333,12.0,0
90,0,0,94.75,12.0,0
60,0,2,82.0,1.0,1
60,0,0,74.0,2.0,1
120,0,2,92.0,1.0,1
60,0,0,73.0,2.0,1
60,0,4,82.0,1.0,1
90,0,1,80.08333333333333,12.0,0
60,0,2,70.83333333333333,12.0,0
60,0,0,80.58333333333333,12.0,0
90,0,0,0.0,0.0,1
60,0,1,76.52380952380952,21.0,0
90,0,2,60.25,12.0,1
60,0,2,80.5,12.0,0
60,0,0,73.91666666666667,12.0,0
60,0,0,55.0,2.0,1
60,0,0,77.04761904761905,21.0,0
60,0,0,70.5,12.0,0
90,0,0,76.16666666666667,12.0,0
120,0,2,45.333333333333336,3.0,1
120,0,0,72.0,11.0,1
60,0,2,89.75,12.0,0
60,0,2,75.0,12.0,0
120,0,0,0.0,0.0,1
60,0,2,60.91666666666666,12.0,1
120,0,2,79.0,2.0,1
60,0,1,95.0,21.0,0
60,0,0,66.66666666666667,12.0,1
60,0,2,83.5,12.0,0
60,0,2,73.11111111111111,9.0,1
90,0,0,85.33333333333333,12.0,0
120,0,2,0.0,0.0,1
60,0,0,77.85714285714286,14.0,0
90,0,2,64.0,2.0,1
120,0,2,0.0,0.0,1
90,0,0,65.91666666666667,12.0,1
60,0,0,69.33333333333333,6.0,1
120,0,2,60.41666666666666,12.0,0
90,0,0,74.06666666666666,15.0,1
60,0,0,70.33333333333333,12.0,1
120,0,2,71.16666666666667,12.0,0
120,0,0,49.0,2.0,1
60,0,2,67.25,12.0,0
60,0,2,71.0909090909091,11.0,0
60,0,2,69.05882352941177,17.0,0
60,0,2,94.0,1.0,1
60,0,0,68.0,1.0,1
60,0,0,37.25,4.0,1
60,0,0,77.47058823529412,17.0,1
60,0,0,0.0,0.0,1
90,0,3,60.0,1.0,1
60,0,0,83.66666666666667,12.0,0
60,0,2,79.22222222222223,9.0,1
60,0,0,96.16666666666669,12.0,0
120,0,0,78.0,12.0,0
60,0,0,77.0,2.0,1
90,0,2,0.0,0.0,1
90,0,0,86.16666666666667,12.0,0
60,0,2,50.0,1.0,1
60,0,2,74.08333333333333,12.0,1
60,0,1,83.41666666666667,12.0,0
60,0,2,76.58333333333333,12.0,0
120,0,1,0.0,0.0,1
60,0,2,75.33333333333333,12.0,0
90,0,2,50.0,1.0,1
60,0,2,85.0,2.0,1
120,0,0,88.0,21.0,0
120,0,0,83.25,12.0,0
60,0,1,0.0,0.0,1
60,0,0,82.41666666666667,12.0,0
60,0,2,52.0,1.0,1
60,0,1,62.66666666666666,3.0,1
60,0,0,84.0,2.0,1
60,0,0,89.91666666666667,12.0,0
60,0,2,60.0,1.0,1
60,0,0,72.25,12.0,0
60,0,0,0.0,0.0,1
90,0,2,82.0,4.0,1
60,0,2,86.33333333333333,12.0,0
60,0,2,77.83333333333333,6.0,1
60,0,0,66.47619047619048,21.0,0
60,0,0,85.58333333333333,12.0,0
60,0,2,0.0,0.0,1
60,0,0,65.0,1.0,1
60,0,2,82.0,12.0,0
90,0,0,79.58333333333333,12.0,0
60,0,2,59.0,2.0,1
120,0,0,78.5,4.0,1
60,0,1,89.57142857142857,21.0,0
60,0,2,68.08333333333333,12.0,0
60,0,1,60.0,1.0,1
60,0,0,65.0,12.0,0
60,0,2,0.0,0.0,1
120,0,3,0.0,0.0,1
60,0,0,72.22222222222223,18.0,0
60,0,2,87.47619047619048,21.0,0
60,0,0,82.0,12.0,0
60,0,2,69.33333333333333,3.0,1
60,0,2,62.0,1.0,1
90,0,1,65.0,12.0,0
60,0,0,67.33333333333333,12.0,0
90,0,2,71.25,12.0,1
60,0,0,78.58333333333333,12.0,0
60,0,0,88.08333333333333,12.0,0
60,0,2,80.0,12.0,0
60,0,0,83.5,4.0,1
120,0,3,73.25,4.0,1
60,0,0,0.0,0.0,1
120,0,2,55.0,4.0,1
60,0,2,69.25,4.0,1
60,0,2,75.16666666666667,12.0,0
90,0,2,79.0,12.0,0
60,0,2,67.83333333333333,12.0,0
120,0,2,0.0,0.0,1
60,0,0,75.0,3.0,1
120,0,2,0.0,0.0,1
60,0,0,39.07692307692308,13.0,1
120,0,0,61.94736842105263,19.0,0
60,0,2,83.41666666666667,12.0,0
60,0,0,86.75,12.0,0
60,0,2,0.0,0.0,1
60,0,0,77.75,12.0,0
90,0,0,83.16666666666667,12.0,0
90,0,0,71.76470588235294,17.0,1
60,0,0,79.0,2.0,1
60,0,0,50.16666666666666,12.0,1
60,0,0,73.66666666666667,12.0,0
90,0,2,60.333333333333336,3.0,1
60,0,0,0.0,0.0,1
60,0,0,0.0,0.0,1
60,0,1,74.66666666666667,12.0,0
60,0,0,92.4375,16.0,0
90,0,0,50.0,13.0,1
60,0,1,79.0,12.0,0
60,0,2,82.75,12.0,0
90,0,0,0.0,0.0,1
60,0,0,71.5,12.0,0
120,0,2,95.0952380952381,21.0,0
60,0,0,67.125,8.0,1
90,0,2,0.0,0.0,1
90,0,2,67.5,12.0,0
120,0,2,79.16666666666667,12.0,0
90,0,3,55.0,2.0,1
90,0,0,81.25,12.0,0
60,0,2,87.5,12.0,0
90,0,0,81.58333333333333,12.0,0
60,0,0,98.28571428571428,14.0,0
60,0,2,79.86666666666666,15.0,0
60,0,0,75.83333333333333,12.0,0
60,0,0,77.0,9.0,1
90,0,2,69.33333333333333,3.0,1
90,0,0,83.0,11.0,1
60,0,2,78.41666666666667,12.0,0
60,0,4,65.58333333333333,12.0,1
90,0,0,76.45454545454545,11.0,1
60,0,0,74.66666666666667,3.0,1
60,0,0,85.28571428571429,7.0,1
90,0,0,0.0,0.0,1
60,0,0,77.66666666666667,12.0,0
60,0,1,87.08333333333333,12.0,0
60,0,0,77.25,12.0,0
60,0,0,83.83333333333333,12.0,0
60,0,0,65.41666666666667,12.0,1
120,0,0,77.25,12.0,0
60,0,0,81.91666666666667,12.0,0
60,0,1,76.66666666666667,12.0,0
60,0,0,92.83333333333331,12.0,0
60,0,3,75.25,12.0,0
60,0,0,87.83333333333333,12.0,0
60,0,1,67.0,12.0,0
60,0,2,0.0,0.0,1
60,0,3,71.66666666666667,12.0,0
60,0,0,0.0,0.0,1
120,0,0,71.13333333333334,15.0,0
60,0,2,77.41666666666667,12.0,0
60,0,2,84.08333333333333,12.0,0
60,0,2,90.0,2.0,1
90,0,1,0.0,0.0,1
90,0,0,92.0,1.0,1
60,0,0,59.583333333333336,12.0,1
60,0,2,0.0,0.0,1
60,0,1,82.08333333333333,12.0,0
60,0,0,81.41666666666667,12.0,0
60,0,0,69.5,4.0,1
60,0,0,0.0,0.0,1
60,0,0,73.23076923076923,13.0,0
120,0,2,77.41666666666667,12.0,0
90,0,1,65.5,2.0,1
60,0,1,82.75,12.0,0
60,0,0,59.53333333333333,15.0,0
60,0,2,81.83333333333333,12.0,0
120,0,2,67.0,2.0,1
60,0,2,0.0,0.0,1
120,0,0,79.0,6.0,1
60,0,1,87.14285714285714,21.0,0
60,0,0,72.45454545454545,11.0,1
60,0,2,62.0,1.0,1
60,0,2,70.08333333333333,12.0,0
60,0,2,72.33333333333333,3.0,1
60,0,3,0.0,0.0,1
60,0,2,57.642857142857146,14.0,0
120,0,2,20.0,1.0,1
60,0,2,75.16666666666667,6.0,1
60,0,2,70.0,3.0,1
60,0,4,94.14285714285714,21.0,0
60,0,2,0.0,0.0,1
60,0,0,83.0,12.0,0
60,0,4,84.86666666666666,15.0,0
60,0,1,92.41666666666669,12.0,0
120,0,0,80.0,1.0,1
60,0,0,0.0,0.0,1
60,0,0,57.0,2.0,1
60,0,0,79.0,4.0,1
60,0,0,84.33333333333333,18.0,0
60,0,2,67.08333333333333,12.0,1
60,0,4,0.0,0.0,1
60,0,2,43.75,4.0,1
60,0,0,46.0,2.0,1
60,0,1,70.0,11.0,0
60,0,0,68.45454545454545,11.0,0
60,0,2,66.0,1.0,1
60,0,2,0.0,0.0,1
60,0,0,75.25,12.0,0
60,0,2,79.83333333333333,12.0,0
60,0,2,75.66666666666667,12.0,0
60,0,2,73.75,4.0,1
60,0,0,65.5,2.0,1
60,0,2,54.66666666666666,3.0,1
60,0,1,75.5,8.0,1
120,0,0,78.41666666666667,12.0,0
60,0,0,0.0,0.0,1
90,0,3,75.5,4.0,1
90,0,0,86.33333333333333,12.0,0
60,0,0,45.0,2.0,1
60,0,1,84.26666666666667,15.0,0
60,0,2,70.66666666666667,12.0,1
120,0,0,82.66666666666667,12.0,0
60,0,2,90.08333333333331,12.0,0
90,0,2,79.41666666666667,12.0,0
90,0,2,30.0,1.0,1
60,0,0,87.33333333333333,3.0,1
60,0,1,78.10526315789474,19.0,1
90,0,2,86.16666666666667,12.0,0
60,0,2,49.333333333333336,3.0,1
60,0,0,74.0,1.0,1
60,0,1,66.0,2.0,1
60,0,2,78.33333333333333,12.0,0
120,0,0,72.66666666666667,3.0,1
60,0,0,0.0,0.0,1
90,0,0,0.0,0.0,1
60,0,2,83.75,12.0,0
120,0,0,69.0,5.0,1
60,0,0,70.41666666666667,12.0,0
60,0,0,83.25,12.0,0
60,0,0,75.5,12.0,0
60,0,0,76.33333333333333,12.0,0
60,0,0,74.58333333333333,12.0,0
60,0,0,83.91666666666667,12.0,0
60,0,1,86.375,8.0,1
60,0,2,0.0,0.0,1
120,0,0,76.71428571428571,14.0,0
60,0,1,89.33333333333333,21.0,0
60,0,0,64.75,4.0,1
60,0,4,71.66666666666667,12.0,0
60,0,1,93.0,4.0,1
60,0,0,68.3529411764706,17.0,0
60,0,2,0.0,0.0,1
60,0,2,0.0,0.0,1
60,0,2,88.0,1.0,1
60,0,2,70.25,4.0,1
60,0,0,75.75,4.0,1
60,0,2,0.0,0.0,1
60,0,2,22.0,4.0,1
60,0,0,80.0,4.0,1
120,0,2,60.75,4.0,1
60,0,2,79.83333333333333,12.0,0
60,0,1,94.41666666666669,12.0,0
60,0,0,51.0,2.0,1
60,0,0,0.0,0.0,1
60,0,2,90.16666666666669,12.0,0
90,0,1,57.89473684210526,19.0,0
60,0,0,78.0,1.0,1
60,0,0,86.0,1.0,1
60,0,0,65.0,2.0,1
120,1,1,78.5,2.0,1
60,0,2,80.0,1.0,1
60,0,0,74.0,1.0,1
90,0,1,71.66666666666667,12.0,0
90,0,2,0.0,0.0,1
60,0,2,83.6923076923077,13.0,0
60,0,2,85.16666666666667,12.0,0
90,0,1,83.5,12.0,0
90,0,0,80.41666666666667,12.0,1
60,0,0,90.0909090909091,11.0,0
150,2,2,0.0,0.0,1
90,0,2,83.0,6.0,1
60,0,1,78.83333333333333,12.0,0
120,2,0,65.66666666666667,3.0,1
60,0,0,76.0,5.0,1
60,0,1,83.58333333333333,12.0,0
120,0,0,84.75,8.0,1
60,0,2,84.5,12.0,0
60,0,1,81.16666666666667,12.0,0
120,0,2,85.08333333333333,12.0,0
60,0,0,68.0,1.0,1
120,0,1,64.75,12.0,0
60,0,1,83.58333333333333,12.0,0
60,0,0,85.25,12.0,0
60,0,1,88.5,8.0,0
60,0,2,71.25,12.0,0
210,0,1,97.0,9.0,1
90,0,1,60.0,1.0,1
60,1,2,80.66666666666667,3.0,1
60,0,0,76.16666666666667,12.0,0
60,0,2,74.0,2.0,1
120,0,2,0.0,0.0,1
120,0,2,83.41666666666667,12.0,0
150,0,0,60.91666666666666,12.0,1
120,1,1,57.63636363636363,11.0,1
60,1,2,0.0,0.0,1
60,0,1,64.66666666666667,9.0,1
210,0,2,55.0,4.0,1
120,1,0,59.0,4.0,1
60,0,1,74.0,1.0,1
60,0,1,80.08333333333333,12.0,0
60,0,0,65.81818181818181,11.0,1
60,0,2,0.0,0.0,1
120,0,0,81.0,11.0,0
60,0,1,61.333333333333336,3.0,1
90,0,2,77.0,3.0,1
90,0,2,69.91666666666667,12.0,0
90,0,0,80.33333333333333,12.0,0
60,0,2,82.625,8.0,1
60,0,2,70.58333333333333,12.0,1
60,0,0,86.41666666666667,12.0,0
60,0,0,67.0,2.0,1
60,2,0,52.333333333333336,3.0,1
180,3,2,89.25,4.0,1
60,0,1,73.41666666666667,12.0,0
120,1,2,87.83333333333333,12.0,0
60,0,2,0.0,0.0,1
90,0,0,71.08333333333333,12.0,0
60,0,2,64.0,1.0,1
60,0,1,0.0,0.0,1
60,3,2,75.63636363636364,11.0,1
90,0,1,80.66666666666667,12.0,0
60,0,0,81.16666666666667,12.0,0
120,1,0,76.16666666666667,12.0,0
60,0,2,84.52380952380952,21.0,0
60,0,2,82.25,12.0,0
60,0,0,61.0,2.0,1
90,0,2,75.0,11.0,0
120,0,2,0.0,0.0,1
60,0,0,89.66666666666667,12.0,0
120,0,0,86.0909090909091,11.0,0
90,0,1,90.83333333333331,12.0,0
60,0,0,0.0,0.0,1
90,1,2,78.23529411764706,17.0,0
60,0,1,0.0,0.0,1
90,0,1,87.25,12.0,0
90,0,2,90.0,12.0,0
90,2,4,78.8,5.0,1
90,0,1,0.0,0.0,1
180,3,2,84.33333333333333,3.0,1
60,0,0,78.66666666666667,12.0,0
90,1,0,92.8095238095238,21.0,0
90,1,2,0.0,0.0,1
60,0,2,84.0,1.0,1
60,0,1,69.25,12.0,0
150,2,0,85.0,1.0,1
120,1,0,88.83333333333333,12.0,0
60,0,2,54.0,2.0,1
60,0,0,0.0,0.0,1
240,1,2,40.0,2.0,1
180,1,2,72.16666666666667,12.0,1
60,0,0,85.23076923076923,13.0,1
60,0,1,80.25,12.0,0
60,0,1,80.5,12.0,0
60,3,2,88.16666666666667,12.0,0
60,0,2,62.0,1.0,1
90,0,0,63.75,8.0,1
60,0,1,94.66666666666669,12.0,0
150,1,0,0.0,0.0,1
120,1,1,69.27272727272727,11.0,0
60,0,1,0.0,0.0,1
60,0,0,88.0,1.0,1
60,0,0,84.83333333333333,12.0,0
120,1,0,39.5,4.0,1
60,0,2,81.0,2.0,1
60,0,0,71.91666666666667,12.0,0
60,0,0,70.91666666666667,12.0,0
90,0,0,63.71428571428572,7.0,1
90,0,1,83.66666666666667,12.0,0
60,0,1,88.08333333333333,12.0,0
120,0,1,76.5,12.0,0
60,0,0,73.75,12.0,0
60,0,2,80.81818181818181,11.0,0
60,2,0,54.0,2.0,1
60,0,0,76.83333333333333,12.0,0
120,0,0,85.91666666666667,12.0,0
90,0,2,40.0,1.0,1
60,0,1,86.81818181818181,11.0,0
60,0,2,84.16666666666667,12.0,0
120,0,2,66.0,2.0,1
90,0,2,0.0,0.0,1
60,0,0,84.0,1.0,1
120,1,4,93.66666666666669,12.0,1
60,0,1,80.83333333333333,12.0,0
60,0,0,92.83333333333331,12.0,0
60,0,0,78.33333333333333,12.0,0
90,0,1,80.0,1.0,1
60,0,0,92.33333333333331,12.0,0
60,0,2,61.0,2.0,1
60,0,0,92.5,12.0,0
60,0,2,0.0,0.0,1
150,5,0,75.33333333333333,3.0,1
60,0,0,58.0,2.0,1
60,0,2,0.0,0.0,1
60,0,0,0.0,0.0,1
90,0,2,0.0,0.0,1
120,0,0,79.58333333333333,12.0,0
60,0,2,81.25,12.0,0
90,0,1,81.16666666666667,12.0,0
120,0,1,67.83333333333333,12.0,0
60,0,2,92.6923076923077,13.0,1
90,0,1,81.66666666666667,12.0,0
90,1,2,0.0,0.0,1
120,0,0,81.41666666666667,12.0,0
120,2,2,88.0,1.0,1
60,0,2,61.63636363636363,11.0,0
120,1,1,80.41666666666667,12.0,0
180,1,2,74.91666666666667,12.0,0
60,1,2,66.08333333333333,12.0,1
120,0,0,54.0,1.0,1
60,0,0,82.0,1.0,1
120,0,0,86.0,1.0,1
120,0,2,90.58333333333331,12.0,0
90,0,0,71.0,12.0,0
60,1,0,83.63636363636364,11.0,1
60,0,2,63.333333333333336,12.0,1
60,0,0,53.333333333333336,12.0,0
90,0,3,38.0,1.0,1
60,0,2,0.0,0.0,1
90,0,2,86.75,12.0,0
120,2,2,67.36363636363636,11.0,1
90,0,0,89.83333333333333,12.0,0
180,0,3,0.0,0.0,1
60,0,2,70.85714285714286,7.0,1
60,0,0,88.25,12.0,0
90,1,2,0.0,0.0,1
60,1,0,66.0,1.0,1
90,0,2,67.66666666666667,3.0,1
60,0,2,64.91666666666667,12.0,0
60,0,0,87.58333333333333,12.0,0
60,0,2,92.08333333333331,12.0,0
60,0,1,87.83333333333333,12.0,0
60,0,0,73.36363636363636,11.0,0
60,0,0,76.0,12.0,0
120,0,0,86.9090909090909,11.0,0
60,1,2,65.0,4.0,1
90,0,0,90.66666666666669,12.0,0
120,0,2,48.0,1.0,1
60,0,2,93.75,12.0,0
120,0,2,76.72727272727273,11.0,0
120,0,0,0.0,0.0,1
60,1,2,69.0,2.0,1
60,0,2,64.0,5.0,1
120,0,2,68.0,2.0,1
60,2,0,41.0,2.0,1
60,0,2,89.41666666666667,12.0,0
180,0,2,0.0,0.0,1
60,0,2,62.0,1.0,1
60,0,0,78.66666666666667,12.0,0
120,0,1,71.8,5.0,1
60,2,2,80.5,6.0,1
120,0,0,66.3157894736842,19.0,0
120,0,2,0.0,0.0,1
60,0,0,79.33333333333333,3.0,1
60,0,0,84.66666666666667,3.0,1
120,1,2,88.0,10.0,1
150,0,2,74.53846153846153,13.0,0
60,0,0,89.75,12.0,0
60,0,2,78.83333333333333,12.0,1
60,0,0,69.0,2.0,1
60,0,1,87.75,12.0,0
60,0,2,66.83333333333333,12.0,0
430,0,0,73.63636363636364,11.0,0
240,0,0,86.66666666666667,3.0,1
60,0,1,75.58333333333333,12.0,0
120,0,2,91.0,12.0,0
90,1,0,83.58333333333333,12.0,0
60,0,2,88.0,12.0,0
180,0,0,81.58333333333333,12.0,0
60,0,2,90.7,10.0,0
90,1,0,75.0,4.0,1
60,0,0,78.0,11.0,0
240,0,2,79.0,1.0,1
60,0,0,77.66666666666667,12.0,0
120,0,0,91.66666666666669,12.0,0
150,0,0,89.25,12.0,0
60,0,0,83.16666666666667,12.0,0
150,0,0,76.0,1.0,1
60,0,2,76.36363636363636,11.0,0
120,0,1,75.66666666666667,6.0,1
120,0,0,0.0,0.0,1
60,0,0,90.41666666666669,12.0,0
60,0,2,75.58333333333333,12.0,0
90,0,0,0.0,0.0,1
90,2,2,72.0,3.0,1
60,0,0,59.083333333333336,12.0,0
150,1,0,52.66666666666666,15.0,1
90,0,0,81.41666666666667,12.0,0
60,1,1,85.42857142857143,14.0,1
60,0,1,87.91666666666667,12.0,0
240,4,1,32.0,1.0,1
60,3,2,71.25,4.0,1
60,0,0,89.0,12.0,0
90,0,2,76.0,1.0,1
90,0,2,90.25,12.0,0
60,0,2,56.09090909090909,11.0,1
120,1,0,91.16666666666669,12.0,0
120,0,2,0.0,0.0,1
90,0,0,72.75,12.0,0
90,0,2,85.08333333333333,12.0,0
60,0,2,83.5,4.0,1
60,0,0,81.625,8.0,1
110,0,2,86.83333333333333,12.0,0
60,4,0,80.0,12.0,0
240,0,2,0.0,0.0,1
90,0,2,76.0,1.0,1
120,0,0,0.0,0.0,1
60,0,2,68.83333333333333,12.0,0
60,0,2,0.0,0.0,1
60,1,2,86.42857142857143,14.0,0
60,0,0,67.5,2.0,1
60,0,0,76.18181818181819,11.0,0
60,0,0,86.75,12.0,0
180,0,2,68.0,11.0,1
120,1,0,79.75,12.0,0
240,0,2,0.0,0.0,1
120,0,0,0.0,1.0,1
60,0,4,82.91666666666667,12.0,0
60,0,0,76.08333333333333,12.0,1
120,0,1,0.0,0.0,1
120,0,2,0.0,0.0,1
60,0,2,85.25,12.0,0
90,0,0,84.83333333333333,12.0,0
60,0,2,67.41666666666667,12.0,0
90,0,1,82.75,12.0,0
60,1,0,72.75,12.0,0
120,0,1,0.0,0.0,1
120,0,2,60.66666666666666,3.0,1
60,0,0,92.58333333333331,12.0,0
60,0,2,0.0,0.0,1
60,0,0,62.833333333333336,12.0,1
60,0,0,0.0,0.0,1
60,0,0,90.41666666666669,12.0,0
60,4,0,0.0,0.0,1
60,0,1,91.8181818181818,11.0,0
120,0,0,0.0,0.0,1
60,0,3,86.0,2.0,1
90,0,0,78.83333333333333,12.0,0
90,2,0,89.91666666666667,12.0,0
120,2,2,0.0,0.0,1
60,0,2,0.0,0.0,1
120,0,0,50.0,1.0,1
60,2,0,74.88888888888889,18.0,0
120,1,2,75.0,2.0,1
120,0,2,73.0,2.0,1
60,0,2,76.33333333333333,12.0,0
60,0,1,90.75,12.0,0
120,0,1,90.08333333333331,12.0,0
180,0,0,49.0,2.0,1
90,0,0,85.91666666666667,12.0,0
120,0,2,0.0,0.0,1
60,0,0,78.91666666666667,12.0,0
60,0,1,81.66666666666667,12.0,0
60,0,0,85.66666666666667,12.0,0
60,2,1,58.285714285714285,14.0,1
60,0,0,78.33333333333333,12.0,0
60,0,2,0.0,0.0,1
60,0,0,0.0,0.0,1
90,0,1,86.25,12.0,0
60,1,0,96.33333333333331,3.0,1
60,1,0,0.0,0.0,1
150,0,0,80.16666666666667,6.0,1
60,0,0,92.0,12.0,0
60,0,4,83.0,2.0,1
90,0,0,57.90909090909091,11.0,0
60,0,0,24.4,5.0,1
210,0,0,84.16666666666667,12.0,0
120,0,0,90.45454545454544,11.0,0
240,0,2,0.0,0.0,1
120,1,2,87.08333333333333,12.0,0
60,1,2,68.0,2.0,1
180,0,2,85.91666666666667,12.0,0
90,0,0,89.75,12.0,0
60,1,2,65.91666666666667,12.0,1
60,0,2,78.75,4.0,1
60,0,1,85.41666666666667,12.0,0
120,0,1,67.83333333333333,12.0,0
60,0,2,46.91666666666666,12.0,0
60,2,2,76.0,2.0,1
60,0,0,78.08333333333333,12.0,0
120,0,0,68.33333333333333,3.0,1
60,0,2,76.5,12.0,0
60,2,0,0.0,0.0,1
120,0,0,79.25,12.0,0
90,0,2,0.0,0.0,1
90,0,0,92.5,12.0,0
60,0,1,84.83333333333333,12.0,0
120,0,0,84.75,4.0,1
60,1,2,53.5,8.0,1
120,2,1,67.04545454545455,22.0,0
120,1,2,0.0,0.0,1
120,1,0,0.0,0.0,1
60,1,1,65.75,4.0,1
60,0,2,0.0,0.0,1
60,3,0,81.75,12.0,0
60,0,2,65.91666666666667,12.0,0
60,1,1,76.0,4.0,1
60,1,2,0.0,0.0,1
60,0,0,83.25,12.0,0
60,2,2,47.25,16.0,1
120,1,0,83.9090909090909,11.0,0
60,0,2,81.58333333333333,12.0,0
150,0,1,87.75,12.0,0
120,3,2,57.588235294117645,17.0,0
120,0,2,67.5,12.0,0
120,0,0,85.83333333333333,18.0,1
120,2,0,70.0,1.0,1
60,0,1,81.33333333333333,6.0,1
150,0,1,81.54545454545455,11.0,1
60,0,2,61.833333333333336,12.0,0
60,1,0,90.0,12.0,0
60,0,2,93.83333333333331,12.0,0
120,1,0,81.41666666666667,12.0,0
60,0,2,70.66666666666667,12.0,0
60,0,2,0.0,0.0,1
60,0,2,72.63636363636364,11.0,0
90,0,0,0.0,0.0,1
60,0,1,84.25,12.0,0
60,2,0,0.0,0.0,1
90,2,2,72.0,12.0,0
60,0,0,0.0,0.0,1
60,2,2,60.72222222222222,18.0,0
120,2,2,84.125,8.0,1
60,0,2,0.0,0.0,1
60,0,2,0.0,0.0,1
150,2,2,86.91666666666667,12.0,0
60,0,2,85.5,12.0,0
60,0,0,72.0,7.0,1
60,0,2,0.0,0.0,1
150,0,0,80.3076923076923,13.0,0
60,0,2,75.16666666666667,12.0,0
150,0,2,71.0,2.0,1
60,0,2,77.83333333333333,12.0,0
60,0,0,87.63636363636364,11.0,0
60,0,0,68.16666666666667,12.0,0
150,0,1,74.33333333333333,12.0,0
150,0,2,60.66666666666666,3.0,1
120,0,0,63.16666666666666,12.0,0
60,1,2,0.0,0.0,1
60,0,2,87.5,4.0,1
60,0,2,85.83333333333333,12.0,0
60,0,1,77.66666666666667,3.0,1
120,1,2,75.0,2.0,1
60,0,0,70.0,1.0,1
60,0,2,79.0909090909091,11.0,0
60,0,0,84.0,12.0,0
60,2,2,77.28571428571429,14.0,0
120,0,2,79.5,4.0,1
60,0,2,0.0,0.0,1
60,0,0,58.0,1.0,1
60,0,0,43.5,4.0,1
120,0,2,88.58333333333333,12.0,0
60,2,2,74.91666666666667,12.0,0
60,0,2,67.27272727272727,11.0,1
60,0,0,0.0,0.0,1
180,0,2,76.0,2.0,1
120,1,2,83.66666666666667,12.0,0
60,1,2,67.0,2.0,1
60,1,0,77.0,3.0,1
60,0,0,83.0,6.0,1
90,0,2,61.5,4.0,1
60,1,1,75.8,5.0,1
120,0,2,0.0,0.0,1
120,0,1,74.08333333333333,12.0,0
240,0,0,75.9,10.0,0
60,1,2,69.3,10.0,1
60,0,1,86.91666666666667,12.0,0
60,1,2,48.0,3.0,1
90,0,2,94.25,12.0,0
90,2,0,93.66666666666669,12.0,0
60,0,2,61.333333333333336,12.0,0
60,1,0,88.58333333333333,12.0,0
90,2,2,82.5,12.0,0
60,1,0,90.83333333333331,12.0,0
180,0,0,87.5,12.0,0
120,0,0,88.5,4.0,1
60,0,2,0.0,0.0,1
60,0,1,92.17647058823528,17.0,0
60,0,2,80.25,12.0,0
60,0,0,55.083333333333336,12.0,0
60,2,0,0.0,0.0,1
60,0,0,87.5,12.0,0
120,1,0,77.58333333333333,12.0,0
120,2,0,83.66666666666667,12.0,0
60,0,2,71.25,12.0,0
60,1,2,81.41666666666667,12.0,0
60,1,2,79.41666666666667,12.0,0
90,1,1,0.0,0.0,1
60,0,0,84.5,8.0,1
240,2,2,0.0,0.0,1
60,0,2,83.33333333333333,12.0,0
90,0,0,63.0,2.0,1
60,0,1,88.0,1.0,1
90,1,1,94.0,4.0,1
60,0,0,76.33333333333333,12.0,0
60,0,2,66.58333333333333,12.0,1
90,0,0,78.25,12.0,0
60,0,0,0.0,0.0,1
60,1,2,0.0,0.0,1
120,0,4,87.25,12.0,0
60,2,2,82.0,1.0,1
90,2,1,56.266666666666666,15.0,1
120,0,2,84.25,12.0,0
120,2,0,77.86666666666666,15.0,0
150,0,2,0.0,0.0,1
60,2,0,68.66666666666667,6.0,1
60,3,0,64.0,4.0,1
90,2,2,73.22222222222223,9.0,1
60,3,0,66.41666666666667,12.0,0
60,0,2,72.66666666666667,12.0,0
120,0,1,0.0,0.0,1
120,1,0,63.36363636363637,11.0,0
120,1,2,0.0,0.0,1
60,1,2,67.66666666666667,3.0,1
120,1,2,77.71428571428571,7.0,1
60,0,2,72.18181818181819,11.0,0
120,1,2,85.33333333333333,3.0,1
60,0,0,88.25,12.0,0
120,0,0,0.0,0.0,1
60,0,0,89.91666666666667,12.0,0
120,0,2,86.58333333333333,12.0,0
90,0,1,76.0,12.0,0
180,3,0,63.75,24.0,1
180,0,0,80.41666666666667,12.0,0
120,1,0,92.35714285714286,14.0,0
120,0,0,84.5,12.0,0
90,0,0,0.0,0.0,1
90,0,0,75.91666666666667,12.0,0
180,0,0,86.0,8.0,1
120,1,2,78.0,1.0,1
120,2,0,83.0,2.0,1
60,1,2,74.66666666666667,3.0,1
180,1,0,72.9090909090909,11.0,1
120,0,2,0.0,0.0,1
60,0,0,79.75,12.0,0
60,1,2,76.25,4.0,1
60,0,2,0.0,0.0,1
60,1,2,73.6,5.0,1
60,0,2,78.0,12.0,0
60,1,2,0.0,0.0,1
60,0,0,64.0,11.0,1
120,0,0,56.0,1.0,1
60,0,0,79.5,12.0,0
60,0,0,0.0,0.0,1
60,1,2,64.5,12.0,1
150,0,0,0.0,0.0,1
180,0,0,0.0,0.0,1
60,1,2,71.5,12.0,0
60,1,0,72.16666666666667,12.0,0
120,0,1,0.0,0.0,1
90,1,0,0.0,0.0,1
90,2,0,59.16666666666666,12.0,0
60,0,2,64.08333333333333,12.0,0
60,1,2,66.38888888888889,18.0,1
60,0,3,69.58333333333333,12.0,0
60,0,2,65.0,2.0,1
150,0,0,77.25,4.0,1
60,0,0,86.25,12.0,0
60,0,1,91.08333333333331,12.0,0
60,0,3,67.75,12.0,0
60,0,2,67.0,2.0,1
60,0,0,85.33333333333333,6.0,1
120,0,2,70.0,1.0,1
60,0,0,78.08333333333333,12.0,0
60,0,2,61.25,12.0,1
120,0,0,85.41666666666667,12.0,0
120,0,2,84.38461538461539,13.0,0
60,2,2,77.0,4.0,1
120,1,0,80.41666666666667,12.0,0
60,0,0,0.0,0.0,1
60,0,3,0.0,0.0,1
60,0,0,0.0,0.0,1
60,1,1,57.9,10.0,1
150,0,2,45.71428571428572,7.0,1
120,2,2,48.5,2.0,1
60,0,0,90.08333333333331,12.0,0
90,2,2,65.5,2.0,1
90,0,2,84.25,12.0,0
60,0,1,66.0,2.0,1
90,0,2,79.0,12.0,0
120,2,2,72.3,20.0,1
120,0,0,83.0,12.0,0
60,2,2,81.4,15.0,0
90,3,2,68.41666666666667,12.0,0
60,0,0,66.0,2.0,1
150,2,2,0.0,0.0,1
60,0,0,76.0,12.0,0
120,0,0,90.5,12.0,0
60,3,2,64.0,4.0,1
60,2,0,75.16666666666667,12.0,0
60,0,2,89.16666666666667,12.0,0
120,0,0,79.75,12.0,0
60,0,2,86.5,12.0,0
150,0,0,59.4,5.0,1
60,0,2,80.75,12.0,0
180,1,2,72.0,2.0,1
60,1,0,51.0,2.0,1
60,2,0,0.0,0.0,1
60,0,1,87.58333333333333,12.0,0
120,0,0,82.2,20.0,0
120,0,0,0.0,0.0,1
120,0,2,66.0,1.0,1
120,0,0,81.08333333333333,12.0,0
60,0,0,90.41666666666669,12.0,0
60,0,2,71.08333333333333,12.0,0
90,2,2,0.0,0.0,1
60,0,2,82.08333333333333,12.0,0
60,0,2,0.0,0.0,1
60,0,2,0.0,0.0,1
60,1,0,62.91666666666666,12.0,0
90,1,2,47.90909090909091,11.0,1
120,0,2,0.0,0.0,1
90,0,2,55.91666666666666,12.0,0
60,4,0,47.0,4.0,1
60,1,2,60.0,2.0,1
120,0,0,71.08333333333333,12.0,0
90,2,0,77.77272727272727,22.0,0
60,0,2,70.25,12.0,0
180,0,0,54.0,4.0,1
60,0,1,85.33333333333333,12.0,0
60,2,0,62.083333333333336,12.0,0
120,0,2,0.0,0.0,1
90,0,2,64.91666666666667,12.0,1
60,0,2,0.0,0.0,1
150,1,2,66.0,1.0,1
120,0,1,85.4,20.0,0
60,0,2,79.0,2.0,1
60,2,2,60.142857142857146,7.0,1
120,2,2,87.5,2.0,1
60,1,0,75.3,20.0,0
60,0,3,79.0,12.0,0
120,0,2,84.16666666666667,12.0,0
120,0,0,93.0,1.0,1
60,0,2,65.0,2.0,1
60,0,1,0.0,0.0,1
120,0,0,93.25,12.0,0
90,3,0,60.04166666666666,24.0,1
90,1,0,87.0,6.0,1
60,1,2,73.08333333333333,12.0,0
60,4,2,62.54166666666666,24.0,0
60,1,0,61.63636363636363,11.0,1
90,1,2,82.0,16.0,1
90,0,1,90.16666666666669,12.0,0
60,0,1,80.18181818181819,11.0,0
120,4,0,81.41666666666667,12.0,0
120,0,2,0.0,0.0,1
60,0,0,89.41666666666667,12.0,0
120,0,2,64.0,1.0,1
60,0,0,82.66666666666667,6.0,1
60,0,1,66.33333333333333,12.0,0
150,0,2,64.0,1.0,1
90,1,1,84.375,16.0,0
120,0,2,53.16666666666666,6.0,1
120,0,2,82.83333333333333,12.0,0
60,0,1,76.0,12.0,1
180,0,0,77.33333333333333,12.0,0
60,0,2,0.0,0.0,1
120,1,0,82.0,24.0,0
60,0,0,79.5,6.0,1
120,0,0,97.07142857142856,28.0,0
90,1,0,49.41666666666666,24.0,1
210,0,2,0.0,0.0,1
60,1,0,84.125,16.0,0
180,1,2,68.0,2.0,1
60,1,2,61.66666666666666,12.0,0
120,0,0,30.0,1.0,1
330,0,1,64.63636363636364,11.0,1
120,1,1,77.41666666666667,12.0,0
60,0,0,75.16666666666667,12.0,0
120,2,0,82.66666666666667,9.0,1
120,2,1,56.04166666666666,24.0,1
120,0,0,79.66666666666667,6.0,1
60,0,0,55.25,4.0,1
90,1,0,86.1,10.0,1
60,1,2,71.45454545454545,11.0,0
90,0,1,70.33333333333333,12.0,0
60,1,2,64.875,16.0,0
60,1,2,79.25,12.0,0
60,0,0,72.5,12.0,0
60,1,0,73.83333333333333,12.0,0
90,0,1,89.16666666666667,12.0,0
120,2,0,76.85714285714286,7.0,1
90,0,2,76.83333333333333,12.0,0
60,0,0,90.08333333333331,12.0,0
60,0,0,90.83333333333331,12.0,0
60,0,2,64.41666666666667,12.0,0
120,0,0,0.0,0.0,1
60,0,0,78.5,12.0,0
60,0,2,88.25,12.0,0
60,1,2,78.3125,16.0,0
180,0,0,91.41666666666669,12.0,0
60,0,0,80.0,12.0,0
120,0,2,89.25,12.0,0
60,0,2,0.0,0.0,1
60,0,2,81.0,3.0,1
60,2,0,73.73684210526316,19.0,0
120,0,2,96.8095238095238,21.0,0
90,1,2,76.58333333333333,12.0,0
60,1,2,61.0,2.0,1
60,0,0,68.0,2.0,1
90,0,2,92.91666666666669,12.0,0
120,0,2,58.0,2.0,1
60,0,2,75.75,12.0,0
120,0,2,0.0,0.0,1
60,0,0,83.66666666666667,12.0,0
60,1,0,35.8,5.0,1
60,0,1,82.91666666666667,12.0,0
120,1,2,40.66666666666666,3.0,1
120,1,2,78.0,1.0,1
120,1,0,0.0,0.0,1
60,0,2,86.75,12.0,0
120,0,2,0.0,0.0,1
60,0,2,63.0,3.0,1
120,1,0,67.13333333333334,15.0,0
150,0,0,69.91666666666667,12.0,0
120,2,2,0.0,0.0,1
150,0,0,65.0,11.0,0
60,0,2,80.25,12.0,0
60,0,2,83.41666666666667,12.0,0
90,0,2,82.25,12.0,0
60,0,2,72.08333333333333,12.0,1
90,2,2,81.0,4.0,1
60,1,2,72.5,6.0,1
60,0,0,91.0,12.0,0
60,0,2,78.41666666666667,12.0,0
60,0,2,0.0,0.0,1
60,1,0,76.0,6.0,1
60,1,0,0.0,0.0,1
120,0,2,0.0,0.0,1
60,0,2,0.0,0.0,1
90,1,0,76.6,5.0,1
60,1,0,66.66666666666667,3.0,1
60,0,2,79.33333333333333,12.0,0
90,0,0,91.04761904761904,21.0,0
90,0,0,93.9047619047619,21.0,0
180,2,0,0.0,0.0,1
60,0,2,0.0,0.0,1
90,0,1,86.66666666666667,12.0,0
60,1,2,72.27272727272727,11.0,1
60,1,0,61.833333333333336,24.0,1
120,1,0,56.16666666666666,12.0,1
60,1,0,71.25,8.0,1
120,0,0,86.83333333333333,12.0,0
120,0,2,0.0,0.0,1
270,0,3,51.25,4.0,1
60,1,2,75.0,4.0,1
60,0,0,70.63636363636364,11.0,0
60,1,1,81.4375,16.0,0
90,1,0,52.5,6.0,1
60,1,0,52.0,4.0,1
90,1,2,86.0,6.0,1
60,1,0,70.0,8.0,1
120,1,0,67.0,1.0,1
60,0,2,75.83333333333333,12.0,0
60,1,1,85.66666666666667,6.0,1
90,0,0,0.0,0.0,1
60,0,2,58.16666666666666,12.0,1
120,0,2,0.0,0.0,1
120,1,2,62.0,1.0,1
180,0,2,70.25,12.0,0
60,0,0,83.58333333333333,12.0,0
90,0,2,89.5,12.0,0
60,1,0,38.333333333333336,3.0,1
120,0,1,58.0,1.0,1
120,0,2,0.0,0.0,1
60,0,2,0.0,0.0,1
120,1,0,48.6,5.0,1
60,0,2,76.5,6.0,1
180,0,1,85.4,5.0,1
90,1,0,77.375,16.0,0
90,0,2,0.0,0.0,1
60,1,2,77.2,10.0,0
60,0,1,74.0,1.0,1
60,0,2,0.0,0.0,1
60,0,0,83.83333333333333,12.0,0
60,0,2,95.0,3.0,1
60,0,2,84.0,12.0,0
90,0,0,74.25,12.0,0
60,0,0,84.25,12.0,0
60,0,2,91.25,12.0,0
120,0,1,73.47619047619048,21.0,0
120,2,2,52.66666666666666,3.0,1
60,1,2,66.85714285714286,7.0,1
120,1,2,54.73913043478261,23.0,0
60,0,2,90.33333333333331,12.0,0
60,0,0,79.75,12.0,0
60,0,2,61.5,4.0,1
60,0,2,81.75,12.0,0
90,0,0,0.0,0.0,1
150,0,2,33.6,5.0,1
60,0,4,95.58333333333331,12.0,0
150,1,1,61.25,4.0,1
60,0,0,82.75,12.0,0
60,0,2,56.63636363636363,11.0,1
90,0,2,0.0,0.0,1
60,1,0,55.86666666666667,15.0,1
90,0,0,72.0,12.0,0
60,0,2,83.25,12.0,0
60,1,2,54.61538461538461,13.0,1
120,1,0,0.0,0.0,1
60,0,0,79.83333333333333,12.0,0
60,1,0,0.0,0.0,1
90,1,0,69.0,2.0,1
180,0,0,0.0,0.0,1
60,1,2,63.75,12.0,0
60,0,1,85.0,11.0,0
120,0,2,82.58333333333333,12.0,0
120,1,0,65.75,4.0,1
120,0,1,93.66666666666669,12.0,0
120,0,2,76.11111111111111,9.0,1
90,1,2,75.4,10.0,1
60,1,2,81.71428571428571,7.0,1
90,0,2,89.58333333333333,12.0,0
240,0,2,0.0,0.0,1
60,1,0,54.0,1.0,1
60,2,1,81.16666666666667,12.0,0
150,0,0,68.0,4.0,1
60,0,0,90.08333333333331,12.0,0
60,0,0,75.0,2.0,1
60,0,1,65.0,2.0,1
90,1,0,66.2,15.0,0
60,0,0,83.625,16.0,0
60,0,1,89.91666666666667,12.0,0
60,0,0,86.58333333333333,12.0,0
90,0,0,79.83333333333333,12.0,0
90,0,2,69.81818181818181,11.0,0
90,1,2,50.66666666666666,9.0,1
210,1,2,67.6,5.0,1
60,1,2,61.55,20.0,0
60,0,1,84.66666666666667,12.0,0
120,0,2,0.0,0.0,1
120,1,0,76.66666666666667,3.0,1
60,1,2,62.0,2.0,1
60,0,0,53.0,2.0,1
120,0,0,77.58333333333333,12.0,0
150,1,2,52.5,24.0,0
90,1,2,56.85714285714285,7.0,1
120,0,1,73.0,4.0,1
90,1,0,78.28571428571429,14.0,0
60,0,0,83.0,12.0,0
60,0,2,0.0,0.0,1
60,0,2,82.0,12.0,0
60,0,2,81.58333333333333,12.0,0
120,0,2,56.0,1.0,1
90,2,1,67.21052631578948,19.0,0
60,0,0,76.0,12.0,0
90,1,2,79.16666666666667,12.0,0
60,0,2,75.2,10.0,1
60,0,2,80.91666666666667,12.0,0
60,0,0,92.83333333333331,12.0,0
120,1,0,75.0,12.0,0
60,0,2,73.08333333333333,12.0,0
90,1,2,54.285714285714285,14.0,1
180,1,1,63.0,17.0,1
60,1,2,70.66666666666667,3.0,1
120,1,2,60.5625,16.0,0
60,1,2,70.0,2.0,1
90,0,2,84.75,4.0,1
120,0,0,0.0,0.0,1
60,1,2,66.5,12.0,1
120,0,2,79.0,12.0,0
60,0,0,91.08333333333331,12.0,0
120,0,2,64.0,2.0,1
90,0,2,65.0,2.0,1
60,1,2,86.33333333333333,12.0,0
120,0,0,0.0,0.0,1
60,0,2,82.08333333333333,12.0,0
90,0,2,74.0,1.0,1
120,1,2,0.0,0.0,1
60,0,2,87.83333333333333,12.0,0
60,2,1,76.0,2.0,1
120,0,0,0.0,0.0,1
60,0,2,77.33333333333333,12.0,0
60,0,2,56.5,12.0,1
90,1,4,68.92307692307692,13.0,0
120,0,0,0.0,0.0,1
90,0,2,84.66666666666667,12.0,0
60,0,0,89.33333333333333,12.0,0
60,0,0,0.0,0.0,1
90,1,0,63.66666666666666,3.0,1
120,0,2,0.0,0.0,1
90,0,0,0.0,0.0,1
120,1,0,59.5,6.0,1
60,0,0,71.0,2.0,1
60,0,4,73.25,16.0,0
120,1,2,60.0,2.0,1
60,1,2,60.0,4.0,1
60,0,2,80.75,8.0,1
180,1,2,60.588235294117645,17.0,1
180,1,2,84.41666666666667,12.0,0
60,1,1,62.5,8.0,1
120,0,2,73.58333333333333,12.0,0
60,1,2,58.53333333333333,15.0,1
60,0,0,87.2,5.0,1
120,0,1,82.63636363636364,11.0,0
120,1,0,74.25,8.0,1
60,0,2,76.0,12.0,0
60,1,0,67.0,4.0,1
60,0,1,71.66666666666667,12.0,0
60,1,2,65.0,8.0,1
120,1,2,69.0,4.0,1
60,0,1,85.58333333333333,12.0,0
120,1,0,70.91666666666667,12.0,0
300,0,2,0.0,0.0,1
60,0,2,71.33333333333333,3.0,1
60,1,3,86.5,2.0,1
60,0,0,70.05555555555556,18.0,0
120,2,2,36.6,5.0,1
90,1,0,58.0,12.0,1
60,0,0,82.58333333333333,12.0,0
120,0,1,93.0,12.0,0
120,0,1,0.0,0.0,1
60,1,0,86.83333333333333,6.0,1
90,1,0,75.0,4.0,1
90,1,0,68.08333333333333,12.0,1
60,0,2,88.16666666666667,12.0,0
60,0,2,84.66666666666667,12.0,0
60,0,0,85.5,12.0,0
90,1,2,70.0,1.0,1
90,0,0,80.75,12.0,0
90,0,0,76.0,12.0,0
90,0,0,84.0,1.0,1
60,1,2,66.11764705882354,17.0,0
90,1,0,76.0,1.0,1
60,0,0,94.75,12.0,0
60,0,1,90.08333333333331,12.0,0
120,1,2,0.0,0.0,1
60,0,0,90.08333333333331,12.0,0
60,0,2,0.0,0.0,1
60,0,0,77.83333333333333,12.0,0
120,0,0,88.83333333333333,12.0,0
60,0,2,80.08333333333333,12.0,0
60,0,2,82.33333333333333,12.0,0
120,0,2,93.33333333333331,12.0,0
60,0,0,86.5,4.0,1
60,1,1,76.1,20.0,0
60,1,2,67.41666666666667,12.0,0
120,0,0,87.16666666666667,12.0,0
60,0,0,85.75,12.0,0
60,0,0,80.25,12.0,0
60,0,0,84.25,12.0,0
60,0,2,71.75,12.0,0
60,0,0,76.66666666666667,6.0,1
60,0,0,51.09090909090909,11.0,0
60,0,0,59.0,11.0,0
60,0,0,69.33333333333333,9.0,0
120,1,0,89.5,12.0,0
60,0,2,85.0,12.0,0
60,1,0,71.53333333333333,15.0,0
60,0,0,85.33333333333333,12.0,0
120,1,0,75.85714285714286,14.0,1
90,0,2,64.0,2.0,1
120,1,0,68.0,1.0,1
90,0,2,77.5,4.0,1
60,0,2,83.16666666666667,12.0,0
60,0,1,71.42857142857143,7.0,1
60,0,0,89.5,12.0,0
90,0,0,68.0,1.0,1
60,0,0,77.33333333333333,12.0,0
90,1,2,63.333333333333336,12.0,0
60,0,0,94.75,16.0,0
60,0,2,74.83333333333333,12.0,0
60,1,1,76.83333333333333,12.0,0
120,0,1,0.0,0.0,1
120,1,2,0.0,0.0,1
90,0,1,96.16666666666669,12.0,0
60,1,2,74.0,4.0,1
60,0,0,76.66666666666667,12.0,0
60,0,0,86.5,6.0,1
60,1,0,78.41666666666667,12.0,0
60,0,0,60.91666666666666,12.0,0
60,1,2,81.0,2.0,1
60,0,0,90.25,12.0,0
90,1,0,0.0,0.0,1
120,1,3,0.0,0.0,1
120,0,2,0.0,0.0,1
60,0,2,82.0,5.0,1
60,0,2,54.0,1.0,1
60,0,2,83.33333333333333,12.0,0
60,0,0,91.75,12.0,0
90,1,4,92.0,1.0,1
60,0,2,0.0,0.0,1
60,0,2,87.0,12.0,0
90,0,2,83.0,3.0,1
120,0,0,79.0,4.0,1
60,0,0,87.25,4.0,1
60,0,2,68.75,12.0,0
60,0,0,87.16666666666667,12.0,0
60,0,2,0.0,0.0,1
60,0,0,77.83333333333333,12.0,0
90,1,2,60.333333333333336,3.0,1
60,1,1,0.0,0.0,1
120,0,0,76.0,1.0,1
60,0,1,89.83333333333333,12.0,0
90,0,2,0.0,0.0,1
120,0,0,88.16666666666667,12.0,0
60,1,1,85.58823529411765,17.0,0
60,0,0,88.58333333333333,12.0,0
60,0,0,86.88235294117646,17.0,1
60,0,2,73.0909090909091,11.0,0
60,1,2,86.4,5.0,1
90,0,0,82.33333333333333,12.0,0
120,0,2,55.083333333333336,12.0,1
60,0,0,85.57142857142857,21.0,0
150,0,0,86.41666666666667,12.0,0
60,1,0,64.4,15.0,1
60,0,0,87.0,12.0,0
60,0,0,81.08333333333333,12.0,0
180,0,2,74.41666666666667,12.0,0
60,0,1,88.83333333333333,12.0,0
60,1,2,69.33333333333333,6.0,1
300,0,0,81.91666666666667,12.0,0
120,0,0,66.0,12.0,1
90,1,2,86.66666666666667,3.0,1
60,0,2,79.0909090909091,11.0,0
90,1,2,66.0,1.0,1
120,0,2,0.0,0.0,1
150,1,2,66.5,12.0,0
60,1,0,73.0,2.0,1
150,0,2,73.0,10.0,1
90,0,2,86.75,12.0,0
90,0,0,89.85714285714286,21.0,0
60,0,2,61.0,2.0,1
60,0,2,0.0,0.0,1
90,0,1,84.04761904761905,21.0,0
120,0,2,78.08333333333333,12.0,0
60,0,2,71.91666666666667,12.0,0
60,0,0,89.33333333333333,12.0,0
60,0,2,54.63636363636363,11.0,1
60,1,0,77.47058823529412,17.0,1
60,1,0,0.0,0.0,1
90,0,2,83.5,12.0,0
60,1,2,74.08333333333333,12.0,1
60,0,2,58.0,2.0,1
120,0,2,48.0,1.0,1
90,1,0,86.0,12.0,0
120,0,2,0.0,0.0,1
60,0,1,67.75,12.0,0
60,0,0,88.91666666666667,12.0,0
120,0,0,0.0,0.0,1
60,1,0,77.58333333333333,12.0,0
60,0,2,64.5,12.0,0
60,1,0,78.5,4.0,1
120,0,0,72.0,1.0,1
150,0,1,0.0,0.0,1
60,0,2,0.0,0.0,1
240,0,0,0.0,0.0,1
120,0,2,69.0,3.0,1
60,0,0,92.16666666666669,12.0,0
120,0,1,96.33333333333331,21.0,0
60,0,0,84.16666666666667,12.0,0
60,1,0,69.36363636363636,11.0,1
90,1,0,71.76470588235294,17.0,1
120,0,2,86.0,1.0,1
60,0,2,83.0,2.0,1
60,1,0,67.125,8.0,1
60,0,2,90.83333333333331,12.0,0
90,0,2,58.54545454545455,11.0,0
90,0,1,92.16666666666669,18.0,0
60,0,2,73.0,12.0,0
120,0,2,0.0,0.0,1
120,0,2,94.0,9.0,1
90,0,1,93.08333333333331,12.0,0
120,0,0,79.7,20.0,0
60,0,0,88.28,25.0,0
90,1,2,66.66666666666667,3.0,1
120,0,0,74.5,2.0,1
60,1,0,84.16666666666667,12.0,0
60,0,2,88.16666666666667,12.0,0
60,0,0,74.18181818181819,11.0,1
60,0,0,68.38095238095238,21.0,0
60,1,0,0.0,0.0,1
60,1,1,0.0,0.0,1
120,0,0,71.83333333333333,12.0,0
60,0,2,89.23809523809524,21.0,0
60,0,4,83.88888888888889,9.0,0
60,0,0,79.83333333333333,12.0,0
60,0,0,93.16666666666669,12.0,0
60,0,2,61.91666666666666,12.0,0
60,1,0,62.0,2.0,1
90,0,2,82.91666666666667,12.0,0
90,0,0,88.83333333333333,12.0,0
90,1,0,89.0,12.0,0
60,1,2,70.66666666666667,12.0,1
60,0,2,83.0,18.0,0
90,1,0,81.33333333333333,12.0,0
90,0,0,79.66666666666667,3.0,1
90,0,2,92.0,12.0,0
60,0,2,0.0,0.0,1
120,0,1,78.0,1.0,1
60,1,0,86.0,1.0,1
120,0,0,0.0,0.0,1
60,0,2,55.75,12.0,1
120,0,2,0.0,0.0,1
60,0,0,0.0,0.0,1
150,0,0,51.833333333333336,6.0,1
90,0,0,82.0,1.0,1
60,0,2,69.54545454545455,11.0,1
60,0,0,81.41666666666667,12.0,0
60,0,2,83.25,4.0,1
120,0,0,80.0,2.0,1
60,0,1,75.66666666666667,12.0,0
60,0,2,75.25,4.0,1
60,0,0,88.16666666666667,12.0,0
120,0,1,0.0,0.0,1
60,0,0,64.33333333333333,12.0,0
60,0,0,86.0,12.0,0
120,0,0,46.0,1.0,1
120,0,1,69.5,4.0,1
90,0,2,76.91666666666667,12.0,0
120,0,2,58.0,1.0,1
120,0,2,0.0,0.0,1
120,0,0,78.33333333333333,12.0,0
120,0,0,65.33333333333333,12.0,1
240,0,2,0.0,0.0,1
150,0,1,92.76190476190476,21.0,0
60,0,1,88.41666666666667,12.0,0
120,0,0,74.0,12.0,0
60,0,2,73.5,12.0,0
180,0,0,53.75,4.0,1
120,0,2,0.0,0.0,1
120,0,2,77.41666666666667,12.0,0
120,0,0,0.0,0.0,1
150,0,2,54.66666666666666,3.0,1
60,0,0,46.0,4.0,1
120,0,0,90.25,4.0,1
90,0,1,50.91666666666666,12.0,1
120,0,1,93.9047619047619,21.0,0
60,0,2,67.0,2.0,1
120,0,2,66.66666666666667,3.0,1
90,0,2,72.5,12.0,0
150,0,0,33.25,4.0,1
60,0,1,76.5,12.0,0
120,0,0,81.91666666666667,12.0,0
60,0,0,83.0,12.0,0
60,0,0,84.66666666666667,12.0,0
120,0,2,0.0,0.0,1
60,0,0,0.0,0.0,1
90,0,2,70.91666666666667,12.0,0
90,0,2,70.91666666666667,12.0,0
60,0,0,90.25,12.0,0
90,0,0,86.25,12.0,0
120,0,0,80.33333333333333,6.0,1
90,0,2,56.0,5.0,1
90,0,2,73.58333333333333,12.0,0
120,0,2,78.33333333333333,12.0,0
120,0,0,83.0,7.0,1
120,0,2,67.0,2.0,1
90,0,0,73.58333333333333,12.0,0
60,0,2,70.0,2.0,1
60,0,0,0.0,0.0,1
60,0,0,79.5,12.0,0
240,0,2,0.0,0.0,1
60,0,1,87.5,12.0,0
180,0,0,84.33333333333333,12.0,0
120,0,0,0.0,0.0,1
90,0,0,96.08333333333331,12.0,0
120,0,2,64.0,1.0,1
120,0,2,65.33333333333333,3.0,1
90,0,2,83.83333333333333,12.0,0
60,0,1,70.0,12.0,0
120,0,2,0.0,0.0,1
90,0,2,73.58333333333333,12.0,0
60,0,0,84.83333333333333,12.0,0
90,0,2,79.33333333333333,12.0,0
60,0,1,85.5,12.0,0
60,0,2,0.0,0.0,1
90,0,0,70.0,2.0,1
60,0,2,92.41666666666669,12.0,0
90,0,2,0.0,0.0,1
240,0,0,0.0,0.0,1
60,0,2,31.0,2.0,1
120,0,0,0.0,0.0,1
60,0,0,79.08333333333333,12.0,0
60,0,2,89.5,12.0,0
120,0,0,76.38095238095238,21.0,0
60,0,0,82.25,12.0,0
120,0,2,70.0,1.0,1
60,0,2,72.0,2.0,1
60,0,2,85.25,12.0,0
60,0,2,59.333333333333336,3.0,1
90,0,2,80.25,12.0,0
180,0,2,0.0,0.0,1
120,0,0,63.125,8.0,1
60,0,2,87.75,12.0,0
60,0,2,0.0,0.0,1
60,0,0,87.83333333333333,12.0,0
240,0,0,0.0,0.0,1
60,0,0,72.66666666666667,12.0,0
60,0,0,90.5,12.0,0
120,0,0,0.0,0.0,1
60,0,2,86.33333333333333,12.0,0
120,0,2,84.66666666666667,12.0,0
90,0,2,61.41666666666666,12.0,0
60,0,2,78.75,12.0,0
180,0,0,70.0,2.0,1
60,0,0,91.08333333333331,12.0,0
60,0,2,0.0,0.0,1
60,0,0,81.0,12.0,0
60,0,1,0.0,0.0,1
120,0,2,65.0,2.0,1
60,0,2,86.0,1.0,1
60,0,0,95.0,12.0,0
90,0,1,91.41666666666669,12.0,0
150,0,2,56.0,2.0,1
120,0,2,72.16666666666667,6.0,1
120,0,2,61.0,12.0,0
90,0,2,84.91666666666667,12.0,0
120,0,0,65.5,12.0,0
60,0,2,76.0,2.0,1
60,0,0,0.0,0.0,1
90,0,0,66.75,12.0,0
60,0,1,80.66666666666667,12.0,0
60,0,1,83.91666666666667,12.0,0
60,0,2,78.0,12.0,0
60,0,0,59.083333333333336,12.0,0
60,0,0,76.0,2.0,1
60,0,2,0.0,0.0,1
120,0,2,0.0,0.0,1
60,0,1,95.66666666666669,12.0,0
60,0,0,80.0,12.0,0
60,0,0,87.0,12.0,0
120,0,0,81.08333333333333,12.0,0
60,0,0,83.41666666666667,12.0,0
60,0,0,72.91666666666667,12.0,0
180,0,2,49.5,2.0,1
120,0,2,66.33333333333333,3.0,1
60,0,1,87.33333333333333,12.0,0
60,0,1,90.75,12.0,0
120,0,1,57.0,2.0,1
120,0,0,77.41666666666667,12.0,0
180,0,2,74.75,12.0,0
60,0,2,76.0,1.0,1
120,0,2,65.9090909090909,11.0,0
120,0,2,85.5,12.0,0
150,0,2,68.75,20.0,0
120,0,2,66.0,1.0,1
60,0,2,88.66666666666667,12.0,0
60,0,2,78.66666666666667,12.0,0
60,0,0,89.0,12.0,0
60,0,0,77.0909090909091,11.0,0
60,0,2,88.33333333333333,12.0,0
60,0,2,93.0,12.0,0
60,0,1,0.0,0.0,1
150,0,2,74.63636363636364,11.0,0
60,0,0,72.0,1.0,1
60,0,0,0.0,0.0,1
60,0,0,0.0,0.0,1
120,0,0,74.16666666666667,12.0,0
60,0,2,0.0,0.0,1
120,0,0,89.66666666666667,21.0,0
60,0,2,76.0,4.0,1
60,0,0,69.83333333333333,12.0,0
60,0,0,88.75,12.0,0
120,0,2,48.66666666666666,3.0,1
180,0,2,0.0,0.0,1
60,0,2,70.0,1.0,1
90,0,2,0.0,0.0,1
120,0,2,88.66666666666667,12.0,0
60,0,2,0.0,0.0,1
60,0,0,88.75,4.0,1
90,0,2,68.33333333333333,6.0,1
60,0,2,80.16666666666667,12.0,1
120,0,2,0.0,0.0,1
90,0,1,84.66666666666667,21.0,0
210,0,1,0.0,0.0,1
120,0,0,0.0,0.0,1
120,0,0,67.5,12.0,0
60,0,0,80.3,10.0,0
90,0,2,75.5,12.0,0
210,0,3,0.0,0.0,1
120,0,0,49.0,2.0,1
120,0,0,0.0,0.0,1
120,0,2,47.16666666666666,12.0,1
60,0,0,68.1,10.0,1
90,0,2,80.21428571428571,14.0,0
120,0,0,67.16666666666667,12.0,0
90,0,1,68.08333333333333,12.0,0
60,0,0,88.75,12.0,0
90,0,0,79.75,12.0,0
120,0,0,82.25,12.0,0
90,0,2,88.08333333333333,12.0,0
60,0,0,0.0,0.0,1
60,0,0,90.58333333333331,12.0,0
120,0,0,76.0,1.0,1
90,0,2,0.0,0.0,1
90,0,2,82.08333333333333,12.0,0
60,0,0,68.91666666666667,12.0,0
60,0,2,88.91666666666667,12.0,0
120,0,4,89.83333333333333,12.0,0
60,0,2,74.5,12.0,0
120,0,0,0.0,0.0,1
90,0,1,80.58333333333333,12.0,0
60,0,0,93.75,12.0,0
60,0,0,84.58333333333333,12.0,0
60,0,0,0.0,0.0,1
120,0,0,80.08333333333333,12.0,0
120,0,0,72.83333333333333,12.0,0
90,0,0,64.5,4.0,1
210,0,0,62.0,1.0,1
120,0,0,87.75,12.0,0
60,0,0,87.25,12.0,0
180,0,2,85.66666666666667,6.0,1
60,0,1,0.0,0.0,1
120,0,0,88.25,12.0,0
60,0,2,87.0,3.0,1
120,0,2,70.0,1.0,1
120,0,0,78.33333333333333,12.0,0
90,0,2,48.0,1.0,1
60,0,0,0.0,0.0,1
60,0,2,0.0,0.0,1
60,0,0,66.41666666666667,12.0,0
120,0,0,92.33333333333331,12.0,0
120,0,2,68.0,1.0,1
60,0,1,0.0,0.0,1
60,0,2,80.0,1.0,1
150,0,3,0.0,0.0,1
120,0,0,0.0,0.0,1
120,0,2,85.83333333333333,12.0,0
60,0,0,0.0,0.0,1
120,0,0,88.0,12.0,0
90,0,0,85.0,2.0,1
60,0,0,69.0,2.0,1
150,0,1,75.58333333333333,12.0,0
90,0,0,73.66666666666667,12.0,0
120,0,0,86.58333333333333,12.0,0
120,0,0,82.66666666666667,3.0,1
120,0,2,71.58333333333333,12.0,0
60,0,0,71.75,12.0,0
60,0,0,80.0909090909091,11.0,0
60,0,2,66.0,1.0,1
90,0,2,0.0,0.0,1
60,0,0,0.0,0.0,1
60,0,2,75.0,12.0,0
60,0,1,38.5,2.0,1
120,0,2,0.0,0.0,1
60,0,2,70.91666666666667,12.0,0
60,0,0,91.66666666666669,12.0,0
120,0,0,37.333333333333336,3.0,1
180,0,0,82.0,1.0,1
120,0,2,75.83333333333333,12.0,0
120,0,2,74.8,10.0,1
90,0,0,84.0,12.0,0
60,0,0,88.08333333333333,12.0,0
120,0,2,76.5,12.0,0
60,0,2,89.58333333333333,12.0,0
90,0,2,78.83333333333333,12.0,0
60,0,2,90.41666666666669,12.0,0
90,0,2,73.66666666666667,12.0,0
120,0,2,72.0,12.0,0
120,0,0,0.0,0.0,1
60,0,2,0.0,0.0,1
120,0,0,71.04761904761905,21.0,0
120,0,2,64.0,1.0,1
120,0,1,58.0,2.0,1
60,0,2,74.41666666666667,12.0,0
150,0,0,74.81818181818181,11.0,0
90,0,1,0.0,0.0,1
120,0,2,66.0,2.0,1
60,0,1,86.75,12.0,0
60,0,0,85.91666666666667,12.0,0
90,0,0,0.0,0.0,1
120,0,0,58.0,1.0,1
120,0,0,89.8,10.0,0
90,0,0,85.08333333333333,12.0,0
120,0,2,0.0,0.0,1
120,0,0,91.0,4.0,1
120,0,0,81.0,2.0,1
90,0,0,0.0,0.0,1
150,0,2,83.41666666666667,12.0,0
120,0,0,73.91666666666667,12.0,0
120,0,2,0.0,0.0,1
120,0,0,87.75,12.0,0
90,0,0,89.91666666666667,12.0,0
60,0,2,0.0,0.0,1
120,0,0,66.38095238095238,21.0,0
120,0,0,0.0,0.0,1
60,0,2,0.0,0.0,1
60,0,0,90.66666666666669,12.0,0
180,0,0,0.0,0.0,1
60,0,2,76.0,2.0,1
60,0,0,0.0,0.0,1
60,0,0,88.5,12.0,0
60,0,0,0.0,0.0,1
120,0,0,70.0,1.0,1
60,0,2,82.57142857142857,7.0,1
120,0,2,86.75,12.0,0
120,0,0,0.0,0.0,1
60,0,2,0.0,0.0,1
60,0,2,0.0,0.0,1
60,0,2,0.0,0.0,1
120,0,2,67.0,1.0,1
120,0,2,69.33333333333333,12.0,0
150,0,0,72.33333333333333,3.0,1
60,0,2,0.0,0.0,1
60,0,2,68.66666666666667,12.0,0
120,0,0,87.0,2.0,1
90,0,2,73.66666666666667,12.0,0
120,0,0,78.5,4.0,1
60,0,1,70.0,1.0,1
240,0,0,0.0,0.0,1
120,0,0,56.0,2.0,1
60,0,2,79.66666666666667,9.0,1
120,0,2,75.0,12.0,0
60,0,1,81.91666666666667,12.0,0
60,0,2,75.625,8.0,0
90,0,0,77.3,10.0,1
180,0,2,0.0,0.0,1
60,0,2,71.33333333333333,12.0,0
120,0,3,0.0,0.0,1
60,0,0,80.58333333333333,12.0,0
60,0,0,80.41666666666667,12.0,0
90,0,2,72.83333333333333,12.0,0
180,0,2,65.75,8.0,1
120,0,0,79.0,12.0,1
120,0,2,53.25,12.0,0
60,0,0,89.0,3.0,1
60,0,0,77.4,5.0,1
120,0,0,81.58333333333333,12.0,0
90,0,0,73.0,2.0,1
60,0,2,0.0,0.0,1
120,0,1,77.08333333333333,12.0,0
120,0,2,74.5,12.0,0
90,0,2,82.66666666666667,12.0,0
90,0,0,84.16666666666667,12.0,0
60,0,0,89.5,6.0,1
120,0,2,0.0,0.0,1
60,0,2,0.0,0.0,1
120,0,2,85.0,1.0,1
120,0,2,65.0,7.0,1
60,0,0,80.0,1.0,1
120,0,2,92.25,12.0,0
90,0,0,67.5,12.0,0
60,0,2,0.0,0.0,1
60,0,0,66.75,4.0,1
90,0,0,0.0,0.0,1
60,0,2,81.75,4.0,1
60,0,1,0.0,0.0,1
60,0,2,86.75,12.0,0
60,0,0,84.75,4.0,1
120,0,0,82.25,12.0,0
120,0,2,63.5,4.0,1
120,0,2,72.0,1.0,1
120,0,1,0.0,0.0,1
120,0,0,76.0,3.0,1
90,0,0,82.75,4.0,1
120,0,0,77.91666666666667,12.0,0
60,0,0,71.0,2.0,1
150,0,0,74.0,2.0,1
120,0,2,89.33333333333333,12.0,0
60,0,2,69.8,5.0,1
60,0,2,0.0,0.0,1
60,0,0,83.08333333333333,12.0,0
60,0,1,0.0,0.0,1
120,0,2,79.0,4.0,1
60,0,2,0.0,0.0,1
120,0,2,0.0,0.0,1
90,0,0,80.5,12.0,0
90,0,1,82.71428571428571,21.0,0
180,0,0,0.0,0.0,1
120,0,0,0.0,0.0,1
120,0,2,79.75,12.0,0
60,0,2,58.25,12.0,0
60,0,2,0.0,0.0,1
120,0,0,81.5,10.0,0
60,0,0,87.58333333333333,12.0,0
60,0,0,83.5,2.0,1
90,0,2,0.0,0.0,1
120,0,1,59.25,12.0,0
120,0,2,0.0,0.0,1
120,0,2,74.83333333333333,6.0,1
120,0,0,58.0,1.0,1
150,0,2,61.0,2.0,1
120,0,2,60.0,3.0,1
120,0,0,0.0,0.0,1
60,0,4,71.66666666666667,3.0,1
60,0,0,82.58333333333333,12.0,0
60,0,0,80.58333333333333,12.0,0
60,0,2,0.0,0.0,1
60,0,0,65.0,12.0,0
120,0,0,75.91666666666667,12.0,0
90,0,2,74.25,12.0,0
120,0,2,74.66666666666667,12.0,0
60,0,2,65.0909090909091,11.0,0
60,0,0,62.5,4.0,1
60,0,2,76.81818181818181,11.0,0
60,0,1,94.33333333333331,3.0,1
60,0,0,0.0,0.0,1
150,0,0,85.6,5.0,1
60,0,0,66.0,2.0,1
120,0,2,0.0,0.0,1
90,0,2,77.16666666666667,12.0,0
60,0,2,68.08333333333333,12.0,0
120,0,2,72.0,1.0,1
60,0,2,76.33333333333333,12.0,0
60,0,0,0.0,0.0,1
90,0,0,89.25,12.0,0
60,0,2,79.33333333333333,12.0,0
60,0,0,88.75,12.0,0
60,0,2,89.41666666666667,12.0,0
120,0,0,0.0,0.0,1
120,0,2,0.0,0.0,1
120,0,0,0.0,0.0,1
60,0,0,75.5,4.0,1
120,0,2,0.0,0.0,1
60,0,0,0.0,0.0,1
60,0,0,62.833333333333336,12.0,0
90,0,1,67.0,2.0,1
120,0,0,87.75,12.0,0
60,0,2,66.0,1.0,1
60,0,0,84.41666666666667,12.0,0
60,0,1,71.0,11.0,0
120,0,0,0.0,0.0,1
60,0,2,96.25,12.0,0
60,0,0,80.58333333333333,12.0,0
60,0,0,0.0,0.0,1
150,0,2,74.16666666666667,12.0,0
60,0,2,79.91666666666667,12.0,0
120,0,0,88.0,2.0,1
60,0,2,78.5,10.0,0
60,0,2,0.0,0.0,1
120,0,1,77.5,12.0,0
120,0,2,86.0,1.0,1
60,0,2,95.33333333333331,12.0,0
90,0,2,64.0,2.0,1
60,0,2,73.3,10.0,0
60,0,0,80.33333333333333,3.0,1
60,0,0,89.91666666666667,12.0,0
60,0,0,89.5,12.0,0
120,0,0,0.0,0.0,1
60,0,2,84.33333333333333,12.0,0
120,0,2,64.0,1.0,1
120,0,0,75.5,12.0,0
60,0,0,71.0,2.0,1
60,0,2,89.66666666666667,12.0,0
60,0,2,77.33333333333333,3.0,1
60,0,2,52.0,1.0,1
60,0,2,44.0,1.0,1
120,0,0,79.66666666666667,12.0,0
120,0,2,69.22222222222223,9.0,1
90,0,2,78.0,12.0,0
120,0,2,61.30769230769231,13.0,0
60,0,2,58.0,1.0,1
60,0,2,88.83333333333333,12.0,0
180,0,2,48.57142857142857,7.0,1
120,0,1,78.70588235294117,17.0,0
90,0,1,69.2,5.0,1
60,0,2,0.0,0.0,1
90,0,2,64.0,1.0,1
240,0,2,0.0,0.0,1
120,0,0,0.0,0.0,1
60,0,2,68.5,12.0,0
90,0,0,74.0,12.0,0
60,0,2,0.0,0.0,1
60,0,2,68.33333333333333,3.0,1
60,0,0,80.0,2.0,1
120,0,0,86.5,12.0,0
120,0,0,75.75,12.0,0
60,0,2,89.72727272727273,11.0,0
60,0,2,83.5,12.0,0
60,0,0,76.75,12.0,0
60,0,1,78.91666666666667,12.0,0
60,0,2,0.0,0.0,1
90,0,2,70.66666666666667,12.0,0
60,0,0,63.0,2.0,1
90,0,0,0.0,0.0,1
60,0,0,64.91666666666667,12.0,0
60,0,2,81.33333333333333,3.0,1
90,0,2,68.81818181818181,11.0,0
120,0,0,87.5,2.0,1
120,0,2,0.0,0.0,1
120,0,1,0.0,0.0,1
90,0,1,63.6,5.0,1
120,0,3,78.0,1.0,1
60,0,1,86.5,12.0,0
240,0,2,88.66666666666667,3.0,1
60,0,2,50.0,2.0,1
60,0,2,83.0,3.0,1
120,0,2,72.17647058823529,17.0,0
60,0,2,68.33333333333333,12.0,0
60,0,2,69.41666666666667,12.0,0
60,0,4,75.0,2.0,1
90,0,0,63.5,12.0,0
120,0,0,91.08333333333331,12.0,0
120,0,2,0.0,0.0,1
120,0,0,89.55555555555556,9.0,1
90,0,2,0.0,0.0,1
60,0,2,70.91666666666667,12.0,0
90,0,1,80.0,1.0,1
150,0,2,0.0,0.0,1
60,0,1,0.0,0.0,1
60,0,0,84.9,10.0,1
60,0,2,88.0,3.0,1
120,0,0,84.08333333333333,12.0,0
60,0,0,81.91666666666667,12.0,0
120,0,2,81.58333333333333,12.0,0
120,0,2,0.0,0.0,1
120,0,0,0.0,0.0,1
150,0,0,0.0,0.0,1
60,0,2,0.0,0.0,1
90,0,2,46.2,5.0,1
60,0,0,67.16666666666667,12.0,1
60,0,2,0.0,0.0,1
120,0,2,0.0,0.0,1
120,0,2,78.0,1.0,1
180,0,2,0.0,0.0,1
90,0,2,95.16666666666669,12.0,0
60,0,2,78.5,12.0,0
120,0,0,91.33333333333331,12.0,0
60,0,2,77.0,3.0,1
60,0,1,89.16666666666667,12.0,0
120,0,0,0.0,0.0,1
60,0,2,66.22222222222223,9.0,1
120,0,0,0.0,0.0,1
120,0,2,59.66666666666666,3.0,1
120,0,2,78.0,2.0,1
120,0,2,68.0,1.0,1
60,0,2,87.83333333333333,12.0,0
60,0,2,68.6,5.0,1
90,0,0,85.33333333333333,12.0,0
150,0,1,85.9,20.0,0
60,0,2,93.25,12.0,0
150,0,2,0.0,0.0,1
60,0,2,76.75,12.0,0
60,0,0,59.0,2.0,1
60,0,2,0.0,0.0,1
120,0,0,85.83333333333333,12.0,0
120,0,0,0.0,0.0,1
120,0,2,78.5,12.0,0
120,0,2,0.0,0.0,1
120,0,0,60.0,1.0,1
120,0,1,0.0,0.0,1
80,0,2,0.0,0.0,1
120,0,0,72.58333333333333,12.0,0
60,0,0,70.0,1.0,1
120,0,0,72.05263157894737,19.0,0
60,0,1,84.58333333333333,12.0,0
150,0,2,60.0,1.0,1
60,0,1,67.33333333333333,12.0,0
90,0,0,76.16666666666667,6.0,1
120,0,0,83.5,12.0,0
60,0,0,0.0,0.0,1
60,0,0,88.0,1.0,1
60,0,2,89.08333333333333,12.0,0
120,0,0,61.0,2.0,1
120,0,2,0.0,0.0,1
120,0,0,77.0,12.0,0
60,0,2,91.25,12.0,0
60,0,0,77.66666666666667,12.0,0
60,0,2,88.41666666666667,12.0,0
120,0,2,69.25,12.0,0
120,0,0,87.6,10.0,0
180,0,2,64.5,2.0,1
60,0,0,86.83333333333333,12.0,0
90,0,0,84.81818181818181,11.0,0
180,0,1,0.0,0.0,1
90,0,2,62.0,1.0,1
60,0,0,0.0,0.0,1
120,0,0,0.0,0.0,1
60,0,0,83.83333333333333,12.0,0
60,0,3,0.0,0.0,1
60,0,0,88.25,12.0,0
120,0,2,0.0,0.0,1
60,0,2,74.75,12.0,0
60,0,2,0.0,0.0,1
120,0,0,76.41666666666667,12.0,0
60,0,2,0.0,0.0,1
60,0,0,82.0,1.0,1
120,0,2,84.33333333333333,12.0,0
90,0,0,72.5,12.0,0
240,0,2,80.0,2.0,1
60,0,0,88.16666666666667,12.0,0
60,0,2,85.33333333333333,6.0,1
60,0,2,77.91666666666667,12.0,0
120,0,1,72.82352941176471,17.0,0
240,0,0,0.0,0.0,1
120,0,2,68.0,1.0,1
120,0,2,0.0,0.0,1
120,0,0,0.0,0.0,1
60,0,2,80.83333333333333,12.0,0
60,0,0,80.41666666666667,12.0,0
60,0,2,83.66666666666667,12.0,0
60,0,1,87.66666666666667,12.0,0
60,0,0,74.41666666666667,12.0,0
120,0,0,86.83333333333333,12.0,0
120,0,0,86.0,1.0,1
60,0,0,0.0,0.0,1
90,0,1,95.58333333333331,12.0,0
120,0,2,87.33333333333333,12.0,0
60,0,2,85.41666666666667,12.0,0
120,0,0,79.0,11.0,0
60,0,1,80.83333333333333,12.0,0
120,0,0,58.333333333333336,3.0,1
60,0,0,88.75,12.0,0
120,0,0,79.19047619047619,21.0,0
60,0,1,88.66666666666667,12.0,0
60,0,0,88.08333333333333,12.0,0
60,0,2,77.0,4.0,1
60,0,1,0.0,0.0,1
60,0,0,84.83333333333333,12.0,0
150,0,1,81.58333333333333,12.0,0
60,0,2,78.83333333333333,12.0,0
60,0,1,86.25,12.0,0
120,0,0,88.25,12.0,0
120,0,3,83.04761904761905,21.0,0
60,0,0,92.0,12.0,0
60,0,2,0.0,0.0,1
240,0,2,0.0,0.0,1
60,0,2,82.16666666666667,12.0,0
120,0,0,87.08333333333333,12.0,0
60,0,2,0.0,0.0,1
60,0,2,90.75,12.0,0
90,0,0,0.0,0.0,1
120,0,2,0.0,0.0,1
120,0,0,0.0,0.0,1
60,0,1,87.33333333333333,12.0,0
120,0,0,0.0,0.0,1
120,0,1,83.4,20.0,0
120,0,2,0.0,0.0,1
60,0,2,81.75,12.0,0
120,0,2,84.08333333333333,12.0,0
90,0,1,86.83333333333333,12.0,0
120,0,0,73.36363636363636,11.0,0
120,0,1,57.583333333333336,12.0,1
60,0,1,70.91666666666667,12.0,0
150,0,1,80.5,12.0,0
120,0,1,70.25,12.0,0
90,0,2,68.0,1.0,1
90,0,2,78.58333333333333,12.0,0
180,0,2,84.0,1.0,1
60,0,2,74.0,1.0,1
60,0,2,83.66666666666667,12.0,0
60,0,0,69.66666666666667,3.0,1
90,0,0,0.0,0.0,1
60,0,2,74.83333333333333,12.0,0
60,0,0,0.0,0.0,1
60,0,0,92.58333333333331,12.0,0
60,0,0,0.0,0.0,1
90,0,0,0.0,0.0,1
120,0,2,0.0,0.0,1
60,0,2,64.0,1.0,1
60,0,2,58.0,1.0,1
60,0,0,86.5,12.0,0
60,0,0,68.27272727272727,11.0,0
60,0,2,81.0,3.0,1
60,0,0,89.75,12.0,0
120,0,0,78.41666666666667,12.0,0
60,0,0,0.0,0.0,1
60,0,0,81.5,6.0,1
60,0,0,88.91666666666667,12.0,0
60,0,0,0.0,0.0,1
60,0,2,84.5,12.0,0
60,0,2,54.45454545454545,11.0,1
120,0,2,78.41666666666667,12.0,0
120,0,2,0.0,0.0,1
60,0,2,0.0,0.0,1
60,0,1,81.25,12.0,0
60,0,2,89.33333333333333,12.0,0
60,0,2,63.66666666666666,6.0,1
60,0,2,78.0,12.0,0
60,0,0,94.58333333333331,12.0,0
150,0,1,75.83333333333333,12.0,0
60,0,2,90.0,1.0,1
120,0,0,85.25,12.0,0
60,0,0,87.08333333333333,12.0,0
120,0,2,56.0,1.0,1
90,0,0,85.33333333333333,12.0,0
60,0,2,75.27272727272727,11.0,0
120,0,2,0.0,0.0,1
90,0,1,0.0,0.0,1
240,0,2,84.0,1.0,1
150,0,1,77.52380952380952,21.0,0
120,0,2,76.83333333333333,12.0,0
120,0,0,88.83333333333333,12.0,0
60,0,2,58.0,12.0,0
60,0,0,85.08333333333333,12.0,0
60,0,0,70.33333333333333,12.0,0
60,0,1,80.91666666666667,12.0,0
60,0,2,74.25,12.0,1
60,0,2,76.66666666666667,3.0,1
120,0,1,0.0,0.0,1
120,0,0,69.5,12.0,1
60,0,1,85.66666666666667,12.0,0
60,0,2,82.08333333333333,12.0,0
60,0,2,76.83333333333333,12.0,0
60,0,1,58.5,4.0,1
120,0,0,57.333333333333336,12.0,0
120,0,0,77.75,4.0,1
120,0,2,68.0,1.0,1
60,0,2,0.0,0.0,1
60,0,2,75.5,12.0,0
60,0,2,56.75,4.0,1
180,0,2,60.0,1.0,1
120,0,0,56.333333333333336,12.0,1
120,0,0,76.16666666666667,12.0,1
60,0,2,0.0,0.0,1
120,0,0,0.0,0.0,1
60,0,2,82.0,12.0,0
60,0,1,47.0,2.0,1
120,0,0,59.333333333333336,9.0,1
60,0,0,0.0,0.0,1
120,0,2,0.0,0.0,1
180,0,2,78.41666666666667,12.0,0
90,0,2,0.0,0.0,1
60,0,2,0.0,0.0,1
120,0,2,77.72222222222223,18.0,0
120,0,0,91.91666666666669,12.0,0
60,0,2,58.72727272727273,11.0,1
90,0,2,0.0,0.0,1
120,0,0,0.0,0.0,1
120,0,0,78.58333333333333,12.0,0
60,0,1,0.0,0.0,1
240,0,0,81.0,4.0,1
120,0,0,68.08333333333333,12.0,0
120,0,0,0.0,0.0,1
60,0,2,85.66666666666667,12.0,1
60,0,1,67.33333333333333,3.0,1
120,0,0,82.25,12.0,0
120,0,2,68.0,1.0,1
60,0,1,80.41666666666667,12.0,0
180,0,0,0.0,0.0,1
120,0,0,89.91666666666667,12.0,0
300,0,1,73.0,2.0,1
90,0,0,90.58333333333331,12.0,0
120,0,1,60.0,2.0,1
60,0,1,88.0,12.0,0
90,0,1,85.91666666666667,12.0,0
120,0,2,67.0,3.0,1
60,0,1,93.0,12.0,0
60,0,1,72.33333333333333,3.0,1
120,0,2,0.0,0.0,1
60,0,0,72.16666666666667,12.0,0
60,0,1,85.36363636363636,11.0,0
120,0,0,62.0,12.0,1
120,0,2,61.27272727272727,11.0,1
60,0,0,69.54545454545455,11.0,0
60,0,2,67.5,2.0,1
60,0,0,80.66666666666667,12.0,0
60,0,2,0.0,0.0,1
60,0,0,41.333333333333336,3.0,1
60,0,1,70.58333333333333,12.0,0
120,0,2,64.19047619047619,21.0,0
120,0,2,95.08333333333331,12.0,0
60,0,1,82.83333333333333,12.0,0
90,0,2,79.58333333333333,12.0,0
120,0,0,72.75,12.0,0
180,0,0,86.66666666666667,3.0,1
60,0,1,82.58333333333333,12.0,0
60,0,0,94.75,12.0,0
60,0,2,74.375,8.0,1
60,0,2,0.0,0.0,1
120,0,1,78.0,1.0,1
120,0,1,75.66666666666667,12.0,0
120,0,1,71.16666666666667,12.0,0
120,0,2,0.0,0.0,1
120,0,0,83.52631578947368,19.0,0
60,0,0,0.0,0.0,1
60,0,0,86.33333333333333,12.0,0
120,0,0,84.2,5.0,1
120,0,0,98.42857142857144,21.0,0
120,0,2,0.0,0.0,1
90,0,0,78.9090909090909,11.0,0
90,0,2,64.3529411764706,17.0,0
90,0,0,81.77777777777777,9.0,1
180,0,2,0.0,1.0,1
90,0,2,80.5,4.0,1
90,0,0,82.0,1.0,1
60,0,1,93.41666666666669,12.0,0
60,0,2,74.0,12.0,1
60,0,2,66.75,4.0,1
120,0,0,0.0,0.0,1
150,0,0,81.66666666666667,12.0,0
60,0,0,89.08333333333333,12.0,0
120,0,1,82.58333333333333,12.0,0
60,0,0,0.0,0.0,1
60,0,2,0.0,0.0,1
150,0,0,72.0,1.0,1
180,0,2,80.66666666666667,12.0,0
120,0,0,87.75,12.0,0
60,0,1,91.58333333333331,12.0,0
120,0,2,60.0,1.0,1
150,0,2,75.0,12.0,0
120,0,2,74.83333333333333,12.0,0
60,0,0,85.75,12.0,0
90,0,0,0.0,0.0,1
120,0,0,0.0,0.0,1
60,0,2,78.91666666666667,12.0,0
120,0,2,0.0,0.0,1
120,0,2,80.25,12.0,0
120,0,0,93.66666666666669,12.0,0
60,0,2,80.0,1.0,1
60,0,0,80.9090909090909,11.0,0
120,0,2,70.18181818181819,11.0,0
180,0,0,0.0,0.0,1
60,0,0,84.75,12.0,0
60,0,1,88.83333333333333,12.0,0
60,0,3,87.25,12.0,0
90,0,2,0.0,0.0,1
60,0,2,0.0,0.0,1
90,0,2,73.75,4.0,1
120,0,2,0.0,0.0,1
120,0,2,87.75,4.0,1
120,0,2,73.14285714285714,21.0,0
120,0,2,43.0,2.0,1
90,0,0,0.0,0.0,1
60,0,0,93.25,12.0,0
120,0,2,86.4,5.0,1
60,0,0,75.36363636363636,11.0,1
120,0,0,89.08333333333333,12.0,0
60,0,0,72.55555555555556,9.0,0
60,0,2,0.0,0.0,1
120,0,2,0.0,0.0,1
90,0,0,84.75,12.0,0
120,0,0,93.66666666666669,12.0,0
60,0,0,84.25,12.0,0
60,0,0,82.16666666666667,12.0,0
90,0,0,77.08333333333333,12.0,0
90,0,0,81.9090909090909,11.0,0
60,0,0,76.5,12.0,0
60,0,0,76.0,1.0,1
120,0,2,65.0,2.0,1
120,0,1,80.66666666666667,12.0,0
60,0,2,77.25,12.0,0
120,0,0,87.16666666666667,12.0,0
60,0,0,78.8,10.0,0
60,0,2,72.0,1.0,1
60,0,2,66.0,7.0,1
240,0,2,62.0,2.0,1
120,0,2,0.0,0.0,1
90,0,1,86.08333333333333,12.0,0
60,0,0,0.0,0.0,1
60,0,2,0.0,0.0,1
60,0,0,84.25,4.0,1
120,0,0,79.75,12.0,0
180,0,0,64.0,3.0,1
120,0,0,0.0,0.0,1
60,0,1,78.16666666666667,12.0,0
60,0,1,92.33333333333331,3.0,1
90,0,2,69.91666666666667,12.0,0
60,0,2,81.83333333333333,12.0,0
120,0,2,0.0,0.0,1
90,0,0,76.5,4.0,1
60,0,2,0.0,0.0,1
120,0,0,73.04761904761905,21.0,0
60,0,0,0.0,0.0,1
120,0,0,89.25,12.0,0
120,0,2,56.0,1.0,1
240,0,2,0.0,0.0,1
120,0,0,79.80952380952381,21.0,0
120,0,2,85.33333333333333,3.0,1
60,0,2,87.16666666666667,6.0,1
60,0,0,0.0,0.0,1
60,0,1,74.0,12.0,0
60,0,2,0.0,0.0,1
60,0,0,89.58333333333333,12.0,0
120,0,2,60.0,1.0,1
150,0,2,75.5,12.0,0
60,0,2,0.0,0.0,1
60,0,0,76.08333333333333,12.0,0
120,0,2,83.41666666666667,12.0,0
60,0,2,68.0,2.0,1
60,0,2,65.33333333333333,9.0,1
120,0,2,96.0,1.0,1
120,0,1,82.41666666666667,12.0,0
120,0,0,87.83333333333333,12.0,0
120,0,0,82.0,1.0,1
60,0,0,86.16666666666667,12.0,0
60,0,1,75.75,4.0,1
60,0,0,85.08333333333333,12.0,0
120,0,2,80.0,12.0,0
60,0,2,67.08333333333333,12.0,1
60,0,1,0.0,0.0,1
120,0,0,85.0,2.0,1
60,0,0,81.33333333333333,12.0,0
90,0,0,59.083333333333336,12.0,1
120,0,0,78.0,1.0,1
120,0,1,78.08333333333333,12.0,0
120,0,2,73.66666666666667,3.0,1
60,0,2,86.66666666666667,12.0,0
120,0,0,66.0,1.0,1
60,0,2,77.41666666666667,12.0,0
90,0,2,72.25,12.0,0
120,0,0,0.0,0.0,1
120,0,2,88.16666666666667,12.0,0
60,0,0,85.75,12.0,0
60,0,2,0.0,0.0,1
60,0,2,56.0,2.0,1
120,0,2,70.91666666666667,12.0,0
60,0,0,57.5,2.0,1
60,0,2,82.33333333333333,12.0,0
120,0,2,0.0,0.0,1
60,0,2,81.0,12.0,0
60,0,2,75.0,2.0,1
60,0,0,76.0,1.0,1
90,0,1,73.08333333333333,12.0,0
120,0,2,93.91666666666669,12.0,0
60,0,0,0.0,0.0,1
120,0,0,0.0,0.0,1
60,0,0,72.0,2.0,1
60,0,0,72.33333333333333,3.0,1
60,0,0,78.33333333333333,3.0,1
60,0,0,81.66666666666667,3.0,1
90,0,2,80.66666666666667,12.0,0
90,0,0,73.0,2.0,1
60,0,0,73.33333333333333,12.0,0
120,0,0,0.0,0.0,1
60,0,2,78.25,12.0,0
60,0,2,84.75,12.0,0
120,0,0,0.0,0.0,1
120,0,0,72.5,4.0,1
60,0,0,0.0,0.0,1
60,0,0,84.41666666666667,12.0,0
90,0,0,76.25,12.0,0
120,0,2,0.0,0.0,1
60,0,0,74.08333333333333,12.0,0
90,0,2,86.125,8.0,0
120,0,2,89.0,6.0,1
120,0,2,0.0,0.0,1
150,0,0,0.0,0.0,1
120,0,0,64.25,12.0,0
90,0,2,78.0,1.0,1
60,0,0,70.91666666666667,12.0,0
120,0,2,76.25,12.0,0
60,0,2,0.0,0.0,1
60,0,2,0.0,0.0,1
120,0,0,81.16666666666667,12.0,0
60,0,2,91.55555555555556,9.0,1
150,0,0,0.0,0.0,1
90,0,2,69.0,3.0,1
150,0,1,67.5,2.0,1
60,0,2,94.5,2.0,1
180,0,2,58.27272727272727,11.0,1
120,0,0,70.83333333333333,12.0,0
120,0,1,66.9,10.0,0
60,0,2,77.91666666666667,12.0,0
180,0,2,70.0,1.0,1
120,0,1,90.76190476190476,21.0,0
90,0,2,89.33333333333333,12.0,0
60,0,2,58.4,5.0,1
60,0,2,36.44444444444444,9.0,1
120,0,2,0.0,0.0,1
90,0,0,86.91666666666667,12.0,0
60,0,2,57.5,2.0,1
60,0,3,85.0,12.0,0
120,0,0,87.5,12.0,0
120,0,2,77.16666666666667,12.0,0
60,0,0,0.0,0.0,1
120,0,0,0.0,0.0,1
120,0,2,0.0,0.0,1
105,0,1,70.52631578947368,19.0,0
60,0,0,82.66666666666667,3.0,1
90,0,0,0.0,0.0,1
60,0,2,0.0,0.0,1
120,0,0,67.85714285714286,14.0,0
120,0,0,79.16666666666667,12.0,0
60,0,2,65.5,12.0,0
120,0,2,0.0,0.0,1
120,0,2,0.0,0.0,1
90,0,0,76.5,12.0,0
210,0,0,92.57142857142856,7.0,1
120,0,0,0.0,0.0,1
120,0,0,66.0,1.0,1
120,0,0,56.0,1.0,1
60,0,2,74.0,1.0,1
60,0,0,87.41666666666667,12.0,0
90,0,2,0.0,0.0,1
60,0,2,62.0,1.0,1
120,0,0,70.0909090909091,11.0,0
120,0,0,78.33333333333333,12.0,0
60,0,2,74.0,12.0,0
120,0,0,72.33333333333333,12.0,0
120,0,2,0.0,0.0,1
120,0,1,0.0,0.0,1
60,0,0,60.0,1.0,1
60,0,2,0.0,0.0,1
60,0,1,76.72727272727273,11.0,0
90,0,1,82.66666666666667,12.0,0
120,0,0,78.61904761904762,21.0,0
120,0,0,81.66666666666667,12.0,0
120,0,0,79.63636363636364,11.0,0
120,0,1,0.0,0.0,1
60,0,2,68.6,5.0,1
90,0,2,0.0,0.0,1
180,0,2,0.0,0.0,1
150,0,2,0.0,0.0,1
120,0,0,61.083333333333336,12.0,1
60,0,2,85.5,2.0,1
120,0,0,66.66666666666667,3.0,1
120,0,0,65.8,5.0,1
120,0,2,81.33333333333333,12.0,0
120,0,0,77.66666666666667,9.0,0
90,0,0,80.0,2.0,1
120,0,0,55.75,4.0,1
240,0,2,0.0,0.0,1
60,0,2,81.66666666666667,3.0,1
60,0,0,80.25,4.0,1
90,0,0,70.33333333333333,3.0,1
60,0,1,89.08333333333333,12.0,0
120,0,2,82.08333333333333,12.0,0
90,0,2,88.58333333333333,12.0,0
120,0,2,0.0,0.0,1
60,0,1,83.58333333333333,12.0,0
180,0,0,57.91666666666666,12.0,0
120,0,2,77.66666666666667,12.0,0
240,0,2,70.0,2.0,1
120,0,2,75.25,4.0,1
60,0,0,62.0,2.0,1
120,0,0,89.33333333333333,18.0,1
60,0,0,0.0,0.0,1
120,0,0,71.0,4.0,1
120,0,2,0.0,0.0,1
60,0,2,74.0,1.0,1
60,0,0,80.9090909090909,11.0,0
60,0,2,78.25,12.0,0
60,0,2,87.0,12.0,0
120,0,0,67.66666666666667,12.0,0
60,0,2,58.5,12.0,0
60,0,2,0.0,0.0,1
120,0,1,93.33333333333331,12.0,0
120,0,0,90.0,1.0,1
120,0,0,72.0,1.0,1
60,0,0,81.5,12.0,0
150,0,2,81.45454545454545,11.0,1
120,0,0,67.0,2.0,1
60,0,0,0.0,0.0,1
90,0,0,71.25,12.0,1
60,0,2,0.0,0.0,1
60,0,2,67.25,4.0,1
60,0,0,30.0,2.0,1
120,0,1,0.0,0.0,1
60,0,2,65.25,8.0,1
120,0,0,0.0,0.0,1
90,0,1,0.0,0.0,1
120,0,0,74.0952380952381,21.0,0
60,0,1,0.0,0.0,1
120,0,2,78.0,1.0,1
60,0,2,70.36363636363636,11.0,1
60,0,0,0.0,0.0,1
120,0,0,0.0,0.0,1
60,0,2,0.0,0.0,1
120,0,1,80.75,12.0,0
60,0,0,70.0,1.0,1
120,0,1,75.08333333333333,12.0,0
120,0,0,83.41666666666667,12.0,0
120,0,2,92.66666666666669,12.0,0
120,0,2,0.0,0.0,1
240,0,2,69.0,2.0,1
180,0,0,65.75,12.0,1
60,0,2,90.5,12.0,0
60,0,2,70.33333333333333,3.0,1
120,0,2,0.0,0.0,1
120,0,2,0.0,0.0,1
120,0,0,80.6,5.0,1
60,0,0,78.41666666666667,12.0,0
90,0,2,89.0,1.0,1
120,0,2,0.0,0.0,1
60,0,1,80.33333333333333,3.0,1
60,0,0,72.375,8.0,0
60,0,0,82.0,1.0,1
120,0,0,88.66666666666667,12.0,0
60,0,0,94.33333333333331,12.0,0
120,0,2,0.0,0.0,1
60,0,0,82.91666666666667,12.0,0
120,0,0,0.0,0.0,1
60,0,0,76.0909090909091,11.0,1
240,0,2,62.0,1.0,1
120,0,0,0.0,0.0,1
60,0,2,0.0,0.0,1
120,0,0,0.0,0.0,1
120,0,2,50.0,1.0,1
120,0,0,0.0,0.0,1
120,0,2,0.0,0.0,1
60,0,0,0.0,0.0,1
60,0,2,0.0,0.0,1
60,0,2,85.41666666666667,12.0,0
60,0,0,82.0,1.0,1
60,0,2,77.0,12.0,0
150,0,0,88.0952380952381,21.0,0
120,0,2,79.33333333333333,12.0,0
120,0,2,0.0,0.0,1
120,0,2,68.33333333333333,12.0,0
60,0,2,0.0,0.0,1
120,0,0,0.0,0.0,1
60,0,0,90.75,12.0,0
60,0,2,85.0,2.0,1
120,0,1,79.45454545454545,11.0,0
120,0,2,0.0,0.0,1
60,0,2,60.0,1.0,1
120,0,1,85.83333333333333,12.0,0
240,0,0,0.0,0.0,1
60,0,1,86.41666666666667,12.0,0
150,0,2,0.0,0.0,1
180,0,0,0.0,0.0,1
90,0,1,95.08333333333331,12.0,0
120,0,0,88.72727272727273,11.0,1
120,0,2,82.54545454545455,11.0,0
180,0,0,73.83333333333333,6.0,1
180,0,2,0.0,0.0,1
120,0,0,56.0,1.0,1
120,0,2,0.0,0.0,1
60,0,2,73.25,12.0,0
150,0,1,68.5,10.0,0
120,0,2,0.0,0.0,1
90,0,2,61.833333333333336,12.0,1
60,0,2,69.75,4.0,1
120,0,1,56.25,12.0,1
120,0,2,0.0,0.0,1
120,0,2,87.0,12.0,0
120,0,1,84.83333333333333,12.0,0
180,0,2,80.0,1.0,1
120,0,0,66.66666666666667,12.0,0
120,0,0,84.41666666666667,12.0,0
120,0,0,87.33333333333333,12.0,0
120,0,1,78.25,12.0,0
60,0,2,0.0,0.0,1
90,0,0,56.0,1.0,1
60,0,2,73.08333333333333,12.0,0
120,0,0,0.0,0.0,1
60,0,2,63.0,2.0,1
90,0,0,74.58333333333333,12.0,0
60,0,0,85.75,12.0,0
90,0,0,75.16666666666667,12.0,0
90,0,0,97.08333333333331,12.0,0
60,0,0,72.0,2.0,1
60,0,2,0.0,0.0,1
60,0,2,65.5,12.0,0
60,0,0,0.0,0.0,1
60,0,2,41.66666666666666,3.0,1
60,0,1,83.5,12.0,0
60,0,0,79.16666666666667,12.0,0
120,0,0,0.0,0.0,1
120,0,0,0.0,0.0,1
60,0,2,74.63636363636364,11.0,0
60,0,0,88.25,12.0,0
120,0,0,76.25,12.0,0
60,0,2,0.0,0.0,1
120,0,1,71.25,12.0,0
120,0,2,0.0,0.0,1
150,0,1,82.08333333333333,12.0,0
60,0,0,87.83333333333333,12.0,0
120,0,2,0.0,0.0,1
60,0,1,78.16666666666667,12.0,0
90,0,1,61.0,12.0,0
60,0,2,88.75,4.0,1
120,0,0,74.33333333333333,12.0,0
90,0,0,0.0,0.0,1
120,0,2,78.45454545454545,11.0,0
180,0,2,95.41666666666669,12.0,0
240,0,3,94.0,1.0,1
180,0,1,87.875,8.0,1
60,0,0,88.25,12.0,0
60,0,0,84.33333333333333,3.0,1
180,0,2,78.25,12.0,0
60,0,1,0.0,0.0,1
90,0,2,87.54545454545455,11.0,0
60,0,0,89.08333333333333,12.0,0
60,0,2,55.142857142857146,7.0,1
60,0,2,0.0,0.0,1
120,0,2,82.66666666666667,3.0,1
90,0,0,83.0,2.0,1
120,0,0,0.0,0.0,1
60,0,0,73.33333333333333,12.0,0
60,0,1,77.36363636363636,11.0,0
120,0,2,0.0,0.0,1
120,0,0,44.0,1.0,1
60,0,0,73.58333333333333,12.0,0
180,0,0,0.0,0.0,1
180,0,0,0.0,0.0,1
90,0,1,91.41666666666669,12.0,0
60,0,1,74.25,12.0,0
60,0,0,59.833333333333336,12.0,0
120,0,0,94.75,12.0,0
120,0,2,68.0,12.0,0
120,0,0,90.45454545454544,11.0,0
180,0,2,66.0,1.0,1
120,0,0,89.33333333333333,3.0,1
60,0,1,92.0,1.0,1
120,0,2,39.5,2.0,1
120,0,2,0.0,0.0,1
240,0,2,0.0,0.0,1
120,0,1,0.0,0.0,1
60,0,2,80.66666666666667,12.0,0
60,0,2,75.58333333333333,12.0,0
90,0,0,92.0,2.0,1
120,0,2,0.0,0.0,1
120,0,0,92.0,12.0,0
120,0,2,86.0,1.0,1
150,0,0,71.0,2.0,1
60,0,2,67.16666666666667,12.0,0
120,0,0,84.0,2.0,1
210,0,3,0.0,0.0,1
60,0,1,86.33333333333333,12.0,0
60,0,2,66.4,5.0,1
60,0,0,85.75,12.0,0
120,0,0,48.0,1.0,1
120,0,2,73.0,4.0,1
120,0,2,50.0,1.0,1
60,0,0,55.6,10.0,1
120,0,2,89.58333333333333,12.0,0
90,0,2,63.2,5.0,1
60,0,0,89.08333333333333,12.0,0
60,0,2,0.0,0.0,1
120,0,2,77.0,12.0,0
120,0,2,0.0,0.0,1
60,0,2,88.41666666666667,12.0,0
60,0,1,0.0,0.0,1
90,0,0,80.66666666666667,12.0,0
120,0,0,95.08333333333331,12.0,0
60,0,2,86.66666666666667,12.0,0
60,0,0,72.58333333333333,12.0,0
120,0,2,94.0,1.0,1
60,0,0,46.0,2.0,1
60,0,0,80.0,11.0,1
60,0,0,72.33333333333333,3.0,1
90,0,0,68.33333333333333,3.0,1
120,0,0,71.41666666666667,12.0,0
120,0,0,91.16666666666669,12.0,0
120,0,1,0.0,0.0,1
120,0,0,57.66666666666666,12.0,1
120,0,0,74.25,12.0,0
120,0,0,73.27272727272727,11.0,0
120,0,0,68.45454545454545,11.0,0
120,0,0,80.25,12.0,0
60,0,0,71.16666666666667,12.0,0
120,0,0,0.0,0.0,1
60,0,2,0.0,0.0,1
120,0,2,0.0,0.0,1
120,0,2,76.28571428571429,7.0,1
180,0,2,74.25,4.0,1
60,0,0,81.58333333333333,12.0,0
90,0,2,56.0,1.0,1
150,0,2,90.0,1.0,1
60,0,2,0.0,0.0,1
60,0,2,0.0,0.0,1
60,0,2,86.91666666666667,12.0,0
120,0,0,0.0,0.0,1
60,0,0,84.0,1.0,1
60,0,2,84.375,8.0,1
60,0,2,73.36363636363636,11.0,0
60,0,0,0.0,0.0,1
240,0,0,0.0,0.0,1
60,0,2,0.0,0.0,1
90,0,2,46.0,1.0,1
60,0,2,85.33333333333333,12.0,0
120,0,2,78.875,16.0,0
60,0,0,78.83333333333333,12.0,0
60,0,2,8.0,1.0,1
120,0,0,58.0,3.0,1
150,0,0,0.0,0.0,1
90,0,2,60.0,1.0,1
150,0,2,0.0,0.0,1
60,0,1,0.0,0.0,1
150,0,0,69.0,2.0,1
60,0,2,80.08333333333333,12.0,0
60,0,0,56.0,1.0,1
90,0,0,80.75,12.0,0
120,0,0,77.33333333333333,12.0,0
120,0,0,72.0,1.0,1
90,0,2,73.0,11.0,0
90,0,2,61.16666666666666,12.0,1
90,0,0,71.5,12.0,0
60,0,1,71.0,3.0,1
120,2,0,74.0,1.0,1
90,0,1,94.58333333333331,12.0,0
120,0,0,0.0,0.0,1
90,0,2,61.333333333333336,3.0,1
60,0,0,69.5,12.0,1
60,0,1,75.75,12.0,0
60,0,1,95.0,12.0,0
60,0,1,88.75,12.0,0
120,0,0,52.5,4.0,1
120,0,2,60.5,12.0,1
60,0,0,88.0,1.0,1
60,0,1,84.33333333333333,12.0,0
60,0,1,0.0,0.0,1
90,1,0,80.41666666666667,12.0,0
180,1,2,0.0,0.0,1
120,0,1,72.91666666666667,12.0,0
120,0,2,86.0,2.0,1
120,0,0,92.1904761904762,21.0,0
90,1,2,83.0,6.0,1
90,0,0,79.0,3.0,1
60,0,0,0.0,0.0,1
60,0,2,93.0,12.0,0
90,1,0,84.75,8.0,1
60,0,1,84.33333333333333,12.0,0
180,0,0,0.0,0.0,1
60,0,2,84.625,8.0,0
60,0,2,79.08333333333333,12.0,0
60,0,0,80.72727272727273,11.0,0
150,0,0,80.0,21.0,0
60,0,2,74.18181818181819,11.0,0
60,1,0,68.0,1.0,1
60,0,1,66.16666666666667,12.0,1
60,0,1,74.75,4.0,1
60,0,2,0.0,0.0,1
60,0,0,91.1818181818182,11.0,0
190,0,4,95.0,12.0,0
120,0,0,60.0,1.0,1
120,0,0,0.0,0.0,1
60,0,1,78.5,10.0,0
60,0,0,77.45454545454545,11.0,0
60,0,1,78.66666666666667,12.0,0
90,0,0,93.41666666666669,12.0,0
90,0,4,91.08333333333331,12.0,0
120,1,2,73.45454545454545,11.0,0
60,0,0,86.0,12.0,0
120,0,0,93.66666666666669,12.0,0
60,0,2,71.45454545454545,11.0,1
60,1,0,81.0,6.0,1
60,0,2,94.41666666666669,12.0,0
90,2,2,66.0,12.0,0
60,0,2,0.0,0.0,1
60,0,0,88.41666666666667,12.0,0
90,0,1,93.41666666666669,12.0,0
90,0,1,85.33333333333333,12.0,0
60,0,1,92.83333333333331,12.0,0
90,0,1,70.41666666666667,12.0,0
180,0,1,0.0,0.0,1
60,1,1,0.0,0.0,1
60,0,2,57.66666666666666,3.0,1
60,1,0,94.93333333333334,15.0,0
90,1,2,55.0,4.0,1
90,0,0,75.83333333333333,12.0,0
120,1,1,80.66666666666667,6.0,1
60,0,2,67.25,12.0,0
60,0,2,0.0,0.0,1
120,0,1,88.58333333333333,12.0,0
80,0,0,81.0,11.0,0
60,0,2,89.83333333333333,12.0,0
60,0,0,70.5,12.0,0
90,0,1,75.5,8.0,1
90,0,0,67.5,2.0,1
60,0,0,83.5,6.0,1
60,0,2,82.80952380952381,21.0,0
60,0,2,74.0,1.0,1
60,0,2,88.58333333333333,12.0,0
60,0,2,79.66666666666667,12.0,0
60,0,2,75.33333333333333,6.0,1
120,0,2,0.0,0.0,1
60,0,0,81.33333333333333,12.0,0
60,2,0,47.5,8.0,1
60,0,2,80.25,12.0,0
60,0,1,68.25,4.0,1
60,0,2,88.75,4.0,1
60,0,0,83.25,12.0,0
60,0,1,74.25,4.0,1
60,0,1,0.0,0.0,1
60,1,1,73.66666666666667,12.0,0
120,0,3,0.0,0.0,1
60,0,1,80.5,12.0,0
240,0,0,75.0,12.0,0
120,0,0,90.66666666666669,12.0,0
60,0,2,79.0,12.0,0
210,0,2,0.0,0.0,1
60,0,2,71.68181818181819,22.0,0
60,0,1,93.75,12.0,0
60,3,0,52.333333333333336,3.0,1
60,0,0,74.0909090909091,11.0,0
180,0,1,89.16666666666667,12.0,0
120,0,0,0.0,0.0,1
60,0,2,83.16666666666667,12.0,0
90,3,0,51.6,5.0,1
210,0,2,88.66666666666667,12.0,0
150,0,1,79.125,8.0,1
120,0,0,58.0,1.0,1
60,0,2,72.08333333333333,12.0,0
60,0,1,76.5,4.0,1
60,0,1,0.0,0.0,1
60,0,2,76.0,2.0,1
120,0,2,87.0,12.0,0
60,0,1,60.583333333333336,12.0,0
60,0,0,92.25,4.0,1
90,0,0,77.0,4.0,1
60,0,1,90.5,12.0,0
60,0,0,88.5,12.0,0
60,2,0,92.52380952380952,21.0,0
60,0,2,81.0,12.0,0
90,0,2,83.25,12.0,0
60,0,0,91.6,5.0,1
180,2,2,66.63636363636364,11.0,1
60,0,0,67.72727272727273,11.0,0
60,0,0,79.08333333333333,12.0,0
60,0,0,0.0,0.0,1
120,0,2,83.16666666666667,12.0,0
150,0,2,76.0,12.0,0
90,0,0,83.0,12.0,0
60,0,1,83.58333333333333,12.0,0
150,0,0,0.0,0.0,1
90,0,1,76.7,10.0,0
120,0,2,90.5,12.0,0
60,0,0,81.0,2.0,1
180,0,2,0.0,0.0,1
60,0,2,90.66666666666669,12.0,0
60,0,1,80.66666666666667,12.0,0
180,0,0,67.0,1.0,1
60,3,0,56.25,8.0,1
90,0,2,84.45454545454545,11.0,0
60,0,2,39.833333333333336,12.0,1
60,0,1,73.33333333333333,12.0,0
120,0,2,81.0,12.0,0
120,0,1,66.0,1.0,1
60,0,0,70.25,12.0,0
120,0,2,76.9090909090909,11.0,0
60,1,0,0.0,0.0,1
90,2,2,40.0,2.0,1
210,2,1,70.5,6.0,1
120,0,0,20.25,4.0,1
60,1,0,85.23076923076923,13.0,1
60,0,0,81.25,12.0,0
180,0,0,0.0,0.0,1
90,0,1,78.91666666666667,12.0,0
120,0,0,0.0,0.0,1
60,1,0,66.52173913043478,23.0,0
120,0,2,89.0,2.0,1
60,0,0,72.0,1.0,1
120,0,0,0.0,0.0,1
90,0,0,80.2,10.0,0
150,0,2,0.0,0.0,1
90,0,2,64.66666666666667,3.0,1
60,0,2,84.58333333333333,12.0,0
90,0,1,67.63636363636364,11.0,0
60,0,0,0.0,0.0,1
120,1,2,51.0,12.0,1
60,0,2,60.16666666666666,6.0,1
150,0,2,72.75,12.0,1
120,0,0,88.16666666666667,12.0,0
60,0,1,68.0,12.0,0
150,0,0,89.08333333333333,12.0,0
60,0,0,85.0,6.0,1
60,0,0,92.33333333333331,12.0,0
90,1,0,63.71428571428572,7.0,1
120,0,0,78.25,20.0,0
90,1,1,74.92307692307692,13.0,0
150,0,0,89.16666666666667,12.0,0
90,0,1,82.33333333333333,12.0,0
60,1,2,0.0,0.0,1
60,0,0,91.83333333333331,12.0,0
60,1,0,81.5,4.0,1
240,0,0,91.14285714285714,21.0,0
60,0,0,0.0,0.0,1
60,2,4,93.66666666666669,12.0,0
90,0,0,82.75,12.0,0
60,0,2,84.75,12.0,0
60,0,2,76.0,1.0,1
120,1,2,0.0,0.0,1
60,1,0,0.0,0.0,1
60,0,2,77.83333333333333,12.0,0
120,3,2,76.0,1.0,1
90,6,0,75.33333333333333,3.0,1
120,0,0,77.66666666666667,12.0,0
120,3,1,61.833333333333336,12.0,0
60,0,1,60.90909090909091,11.0,0
60,0,2,71.5,8.0,1
180,0,2,0.0,0.0,1
60,0,0,68.5,12.0,1
60,1,2,0.0,0.0,1
60,2,2,65.75,12.0,0
120,0,1,73.66666666666667,12.0,0
120,0,2,0.0,0.0,1
60,1,2,92.6923076923077,13.0,1
60,0,0,71.0,2.0,1
90,0,2,57.90909090909091,22.0,0
120,0,0,87.25,12.0,0
120,0,1,72.0,1.0,1
90,1,2,80.375,16.0,0
120,0,2,68.0,1.0,1
135,0,2,57.0,12.0,1
150,1,2,0.0,0.0,1
120,1,0,83.18181818181819,11.0,0
60,0,2,54.333333333333336,3.0,1
60,1,2,74.375,24.0,0
240,0,2,0.0,0.0,1
30,0,0,88.88888888888889,9.0,0
30,0,2,88.0,9.0,0
30,0,0,80.625,8.0,0
30,0,2,75.0,2.0,1
30,0,0,88.66666666666667,9.0,0
30,0,2,86.0,5.0,1
30,0,0,77.22222222222223,9.0,0
30,0,2,0.0,0.0,1
30,0,0,73.6,5.0,1
30,0,2,78.57142857142857,7.0,0
30,0,0,85.0,7.0,0
30,0,0,76.25,8.0,0
30,0,2,45.0,1.0,1
90,0,2,69.55555555555556,9.0,0
30,0,2,45.0,1.0,1
30,0,2,54.85714285714285,7.0,0
30,0,2,74.33333333333333,6.0,1
30,0,2,82.375,8.0,0
30,0,0,0.0,0.0,1
30,0,0,66.66666666666667,9.0,0
30,0,2,51.66666666666666,3.0,1
30,0,0,92.22222222222224,9.0,0
30,0,2,70.0,3.0,1
30,0,0,70.0,5.0,1
30,0,2,96.66666666666669,9.0,0
30,0,2,72.14285714285714,7.0,1
30,0,2,80.55555555555556,9.0,0
60,0,0,82.5,2.0,1
150,0,2,81.11111111111111,9.0,0
30,0,0,64.5,2.0,1
30,0,1,81.0,9.0,0
30,0,2,94.44444444444444,9.0,0
30,0,0,85.0,9.0,0
30,0,2,73.33333333333333,9.0,1
30,0,2,87.14285714285714,7.0,0
30,0,2,85.0,9.0,0
30,0,3,59.875,8.0,1
30,0,2,85.71428571428571,7.0,0
30,0,2,93.77777777777776,9.0,0
30,0,0,62.142857142857146,7.0,0
30,0,0,85.83333333333333,6.0,0
30,0,0,92.22222222222224,9.0,0
30,0,2,87.22222222222223,9.0,0
90,0,2,72.5,8.0,1
30,0,2,91.875,8.0,0
30,0,1,77.85714285714286,7.0,0
30,0,2,74.28571428571429,7.0,0
45,0,2,59.888888888888886,9.0,0
30,0,2,89.88888888888889,9.0,0
30,0,2,63.46153846153846,13.0,0
30,0,2,89.57142857142857,7.0,1
30,0,3,0.0,0.0,1
30,0,2,83.88888888888889,9.0,0
30,0,0,0.0,0.0,1
30,0,2,82.22222222222223,9.0,0
30,0,0,76.42857142857143,7.0,0
30,0,2,0.0,0.0,1
60,0,2,83.22222222222223,9.0,0
30,0,2,88.33333333333333,9.0,0
30,0,2,70.0,1.0,1
60,0,2,94.44444444444444,9.0,0
30,0,2,69.75,16.0,0
60,0,0,86.66666666666667,9.0,0
30,0,0,89.22222222222223,9.0,0
30,0,0,84.11111111111111,9.0,0
30,0,0,82.55555555555556,9.0,0
30,0,0,87.22222222222223,9.0,0
90,0,0,80.66666666666667,6.0,0
30,0,0,83.22222222222223,9.0,1
30,0,2,86.66666666666667,6.0,0
30,0,2,86.5,4.0,1
30,0,2,89.55555555555556,9.0,0
30,0,2,79.75,8.0,0
60,0,2,85.11111111111111,9.0,1
30,0,0,58.57142857142857,7.0,1
30,0,2,86.77777777777777,9.0,0
60,0,0,67.44444444444444,9.0,1
30,0,2,78.33333333333333,3.0,1
30,0,2,68.66666666666667,9.0,0
30,0,2,0.0,0.0,1
30,0,2,0.0,0.0,1
30,0,2,88.22222222222223,9.0,0
30,0,2,78.75,8.0,0
30,0,0,79.66666666666667,9.0,1
30,0,2,61.44444444444444,9.0,1
30,0,0,65.1,10.0,0
30,0,0,86.25,8.0,0
30,0,0,0.0,0.0,1
30,0,0,88.44444444444444,9.0,0
90,0,2,67.55555555555556,9.0,1
30,0,2,74.0,3.0,1
30,0,1,63.57142857142857,7.0,1
30,0,0,76.11111111111111,9.0,0
30,0,0,79.0,8.0,0
30,0,2,60.0,1.0,1
30,0,2,79.92307692307692,13.0,0
30,0,0,94.44444444444444,9.0,0
30,0,0,92.77777777777776,9.0,0
30,0,0,0.0,0.0,1
30,0,2,83.57142857142857,7.0,0
30,0,0,89.375,8.0,0
30,0,0,67.85714285714286,7.0,0
45,0,0,71.92857142857143,14.0,0
30,0,0,92.77777777777776,9.0,0
30,0,2,80.0,8.0,0
45,0,2,0.0,0.0,1
60,0,2,66.66666666666667,6.0,1
30,0,2,0.0,0.0,1
30,0,2,68.88888888888889,9.0,0
30,0,2,75.0,7.0,0
30,0,2,84.44444444444444,9.0,0
30,0,0,93.33333333333331,9.0,0
30,0,0,69.88888888888889,9.0,0
30,0,2,0.0,0.0,1
30,0,2,75.88888888888889,9.0,0
30,0,2,77.88888888888889,9.0,0
90,0,2,60.0,1.0,1
30,0,2,0.0,0.0,1
30,0,0,0.0,0.0,1
90,0,0,69.71428571428571,7.0,0
30,0,2,0.0,0.0,1
30,0,2,68.66666666666667,9.0,0
30,0,0,81.44444444444444,9.0,0
30,0,0,74.45454545454545,11.0,0
30,0,2,79.0909090909091,11.0,0
30,0,0,64.0,1.0,1
30,0,2,89.66666666666667,9.0,0
90,0,3,0.0,0.0,1
30,0,2,80.35714285714286,14.0,0
30,0,0,78.66666666666667,9.0,0
30,0,0,80.5,10.0,0
30,0,0,62.0,1.0,1
30,0,2,80.625,8.0,0
30,0,0,87.22222222222223,9.0,0
30,0,0,80.22222222222223,9.0,0
60,0,1,81.25,8.0,0
30,0,2,71.375,8.0,0
30,0,2,0.0,0.0,1
30,0,2,80.4,5.0,1
30,0,2,79.4,10.0,0
30,0,0,85.55555555555556,9.0,0
30,0,0,83.77777777777777,9.0,0
30,0,0,89.44444444444444,9.0,0
30,0,0,49.25,8.0,1
30,0,0,96.11111111111111,9.0,0
30,0,0,88.88888888888889,9.0,0
30,0,2,75.0,1.0,1
30,0,2,88.14285714285714,7.0,0
30,0,0,68.46153846153847,13.0,0
30,0,2,85.44444444444444,9.0,0
30,0,2,0.0,0.0,1
30,0,2,82.38461538461539,13.0,0
30,0,0,79.11111111111111,9.0,0
30,0,2,55.375,8.0,0
30,0,0,0.0,0.0,1
90,0,2,86.55555555555556,9.0,0
60,0,2,80.33333333333333,12.0,0
30,0,2,77.22222222222223,9.0,1
90,0,2,0.0,0.0,1
30,0,2,72.0,9.0,0
30,0,0,79.28571428571429,7.0,1
30,0,2,62.0,2.0,1
30,0,0,91.66666666666669,9.0,0
30,0,0,86.33333333333333,9.0,0
30,0,0,85.0,9.0,0
150,0,2,65.375,8.0,1
30,0,0,91.75,8.0,0
150,0,2,71.11111111111111,9.0,0
30,0,2,0.0,0.0,1
30,0,0,77.77777777777777,9.0,0
30,0,2,76.25,4.0,1
30,0,2,0.0,0.0,1
30,0,0,81.22222222222223,9.0,0
30,0,2,87.44444444444444,9.0,0
30,0,2,94.44444444444444,9.0,0
30,0,0,82.22222222222223,9.0,0
30,0,0,0.0,0.0,1
30,0,2,0.0,0.0,1
30,0,2,81.66666666666667,9.0,1
30,0,0,65.77777777777777,9.0,0
30,0,0,87.22222222222223,9.0,0
90,0,1,70.71428571428571,7.0,0
30,0,2,67.0,4.0,1
30,0,2,85.55555555555556,9.0,0
30,0,2,0.0,0.0,1
60,0,0,79.71428571428571,7.0,0
30,0,2,89.88888888888889,9.0,0
45,0,0,44.0,9.0,0
90,0,2,67.66666666666667,9.0,1
30,0,2,91.11111111111111,9.0,0
30,0,0,89.0,7.0,0
30,0,2,50.0,1.0,1
30,0,2,96.8095238095238,21.0,0
30,0,2,87.22222222222223,9.0,0
30,0,2,70.22222222222223,9.0,0
45,0,2,68.0,7.0,0
45,0,2,79.44444444444444,9.0,0
30,0,2,78.33333333333333,9.0,0
45,0,0,58.66666666666666,9.0,0
75,0,0,83.88888888888889,9.0,0
60,0,0,92.77777777777776,9.0,0
30,0,2,65.55555555555556,9.0,0
30,0,2,54.0,1.0,1
60,0,2,0.0,0.0,1
30,0,0,87.14285714285714,7.0,0
30,0,2,77.66666666666667,9.0,0
30,0,2,85.0,9.0,0
30,0,0,61.66666666666666,3.0,1
30,0,2,94.77777777777776,9.0,0
30,0,2,78.57142857142857,7.0,0
30,0,2,77.55555555555556,9.0,0
30,0,2,0.0,0.0,1
45,0,0,71.66666666666667,9.0,0
45,0,0,0.0,0.0,1
30,0,1,77.0,9.0,1
30,0,0,85.88888888888889,9.0,0
45,0,2,56.888888888888886,9.0,0
30,0,0,64.28571428571429,7.0,0
30,0,2,79.375,8.0,0
30,0,3,0.0,0.0,1
90,0,2,0.0,0.0,1
30,0,2,33.333333333333336,6.0,1
45,0,0,83.33333333333333,9.0,0
30,0,0,59.66666666666666,9.0,0
30,0,2,64.0,2.0,1
30,0,1,91.0,9.0,0
60,0,2,0.0,0.0,1
30,0,2,73.22222222222223,9.0,0
45,0,2,73.57142857142857,7.0,0
30,0,2,55.0,1.0,1
30,0,0,88.88888888888889,9.0,0
30,0,0,61.875,8.0,0
30,0,2,67.14285714285714,7.0,1
30,0,0,92.22222222222224,9.0,0
30,0,2,70.0,9.0,0
45,0,0,85.0,9.0,0
30,0,2,81.07142857142857,14.0,0
30,0,2,0.0,0.0,1
30,0,2,74.33333333333333,9.0,0
45,0,2,92.77777777777776,9.0,0
30,0,2,81.11111111111111,9.0,0
30,0,0,78.88888888888889,9.0,0
30,0,0,51.875,8.0,1
90,0,0,0.0,0.0,1
30,0,2,71.66666666666667,9.0,0
30,0,2,0.0,0.0,1
30,0,2,68.75,8.0,1
30,0,2,82.5,2.0,1
30,0,2,87.77777777777777,9.0,0
30,0,2,75.0,7.0,0
30,0,2,86.11111111111111,9.0,0
30,0,2,74.375,8.0,0
30,0,2,85.0,9.0,1
30,0,0,90.0,8.0,0
30,0,1,70.0,7.0,1
30,0,2,87.75,8.0,0
30,0,2,0.0,0.0,1
30,0,2,56.25,8.0,0
30,0,0,66.88888888888889,9.0,0
30,0,2,86.85714285714286,7.0,0
30,0,2,84.5,6.0,1
30,0,2,0.0,0.0,1
30,0,0,77.14285714285714,14.0,0
30,0,2,86.0,4.0,1
30,0,0,56.0,2.0,1
60,0,2,86.66666666666667,9.0,0
30,0,2,86.66666666666667,9.0,0
30,0,2,67.5,2.0,1
30,0,0,91.0,9.0,0
30,0,0,90.44444444444444,9.0,0
30,0,2,55.0,1.0,1
150,0,2,68.66666666666667,9.0,0
30,0,2,60.0,1.0,1
30,0,2,74.88888888888889,9.0,1
30,0,2,80.0,8.0,0
30,0,2,74.71428571428571,7.0,0
30,0,2,52.5,2.0,1
30,0,2,48.42857142857143,7.0,0
30,0,0,60.5,6.0,0
30,0,0,82.22222222222223,9.0,0
30,0,2,0.0,0.0,1
30,0,2,91.11111111111111,9.0,0
30,0,0,78.75,8.0,0
30,0,0,0.0,0.0,1
30,0,2,51.42857142857143,7.0,0
60,0,2,89.85714285714286,7.0,1
30,0,2,59.285714285714285,7.0,0
30,0,2,75.77777777777777,9.0,0
30,0,2,0.0,0.0,1
30,0,0,72.5,2.0,1
30,0,2,68.77777777777777,9.0,0
30,0,0,89.0,1.0,1
30,0,0,85.0,9.0,0
30,0,0,71.33333333333333,9.0,0
30,0,2,83.0,7.0,0
30,0,2,0.0,0.0,1
30,0,2,0.0,0.0,1
30,0,0,85.0,1.0,1
30,0,2,81.55555555555556,9.0,0
30,0,2,82.77777777777777,9.0,0
90,0,2,0.0,0.0,1
30,0,0,89.28571428571429,7.0,0
30,0,2,89.375,8.0,0
30,0,0,79.33333333333333,9.0,0
30,0,2,92.125,8.0,0
30,0,2,59.333333333333336,3.0,1
30,0,2,0.0,0.0,1
30,0,0,67.66666666666667,9.0,1
30,0,2,0.0,0.0,1
30,0,0,84.44444444444444,9.0,0
30,0,2,0.0,0.0,1
30,0,2,0.0,0.0,1
30,0,0,60.44444444444444,9.0,0
30,0,0,83.33333333333333,9.0,0
90,0,0,77.5,8.0,0
30,0,2,91.88888888888889,9.0,0
30,0,0,79.22222222222223,9.0,0
30,0,0,88.22222222222223,9.0,0
30,0,3,35.0,2.0,1
30,0,2,83.5,8.0,0
30,0,2,85.77777777777777,9.0,0
30,0,2,80.71428571428571,7.0,0
30,0,2,70.22222222222223,9.0,0
30,0,2,0.0,0.0,1
30,0,2,93.33333333333331,3.0,1
30,0,2,0.0,0.0,1
30,0,0,88.33333333333333,9.0,0
30,0,2,85.55555555555556,9.0,0
30,0,2,0.0,0.0,1
30,0,1,62.333333333333336,3.0,1
30,0,0,86.66666666666667,9.0,0
30,0,0,81.33333333333333,9.0,0
30,0,0,87.0,13.0,0
30,0,2,69.76923076923077,13.0,0
30,0,0,88.33333333333333,9.0,0
60,0,0,90.11111111111111,9.0,0
30,0,2,60.0,9.0,0
30,0,0,76.875,8.0,0
30,0,2,51.25,4.0,1
60,0,0,0.0,0.0,1
30,0,0,79.22222222222223,9.0,0
30,0,2,69.0,8.0,0
30,0,0,81.75,8.0,1
30,0,2,86.88888888888889,9.0,0
30,0,2,90.55555555555556,9.0,0
150,0,2,60.0,1.0,1
30,0,2,0.0,0.0,1
30,0,0,90.66666666666669,9.0,0
30,0,0,89.44444444444444,9.0,0
40,0,2,65.0,1.0,1
30,0,0,90.0,9.0,0
30,0,0,80.07142857142857,14.0,0
30,0,0,83.57142857142857,7.0,1
30,0,2,93.88888888888889,9.0,0
30,0,0,70.71428571428571,7.0,1
30,0,2,79.16666666666667,6.0,1
30,0,1,79.22222222222223,9.0,0
30,0,2,80.83333333333333,12.0,0
30,0,2,0.0,0.0,1
30,0,2,70.55555555555556,9.0,0
30,0,2,80.55555555555556,9.0,0
30,0,2,86.66666666666667,9.0,0
30,0,2,75.0,4.0,1
30,0,2,68.66666666666667,9.0,0
30,0,0,91.25,8.0,0
30,0,0,84.75,8.0,0
30,0,2,76.875,8.0,0
30,0,2,86.11111111111111,9.0,0
30,0,2,90.71428571428572,7.0,0
60,0,0,72.22222222222223,9.0,1
30,0,2,55.0,1.0,1
30,0,0,85.71428571428571,7.0,0
60,0,2,82.22222222222223,9.0,0
30,0,2,61.625,8.0,0
30,0,2,75.625,8.0,0
30,0,3,37.0,1.0,1
30,0,3,68.33333333333333,9.0,0
30,0,0,83.88888888888889,9.0,0
30,0,0,91.57142857142856,14.0,0
30,0,0,0.0,0.0,1
30,0,0,91.66666666666669,9.0,0
30,0,0,80.5,2.0,1
30,0,2,75.57142857142857,14.0,0
30,0,2,87.22222222222223,9.0,0
30,0,1,0.0,0.0,1
30,0,0,63.75,4.0,1
30,0,2,0.0,0.0,1
150,0,0,66.14285714285714,7.0,0
30,0,0,91.66666666666669,9.0,0
30,0,2,92.77777777777776,9.0,0
30,0,0,68.57142857142857,7.0,1
30,0,2,73.88888888888889,9.0,0
30,0,0,83.33333333333333,9.0,0
30,0,0,85.28571428571429,7.0,0
30,0,0,86.875,8.0,0
30,0,0,89.44444444444444,9.0,0
30,0,0,93.77777777777776,9.0,0
30,0,3,72.0,3.0,1
30,0,2,75.875,8.0,0
30,0,2,64.28571428571429,7.0,0
30,0,2,55.375,8.0,0
30,0,2,0.0,0.0,1
30,0,0,68.0,9.0,1
30,0,0,70.0,1.0,1
30,0,0,79.14285714285714,7.0,0
30,0,2,82.11111111111111,9.0,0
30,0,2,81.33333333333333,9.0,0
30,0,2,72.0,7.0,0
30,0,2,85.33333333333333,9.0,0
30,0,2,78.57142857142857,7.0,0
30,0,2,77.85714285714286,7.0,0
30,0,2,55.0,1.0,1
30,0,2,0.0,0.0,1
30,0,1,91.625,8.0,0
30,0,2,55.0,1.0,1
90,0,2,45.0,1.0,1
30,0,2,77.5,6.0,1
30,0,2,85.55555555555556,9.0,0
30,0,0,91.66666666666669,9.0,0
30,0,2,93.11111111111111,9.0,0
30,0,2,87.77777777777777,9.0,0
30,0,2,63.66666666666666,9.0,1
30,0,2,73.33333333333333,3.0,1
30,0,2,71.11111111111111,9.0,0
30,0,0,89.5,8.0,0
30,0,2,60.583333333333336,12.0,0
30,0,2,0.0,0.0,1
30,0,0,0.0,0.0,1
30,0,0,85.0,9.0,0
30,0,2,88.375,8.0,0
30,0,2,77.57142857142857,7.0,0
30,0,2,79.11111111111111,9.0,0
30,0,2,84.28571428571429,7.0,0
30,0,2,0.0,0.0,1
30,0,2,73.33333333333333,9.0,0
30,0,2,73.11111111111111,9.0,0
30,0,2,73.0,5.0,1
30,0,2,82.0,9.0,0
90,0,2,80.0,3.0,1
30,0,2,72.22222222222223,9.0,0
30,0,2,80.0,7.0,0
30,0,2,92.5,2.0,1
30,0,2,58.0,1.0,1
30,0,2,91.88888888888889,9.0,0
60,0,0,87.77777777777777,9.0,0
30,0,0,78.75,4.0,1
30,0,2,0.0,0.0,1
30,0,2,77.22222222222223,9.0,0
30,0,0,68.0,4.0,1
30,0,2,84.11111111111111,9.0,0
30,0,1,70.0,7.0,0
30,0,0,88.22222222222223,9.0,0
30,0,0,92.77777777777776,9.0,0
30,0,0,83.33333333333333,9.0,0
30,0,2,84.28571428571429,7.0,0
30,0,0,84.44444444444444,9.0,0
30,0,2,91.11111111111111,9.0,0
30,0,2,79.85714285714286,7.0,0
30,0,0,87.77777777777777,9.0,0
30,0,0,63.0,1.0,1
30,0,2,0.0,0.0,1
30,0,0,87.22222222222223,9.0,0
30,0,2,81.11111111111111,9.0,0
30,0,2,93.33333333333331,9.0,0
30,0,1,68.77777777777777,9.0,0
30,0,0,75.0,8.0,0
30,0,0,81.25,8.0,0
30,0,2,64.77777777777777,9.0,0
30,0,2,83.5,8.0,0
30,0,2,83.77777777777777,9.0,0
30,0,2,0.0,0.0,1
30,0,2,76.71428571428571,7.0,0
30,0,2,85.0,9.0,0
30,0,2,70.0,1.0,1
30,0,2,91.85714285714286,7.0,0
30,0,0,86.21428571428571,14.0,0
30,0,0,50.0,1.0,1
30,0,2,77.5,6.0,1
30,0,0,90.0,8.0,0
30,0,0,82.22222222222223,9.0,0
30,0,2,80.0,1.0,1
30,0,0,92.33333333333331,9.0,0
30,0,2,80.88888888888889,9.0,0
30,0,0,80.88888888888889,9.0,0
30,0,2,63.55555555555556,9.0,0
30,0,2,87.375,8.0,0
30,0,0,93.33333333333331,9.0,0
30,0,0,45.0,1.0,1
30,0,2,75.75,8.0,0
30,0,0,50.71428571428572,7.0,1
90,0,2,60.333333333333336,9.0,0
30,0,2,86.11111111111111,9.0,0
90,0,2,80.0,2.0,1
30,0,2,92.22222222222224,9.0,0
30,0,2,68.0,1.0,1
30,0,2,0.0,0.0,1
30,0,2,74.66666666666667,6.0,0
30,0,1,60.0,1.0,1
30,0,2,83.33333333333333,9.0,0
30,0,2,88.88888888888889,9.0,0
30,0,2,63.75,8.0,1
30,0,2,67.8,5.0,1
30,0,1,88.33333333333333,9.0,0
30,0,2,59.375,8.0,1
30,0,0,61.0,1.0,1
30,0,0,75.71428571428571,7.0,0
30,0,2,84.88888888888889,9.0,0
30,0,2,85.0,2.0,1
30,0,2,90.2,10.0,0
30,0,0,83.75,4.0,1
30,0,2,85.0,9.0,0
30,0,2,72.88888888888889,9.0,0
30,0,0,0.0,0.0,1
30,0,0,78.33333333333333,9.0,0
30,0,0,66.66666666666667,9.0,0
30,0,2,86.85714285714286,7.0,0
30,0,2,83.5,8.0,0
30,0,2,90.0,1.0,1
30,0,0,89.375,8.0,0
30,0,2,83.0,9.0,0
30,0,2,76.66666666666667,3.0,1
30,0,4,0.0,0.0,1
30,0,2,57.85714285714285,7.0,0
30,0,2,81.66666666666667,9.0,0
30,0,2,0.0,0.0,1
30,0,2,81.11111111111111,9.0,0
30,0,2,86.77777777777777,9.0,0
30,0,2,79.44444444444444,9.0,0
30,0,2,73.0,1.0,1
30,0,0,89.57142857142857,7.0,0
30,0,2,64.66666666666667,9.0,0
30,0,2,0.0,0.0,1
30,0,2,0.0,0.0,1
30,0,2,71.42857142857143,7.0,0
30,0,2,67.22222222222223,9.0,1
90,0,2,66.11111111111111,9.0,1
30,0,2,85.88888888888889,9.0,0
30,0,2,68.0,1.0,1
30,0,0,83.88888888888889,9.0,0
30,0,2,80.33333333333333,9.0,0
30,0,0,80.33333333333333,9.0,0
30,0,2,72.11111111111111,9.0,0
30,0,2,82.14285714285714,7.0,0
30,0,2,78.88888888888889,9.0,0
30,0,2,70.0,9.0,0
30,0,0,81.11111111111111,9.0,0
30,0,0,85.0,1.0,1
30,0,2,0.0,0.0,1
30,0,0,80.0,9.0,0
30,0,2,81.75,8.0,0
30,0,0,88.75,8.0,0
30,0,2,87.0,2.0,1
30,0,2,73.0,9.0,0
30,0,0,77.0,1.0,1
30,0,2,0.0,0.0,1
30,0,0,77.5,8.0,0
30,0,2,88.33333333333333,9.0,0
30,0,0,76.11111111111111,9.0,0
90,0,2,0.0,0.0,1
30,0,2,73.0,3.0,1
30,0,2,53.333333333333336,3.0,1
30,0,2,85.55555555555556,9.0,0
30,0,0,88.44444444444444,9.0,0
30,0,2,79.5,8.0,1
30,0,2,78.55555555555556,9.0,0
30,0,2,73.75,4.0,1
30,0,0,74.5,10.0,0
30,0,2,62.333333333333336,3.0,1
30,0,0,78.66666666666667,9.0,0
30,0,2,82.25,8.0,0
30,0,2,68.33333333333333,9.0,0
30,0,2,51.0,2.0,1
30,0,0,83.88888888888889,9.0,0
30,0,2,73.44444444444444,9.0,0
30,0,0,53.333333333333336,3.0,1
30,0,2,84.22222222222223,9.0,0
30,0,2,93.125,8.0,0
30,0,2,0.0,0.0,1
30,0,2,83.75,8.0,0
105,0,2,78.33333333333333,9.0,0
30,0,0,0.0,0.0,1
30,0,2,87.22222222222223,9.0,0
30,0,2,75.66666666666667,9.0,1
30,0,2,82.14285714285714,7.0,1
30,0,2,64.44444444444444,9.0,0
30,0,2,82.77777777777777,9.0,0
30,0,0,80.55555555555556,9.0,0
30,0,3,76.33333333333333,9.0,0
30,0,2,94.375,8.0,0
30,0,2,74.92307692307692,13.0,0
30,0,2,92.22222222222224,9.0,0
30,0,0,83.66666666666667,9.0,0
30,0,0,83.55555555555556,9.0,0
60,0,2,88.88888888888889,9.0,0
30,0,0,50.0,1.0,1
30,0,2,72.0,1.0,1
30,0,0,91.25,8.0,0
30,0,2,86.66666666666667,9.0,0
30,0,2,90.55555555555556,9.0,0
30,0,2,73.33333333333333,9.0,0
30,0,2,83.22222222222223,9.0,0
30,0,2,88.33333333333333,9.0,0
30,0,2,52.77777777777778,9.0,0
30,0,0,75.125,8.0,0
30,0,2,84.88888888888889,9.0,0
30,0,2,83.33333333333333,9.0,0
30,0,2,77.33333333333333,3.0,1
30,0,2,67.44444444444444,9.0,0
30,0,0,84.66666666666667,3.0,1
30,0,2,85.71428571428571,7.0,0
60,0,0,90.77777777777776,9.0,0
30,0,0,84.44444444444444,9.0,0
30,0,2,75.0,9.0,0
30,0,2,0.0,0.0,1
30,0,2,50.71428571428572,7.0,0
30,0,0,95.55555555555556,9.0,0
30,0,2,80.25,8.0,0
30,0,2,86.66666666666667,9.0,0
30,0,0,0.0,0.0,1
30,0,2,61.42857142857143,7.0,0
30,0,0,82.375,8.0,0
30,0,2,0.0,0.0,1
30,0,0,88.125,8.0,0
30,0,4,86.875,8.0,0
30,0,2,80.55555555555556,9.0,0
30,0,2,66.88888888888889,9.0,0
30,0,0,92.44444444444444,9.0,0
30,0,2,85.71428571428571,7.0,1
30,0,2,85.0,3.0,1
30,0,0,86.11111111111111,9.0,0
30,0,2,0.0,0.0,1
60,0,2,87.0,9.0,0
90,0,0,91.5,8.0,0
30,0,0,78.88888888888889,9.0,0
30,0,2,74.44444444444444,9.0,0
30,0,0,88.33333333333333,9.0,0
30,0,2,83.375,8.0,0
30,0,2,75.44444444444444,9.0,0
30,0,1,74.22222222222223,9.0,1
30,0,3,82.22222222222223,9.0,0
30,0,0,85.55555555555556,9.0,0
30,0,2,82.33333333333333,9.0,0
30,0,0,78.33333333333333,9.0,0
30,0,0,63.66666666666666,9.0,0
30,0,2,82.11111111111111,9.0,0
30,0,2,41.66666666666666,3.0,1
30,0,2,83.57142857142857,7.0,0
30,0,2,0.0,0.0,1
30,0,2,86.55555555555556,9.0,0
30,0,1,77.77777777777777,9.0,0
30,0,2,45.0,1.0,1
30,0,0,89.77777777777777,9.0,0
30,0,2,67.22222222222223,9.0,1
30,0,3,55.0,1.0,1
60,0,0,70.0,3.0,1
30,0,2,70.57142857142857,7.0,0
30,0,2,70.33333333333333,3.0,1
30,0,0,84.88888888888889,9.0,0
30,0,0,79.44444444444444,9.0,0
30,0,2,56.5,2.0,1
30,0,2,0.0,0.0,1
30,0,2,85.77777777777777,9.0,0
30,0,3,87.85714285714286,7.0,0
30,0,2,59.0,1.0,1
90,0,2,78.0,8.0,0
30,0,0,77.0,9.0,0
30,0,2,87.14285714285714,7.0,0
30,0,0,92.77777777777776,9.0,0
30,0,0,74.0,1.0,1
30,0,0,0.0,0.0,1
30,0,2,0.0,0.0,1
30,0,0,77.44444444444444,9.0,0
30,0,0,0.0,0.0,1
30,0,2,71.33333333333333,3.0,1
30,0,0,84.44444444444444,9.0,0
30,0,2,64.375,8.0,1
30,0,2,85.66666666666667,9.0,0
45,0,2,0.0,0.0,1
30,0,2,72.25,8.0,0
90,0,2,66.44444444444444,9.0,0
30,0,2,87.11111111111111,9.0,0
30,0,2,68.0,1.0,1
30,0,2,0.0,0.0,1
30,0,2,68.22222222222223,9.0,0
30,0,0,78.44444444444444,9.0,0
30,0,3,62.0,6.0,1
30,0,2,74.8,10.0,1
30,0,0,0.0,0.0,1
30,0,3,70.22222222222223,9.0,1
30,0,2,86.11111111111111,9.0,0
30,0,2,82.66666666666667,9.0,0
60,0,0,60.0,6.0,0
30,0,2,76.23076923076923,13.0,0
30,0,0,71.88888888888889,9.0,0
30,0,4,98.55555555555556,9.0,0
30,0,2,88.33333333333333,9.0,0
30,0,2,55.0,1.0,1
90,0,2,77.5,8.0,0
30,0,0,0.0,0.0,1
90,0,0,90.55555555555556,9.0,0
30,0,0,79.66666666666667,6.0,1
30,0,1,85.88888888888889,9.0,0
30,0,0,90.33333333333331,9.0,0
30,0,2,77.5,8.0,1
30,0,2,0.0,0.0,1
30,0,2,77.0,9.0,1
30,0,2,91.5,2.0,1
30,0,0,0.0,0.0,1
30,0,1,81.11111111111111,9.0,0
30,0,0,90.0,9.0,0
30,0,2,0.0,0.0,1
30,0,2,80.88888888888889,9.0,0
30,0,2,91.0,8.0,1
30,0,2,80.0,2.0,1
30,0,2,0.0,0.0,1
30,0,2,73.57142857142857,7.0,0
30,0,2,78.25,8.0,1
30,0,2,56.6,5.0,1
30,0,0,0.0,0.0,1
30,0,2,91.55555555555556,9.0,0
30,0,3,50.44444444444444,9.0,1
30,0,0,90.0,9.0,0
30,0,2,0.0,0.0,1
30,0,2,0.0,0.0,1
30,0,2,88.22222222222223,9.0,1
30,0,2,69.22222222222223,9.0,0
30,0,0,82.38461538461539,13.0,0
30,0,1,89.33333333333333,3.0,1
90,0,2,0.0,0.0,1
30,0,0,61.0,2.0,1
30,0,2,0.0,0.0,1
30,0,0,87.77777777777777,9.0,0
30,0,0,84.33333333333333,3.0,1
90,0,2,54.0,1.0,1
30,0,2,73.88888888888889,9.0,0
30,0,2,93.22222222222224,9.0,0
30,0,2,82.0,1.0,1
30,0,2,83.125,8.0,0
30,0,0,92.22222222222224,9.0,0
30,0,0,40.0,1.0,1
60,0,0,90.125,8.0,1
30,0,0,94.5,8.0,0
30,0,2,55.0,2.0,1
30,0,2,84.66666666666667,9.0,0
30,0,0,78.875,8.0,0
60,0,3,0.0,0.0,1
30,0,2,83.88888888888889,9.0,0
30,0,2,76.875,8.0,0
30,0,0,85.44444444444444,9.0,0
30,0,0,84.28571428571429,7.0,0
30,0,2,72.125,8.0,0
30,0,2,80.0,1.0,1
30,0,2,0.0,0.0,1
30,0,0,87.0,9.0,0
30,0,2,60.25,4.0,1
30,0,2,77.22222222222223,9.0,0
30,0,2,80.71428571428571,7.0,1
30,0,2,75.77777777777777,9.0,0
30,0,2,0.0,0.0,1
30,0,2,70.88888888888889,9.0,0
30,0,0,95.44444444444444,9.0,0
30,0,0,93.88888888888889,9.0,0
30,0,2,79.22222222222223,9.0,0
30,0,0,91.66666666666669,9.0,0
30,0,2,68.33333333333333,3.0,1
30,0,2,85.0,8.0,0
30,0,0,84.71428571428571,7.0,0
30,0,0,74.55555555555556,9.0,0
30,0,2,60.0,1.0,1
30,0,3,77.33333333333333,9.0,0
30,0,2,35.5,4.0,1
30,0,2,67.77777777777777,9.0,1
30,0,0,85.66666666666667,9.0,0
30,0,2,61.42857142857143,7.0,1
30,0,2,82.77777777777777,9.0,0
30,0,0,87.33333333333333,9.0,0
30,0,0,83.33333333333333,9.0,0
30,0,0,87.14285714285714,7.0,0
30,0,0,87.11111111111111,9.0,0
30,0,2,69.0,7.0,0
30,0,0,88.33333333333333,9.0,0
60,0,2,78.88888888888889,9.0,0
90,0,2,67.6,5.0,1
30,0,2,65.0,2.0,1
30,0,0,68.0,9.0,0
30,0,0,75.0,7.0,0
30,0,2,82.85714285714286,7.0,0
30,0,3,65.0,2.0,1
30,0,0,90.91666666666669,12.0,0
30,0,0,82.375,8.0,0
30,0,2,0.0,0.0,1
30,0,2,83.625,8.0,0
30,0,0,68.22222222222223,9.0,0
30,0,2,77.5,2.0,1
30,0,0,77.11111111111111,9.0,0
30,0,2,83.0,9.0,0
30,0,2,88.92857142857143,14.0,0
60,0,2,79.75,8.0,0
30,0,2,0.0,0.0,1
30,0,2,82.33333333333333,9.0,0
30,0,2,89.375,8.0,0
30,0,0,91.66666666666669,9.0,0
30,0,0,0.0,0.0,1
30,0,0,89.375,8.0,0
30,0,0,0.0,0.0,1
30,0,2,79.44444444444444,9.0,0
30,0,1,70.71428571428571,14.0,0
30,0,2,81.85714285714286,7.0,0
90,0,2,70.0,2.0,1
30,0,2,72.0,7.0,1
30,0,0,83.0,7.0,0
30,0,2,79.375,8.0,0
30,0,2,69.66666666666667,9.0,0
30,0,3,49.4,5.0,1
30,0,2,89.44444444444444,9.0,0
30,0,2,75.1875,16.0,0
30,0,2,82.11111111111111,9.0,0
30,0,0,85.0,1.0,1
30,0,2,45.0,1.0,1
30,0,2,82.5,8.0,0
30,0,0,85.44444444444444,9.0,0
30,0,0,87.22222222222223,9.0,0
60,0,2,60.0,1.0,1
30,0,1,55.0,1.0,1
30,0,2,74.42857142857143,7.0,0
30,0,0,74.44444444444444,9.0,0
30,0,2,71.6,5.0,1
30,0,0,0.0,0.0,1
30,0,0,87.0,9.0,0
30,0,2,85.0,14.0,0
60,0,2,76.66666666666667,3.0,1
30,0,2,71.66666666666667,3.0,1
30,0,0,71.55555555555556,9.0,0
30,0,0,69.33333333333333,9.0,1
30,0,2,0.0,0.0,1
30,0,0,96.11111111111111,9.0,0
30,0,1,92.22222222222224,9.0,0
30,0,2,75.85714285714286,14.0,0
30,0,0,45.0,1.0,1
30,0,2,89.55555555555556,9.0,0
30,0,2,76.57142857142857,7.0,0
30,0,0,0.0,0.0,1
30,0,2,91.11111111111111,9.0,0
30,0,2,63.5,2.0,1
30,0,2,81.25,8.0,0
30,0,0,86.66666666666667,9.0,0
30,0,2,0.0,0.0,1
30,0,3,74.22222222222223,9.0,0
30,0,2,0.0,0.0,1
30,0,0,95.0,9.0,0
30,0,1,92.77777777777776,9.0,0
30,0,0,48.11111111111112,9.0,1
30,0,0,86.0,14.0,0
30,0,0,56.66666666666666,3.0,1
30,0,2,74.0,5.0,1
30,0,2,93.33333333333331,9.0,0
30,0,2,45.0,1.0,1
30,0,2,93.0,9.0,0
30,0,2,0.0,0.0,1
30,0,2,90.71428571428572,7.0,0
30,0,2,90.0,9.0,0
30,0,0,55.0,1.0,1
30,0,2,0.0,0.0,1
30,0,2,84.85714285714286,7.0,0
30,0,1,92.77777777777776,9.0,0
30,0,0,73.5,8.0,0
30,0,2,73.84615384615384,13.0,0
30,0,0,0.0,0.0,1
60,0,0,87.0,9.0,0
30,0,0,75.0,9.0,0
30,0,2,93.28571428571428,7.0,0
30,0,2,83.57142857142857,7.0,0
30,0,2,91.11111111111111,9.0,0
30,0,0,75.0,2.0,1
30,0,2,82.77777777777777,9.0,0
30,0,2,0.0,0.0,1
30,0,2,0.0,0.0,1
30,0,2,0.0,0.0,1
30,0,0,92.0,9.0,0
30,0,2,90.55555555555556,9.0,0
60,0,2,83.44444444444444,9.0,1
30,0,0,88.66666666666667,9.0,0
30,0,0,90.55555555555556,9.0,0
30,0,0,68.0,9.0,0
60,0,2,93.55555555555556,9.0,0
30,0,0,0.0,0.0,1
30,0,0,75.0,1.0,1
60,0,2,86.875,8.0,0
90,0,2,79.375,8.0,0
30,0,2,0.0,0.0,1
30,0,0,0.0,0.0,1
30,0,2,77.5,8.0,0
60,0,2,0.0,0.0,1
30,0,2,88.33333333333333,9.0,0
30,0,2,0.0,0.0,1
30,0,2,63.4,5.0,1
45,0,2,82.80952380952381,21.0,0
30,0,0,0.0,0.0,1
30,0,2,45.0,1.0,1
30,0,2,0.0,0.0,1
30,0,2,93.33333333333331,9.0,0
30,0,0,80.88888888888889,9.0,0
30,0,2,86.11111111111111,9.0,0
30,0,2,0.0,0.0,1
90,0,2,86.11111111111111,9.0,0
30,0,2,72.75,8.0,0
30,0,2,0.0,0.0,1
30,0,2,83.14285714285714,7.0,1
30,0,0,65.0,3.0,1
30,0,0,64.11111111111111,9.0,0
30,0,0,89.5,8.0,0
30,0,2,90.0,9.0,0
30,0,0,90.0,2.0,1
30,0,0,82.77777777777777,9.0,0
30,0,0,0.0,0.0,1
30,0,1,53.0,8.0,1
30,0,0,91.85714285714286,7.0,0
30,0,1,72.4,5.0,1
30,0,2,78.57142857142857,7.0,0
30,0,2,80.0,2.0,1
30,0,0,85.0,2.0,1
30,0,2,86.0,7.0,0
30,0,1,91.14285714285714,7.0,0
30,0,0,0.0,0.0,1
30,0,2,95.33333333333331,9.0,0
30,0,2,84.125,8.0,0
60,0,2,0.0,0.0,1
90,0,0,85.0,2.0,1
30,0,0,82.0,5.0,1
30,0,2,86.42857142857143,7.0,0
60,0,2,89.42857142857143,7.0,0
30,0,0,91.0,5.0,1
30,0,2,85.55555555555556,9.0,1
30,0,0,0.0,0.0,1
30,0,0,0.0,0.0,1
30,0,0,95.625,8.0,0
30,0,2,0.0,0.0,1
30,0,2,69.0,1.0,1
30,0,0,87.0,9.0,0
30,0,0,66.66666666666667,3.0,1
30,0,2,83.88888888888889,9.0,0
30,0,2,86.42857142857143,7.0,0
30,0,0,76.11111111111111,9.0,0
30,0,2,63.888888888888886,9.0,0
30,0,2,0.0,0.0,1
30,0,2,0.0,0.0,1
30,0,2,86.66666666666667,9.0,0
30,0,0,91.0,9.0,0
30,0,2,80.0,1.0,1
30,0,0,0.0,0.0,1
30,0,0,90.33333333333331,9.0,0
30,0,0,55.0,1.0,1
30,0,2,62.5,8.0,0
30,0,2,71.88888888888889,9.0,0
30,0,2,89.22222222222223,9.0,0
30,0,2,0.0,0.0,1
30,0,2,80.0,9.0,0
30,0,2,85.11111111111111,9.0,0
30,0,2,71.55555555555556,9.0,0
60,1,0,84.0,2.0,1
30,0,2,82.77777777777777,9.0,0
30,0,0,80.55555555555556,9.0,0
30,0,0,86.33333333333333,9.0,0
30,0,2,82.77777777777777,9.0,0
30,0,2,0.0,0.0,1
60,1,0,88.875,8.0,0
30,0,2,62.25,8.0,0
30,0,0,59.333333333333336,3.0,1
30,0,2,58.5,4.0,1
30,0,1,91.11111111111111,9.0,0
30,0,2,81.66666666666667,3.0,1
60,0,0,91.88888888888889,9.0,0
30,0,2,92.11111111111111,9.0,0
60,1,2,84.0,9.0,0
30,0,2,67.5,2.0,1
60,1,2,0.0,0.0,1
30,0,0,83.44444444444444,9.0,0
30,0,0,76.66666666666667,3.0,1
30,0,0,75.66666666666667,9.0,0
30,0,1,90.44444444444444,9.0,0
30,0,0,87.77777777777777,9.0,0
90,0,2,0.0,0.0,1
30,0,2,0.0,0.0,1
30,0,2,0.0,0.0,1
30,0,2,0.0,0.0,1
30,0,0,83.875,8.0,0
30,0,2,0.0,0.0,1
60,1,0,0.0,0.0,1
30,0,2,78.22222222222223,9.0,0
30,0,2,0.0,0.0,1
90,0,1,92.77777777777776,9.0,0
30,0,0,0.0,0.0,1
30,0,0,80.55555555555556,9.0,0
30,0,2,67.5,2.0,1
30,0,2,79.0,9.0,0
30,0,2,88.88888888888889,9.0,0
30,0,2,50.0,1.0,1
30,0,2,75.5,8.0,1
30,0,2,70.0,1.0,1
30,0,2,75.0,2.0,1
30,0,2,74.125,8.0,0
30,0,2,0.0,0.0,1
30,0,2,0.0,0.0,1
30,0,2,90.0,2.0,1
30,0,2,76.25,8.0,0
30,0,0,0.0,0.0,1
30,0,0,83.33333333333333,9.0,0
30,0,0,73.625,8.0,0
30,0,0,79.71428571428571,7.0,0
60,1,0,0.0,0.0,1
60,1,0,73.33333333333333,9.0,0
30,0,0,0.0,0.0,1
30,0,2,87.0,2.0,1
30,0,0,92.44444444444444,9.0,0
30,0,0,56.11111111111112,9.0,1
30,0,0,72.5,8.0,0
30,0,0,77.0,6.0,1
30,0,2,93.88888888888889,9.0,0
30,0,2,71.28571428571429,7.0,0
30,0,0,59.888888888888886,9.0,0
60,1,0,67.44444444444444,9.0,0
30,0,0,89.66666666666667,9.0,0
30,0,2,79.0,8.0,0
30,0,2,77.14285714285714,7.0,0
30,0,0,82.57142857142857,14.0,0
30,0,0,61.5,8.0,1
30,0,2,82.22222222222223,9.0,0
30,0,2,0.0,0.0,1
30,0,2,0.0,0.0,1
30,0,2,0.0,0.0,1
30,0,2,89.0,9.0,0
60,1,2,0.0,0.0,1
30,0,0,89.77777777777777,9.0,0
30,0,2,87.0,9.0,0
60,1,2,0.0,0.0,1
30,0,2,65.125,8.0,0
30,0,2,77.44444444444444,9.0,0
30,0,0,65.22222222222223,9.0,1
30,0,0,88.33333333333333,9.0,0
30,0,2,88.33333333333333,9.0,0
30,0,0,76.0,9.0,0
30,0,0,0.0,0.0,1
30,0,2,82.33333333333333,9.0,0
30,0,2,76.0,6.0,1
30,0,2,71.22222222222223,9.0,0
30,0,2,80.77777777777777,9.0,0
30,0,0,0.0,0.0,1
30,0,2,86.66666666666667,9.0,0
30,0,2,89.0,8.0,0
30,0,2,80.0,8.0,0
60,1,0,71.44444444444444,9.0,0
60,1,2,90.71428571428572,7.0,0
30,0,2,64.0,1.0,1
30,0,2,76.875,8.0,0
30,0,2,88.22222222222223,9.0,0
60,0,2,89.125,8.0,0
30,0,2,76.75,8.0,0
30,0,2,75.33333333333333,3.0,1
30,0,0,0.0,0.0,1
30,0,2,83.125,8.0,0
30,0,2,93.33333333333331,9.0,0
90,0,2,86.11111111111111,9.0,0
60,1,2,87.33333333333333,3.0,1
30,0,2,67.0,11.0,0
30,0,2,86.66666666666667,9.0,0
30,0,1,86.11111111111111,9.0,0
60,0,2,54.57142857142857,7.0,1
30,0,2,0.0,0.0,1
60,1,2,84.375,8.0,0
30,0,2,75.75,8.0,0
60,1,2,77.77777777777777,9.0,0
30,0,1,86.44444444444444,9.0,0
30,0,0,77.85714285714286,7.0,0
30,0,2,90.0,9.0,0
60,1,2,55.0,2.0,1
30,0,2,78.33333333333333,6.0,1
30,0,2,69.875,8.0,0
30,0,2,62.0,7.0,0
30,0,2,74.25,4.0,1
30,0,1,68.33333333333333,9.0,0
30,0,0,60.0,1.0,1
30,0,0,63.5,2.0,1
30,0,2,0.0,0.0,1
60,0,0,81.85714285714286,7.0,0
30,0,2,75.0,2.0,1
30,0,2,87.5,2.0,1
30,0,0,74.11111111111111,9.0,0
240,0,0,64.7,10.0,0
30,0,2,86.22222222222223,9.0,0
60,0,0,87.375,8.0,0
60,1,3,84.85714285714286,7.0,0
90,0,3,80.0,1.0,1
30,0,2,0.0,0.0,1
30,0,2,64.22222222222223,9.0,0
30,0,2,83.33333333333333,3.0,1
90,0,0,78.77777777777777,9.0,0
60,1,0,70.71428571428571,7.0,1
30,0,2,86.22222222222223,9.0,0
30,0,2,75.5,4.0,1
30,0,0,0.0,0.0,1
30,0,0,87.375,8.0,0
30,0,0,71.33333333333333,3.0,1
60,1,2,74.0,1.0,1
30,0,2,64.28571428571429,7.0,0
30,0,2,73.0,2.0,1
30,0,2,60.0,1.0,1
90,0,0,0.0,0.0,1
30,0,0,0.0,0.0,1
30,0,0,65.0,9.0,0
30,0,2,84.0,9.0,0
30,0,0,76.33333333333333,3.0,1
30,0,2,65.25,8.0,0
30,0,2,84.11111111111111,9.0,0
60,1,2,85.0,2.0,1
30,0,0,77.0,1.0,1
30,0,0,73.71428571428571,7.0,0
30,0,2,0.0,0.0,1
90,0,2,0.0,0.0,1
60,1,2,81.33333333333333,9.0,0
30,0,0,86.875,8.0,0
90,0,1,69.0,9.0,0
120,0,2,0.0,0.0,1
30,0,2,86.0,8.0,0
30,0,0,77.22222222222223,9.0,0
30,0,2,83.57142857142857,7.0,0
30,0,0,90.0,3.0,1
120,1,2,69.44444444444444,9.0,0
30,0,2,0.0,0.0,1
30,0,2,87.66666666666667,9.0,0
150,0,0,70.0,1.0,1
30,0,2,67.77777777777777,9.0,0
30,0,0,58.0,1.0,1
120,1,2,0.0,0.0,1
30,0,2,73.0,1.0,1
60,1,0,96.0,9.0,0
60,1,0,65.0,1.0,1
60,1,0,43.0,1.0,1
60,1,2,56.77777777777778,9.0,0
30,0,2,79.28571428571429,7.0,1
60,1,0,68.66666666666667,3.0,1
30,0,2,78.28571428571429,7.0,0
60,1,2,78.55555555555556,9.0,0
90,0,2,63.142857142857146,7.0,1
30,0,2,75.0,7.0,0
30,0,2,0.0,0.0,1
30,0,2,0.0,0.0,1
30,0,2,81.875,8.0,0
30,0,0,67.85714285714286,7.0,1
30,0,2,82.66666666666667,9.0,0
30,0,2,83.42857142857143,7.0,0
30,0,2,89.66666666666667,9.0,0
30,0,0,86.66666666666667,9.0,0
30,0,2,91.11111111111111,9.0,0
30,0,2,69.44444444444444,9.0,0
60,1,2,52.0,2.0,1
30,0,0,79.22222222222223,9.0,0
30,0,2,68.88888888888889,9.0,0
60,1,0,87.88888888888889,9.0,0
30,0,2,0.0,0.0,1
30,0,0,86.125,8.0,1
60,1,2,75.0,14.0,0
60,1,0,76.66666666666667,9.0,0
30,0,0,91.11111111111111,9.0,0
60,1,2,80.44444444444444,9.0,0
30,0,2,73.5,4.0,1
30,0,0,74.57142857142857,7.0,0
30,0,0,41.66666666666666,3.0,1
60,1,2,60.0,1.0,1
30,0,2,58.333333333333336,3.0,1
30,0,0,74.77777777777777,9.0,0
30,0,0,94.11111111111111,9.0,0
30,0,0,0.0,0.0,1
60,1,2,69.28571428571429,7.0,0
30,0,0,89.0,9.0,0
90,0,2,78.11111111111111,9.0,0
30,0,2,0.0,0.0,1
30,0,0,85.71428571428571,7.0,0
60,1,0,91.88888888888889,9.0,0
30,0,0,86.22222222222223,9.0,0
60,1,2,68.57142857142857,7.0,1
150,0,2,0.0,0.0,1
60,1,0,90.125,8.0,0
30,0,2,0.0,0.0,1
60,1,3,0.0,0.0,1
30,0,2,83.33333333333333,9.0,1
30,0,0,0.0,0.0,1
60,1,0,71.0,9.0,1
90,0,2,84.76923076923077,13.0,0
60,1,2,0.0,0.0,1
30,0,3,86.66666666666667,9.0,0
30,0,2,83.88888888888889,9.0,0
90,0,0,45.0,1.0,1
60,1,0,55.0,9.0,0
60,1,2,76.44444444444444,9.0,0
60,1,0,71.88888888888889,9.0,0
30,0,0,77.22222222222223,9.0,1
30,0,2,78.33333333333333,9.0,0
60,0,2,91.0,8.0,0
30,0,0,82.11111111111111,9.0,0
60,1,0,0.0,0.0,1
60,1,2,89.77777777777777,9.0,0
30,0,2,90.55555555555556,9.0,0
60,1,2,0.0,0.0,1
30,0,2,0.0,0.0,1
30,0,0,80.25,8.0,0
30,0,2,83.88888888888889,9.0,0
30,0,0,85.11111111111111,9.0,0
60,1,2,80.88888888888889,9.0,0
30,0,2,80.875,8.0,0
60,1,2,86.33333333333333,9.0,0
30,0,2,0.0,0.0,1
30,0,0,79.0,9.0,0
30,0,2,56.25,8.0,0
30,0,2,55.55555555555556,9.0,1
30,0,2,82.77777777777777,9.0,0
30,0,0,77.625,8.0,0
60,1,2,65.71428571428571,7.0,0
30,0,2,0.0,0.0,1
30,0,2,0.0,0.0,1
60,1,2,86.42857142857143,7.0,0
30,0,2,89.44444444444444,9.0,0
30,0,2,69.66666666666667,9.0,0
30,0,2,0.0,0.0,1
30,0,0,71.33333333333333,9.0,0
30,0,2,81.66666666666667,9.0,0
60,1,0,59.5,2.0,1
60,1,2,75.25,8.0,0
30,0,2,0.0,0.0,1
30,0,0,77.0,2.0,1
30,0,0,58.2,5.0,1
30,0,0,81.28571428571429,7.0,0
30,0,0,0.0,0.0,1
30,0,0,90.88888888888889,9.0,0
30,0,0,89.22222222222223,9.0,0
60,1,2,65.0,1.0,1
60,0,2,65.11111111111111,9.0,0
30,0,2,84.0,1.0,1
30,0,0,87.44444444444444,9.0,0
30,0,0,93.11111111111111,9.0,0
30,0,2,56.888888888888886,9.0,0
30,0,2,54.375,8.0,1
30,0,1,0.0,0.0,1
30,0,2,0.0,0.0,1
30,0,0,73.88888888888889,9.0,0
30,0,0,0.0,1.0,1
30,0,0,0.0,0.0,1
30,0,2,0.0,0.0,1
30,0,2,82.55555555555556,9.0,0
30,0,2,0.0,0.0,1
30,0,2,77.77777777777777,9.0,0
30,0,2,79.88888888888889,9.0,0
30,0,2,0.0,0.0,1
30,0,2,0.0,0.0,1
30,0,2,79.0,8.0,0
30,0,0,64.375,8.0,0
30,0,0,91.875,8.0,0
30,0,0,71.33333333333333,9.0,1
30,0,0,88.44444444444444,9.0,0
30,0,2,64.33333333333333,3.0,1
30,0,2,89.44444444444444,9.0,0
30,0,2,0.0,0.0,1
30,0,0,72.375,8.0,0
30,0,0,90.88888888888889,9.0,0
30,0,2,0.0,0.0,1
30,0,2,50.0,2.0,1
30,0,2,77.88888888888889,9.0,1
30,0,2,85.0,2.0,1
30,0,2,88.16666666666667,6.0,0
30,0,2,65.0,1.0,1
30,0,0,82.66666666666667,9.0,0
30,0,2,82.77777777777777,9.0,0
90,0,2,94.11111111111111,9.0,0
30,0,2,78.75,4.0,1
30,0,2,75.57142857142857,7.0,1
30,0,0,79.44444444444444,9.0,0
30,0,2,82.66666666666667,3.0,1
30,0,2,0.0,0.0,1
30,0,2,58.0,8.0,1
30,0,2,56.0,2.0,1
30,0,0,89.88888888888889,9.0,0
30,0,0,65.22222222222223,9.0,1
30,0,2,80.0,1.0,1
30,0,2,60.0,1.0,1
30,0,2,69.0,1.0,1
30,0,2,0.0,0.0,1
30,0,0,76.33333333333333,9.0,0
30,0,2,75.33333333333333,9.0,1
30,0,0,89.28571428571429,7.0,0
30,0,2,79.55555555555556,9.0,0
30,0,2,82.85714285714286,7.0,0
30,0,2,88.33333333333333,9.0,0
30,0,0,85.66666666666667,9.0,0
30,0,2,95.0,9.0,0
30,0,0,87.77777777777777,9.0,0
30,0,2,69.0,1.0,1
30,0,2,47.11111111111112,9.0,1
30,0,3,57.55555555555556,9.0,1
30,0,2,76.57142857142857,7.0,0
30,0,2,80.0,9.0,0
30,0,2,79.88888888888889,9.0,0
30,0,0,0.0,0.0,1
30,0,2,74.0,4.0,1
30,0,2,64.375,8.0,0
90,0,2,0.0,0.0,1
30,0,2,73.66666666666667,9.0,0
30,0,0,90.125,8.0,0
30,0,2,86.625,8.0,0
30,0,1,80.88888888888889,9.0,0
30,0,0,73.77777777777777,9.0,0
90,0,2,85.77777777777777,9.0,0
30,0,0,91.55555555555556,9.0,0
30,0,0,88.44444444444444,9.0,0
30,0,2,64.0,2.0,1
30,0,2,78.77777777777777,9.0,0
30,0,2,87.22222222222223,9.0,0
30,0,0,92.71428571428572,7.0,0
30,0,2,0.0,0.0,1
30,0,0,65.0,1.0,1
30,0,2,82.0,3.0,1
30,0,2,74.8,5.0,1
30,0,2,0.0,0.0,1
30,0,2,0.0,0.0,1
30,0,2,78.22222222222223,9.0,0
30,0,0,92.22222222222224,9.0,0
30,0,2,85.44444444444444,9.0,0
30,0,0,68.5,4.0,1
30,0,0,90.44444444444444,9.0,0
60,0,2,54.22222222222222,9.0,0
30,0,2,0.0,0.0,1
30,0,2,71.0,9.0,0
30,0,2,56.0,1.0,1
30,0,2,80.11111111111111,9.0,0
30,0,2,0.0,0.0,1
30,0,0,91.33333333333331,9.0,0
30,0,0,0.0,0.0,1
30,0,2,82.77777777777777,9.0,0
30,0,0,75.77777777777777,9.0,0
30,0,0,86.11111111111111,9.0,0
30,0,1,0.0,0.0,1
30,0,2,70.0,9.0,0
30,0,2,0.0,0.0,1
30,0,2,77.42857142857143,7.0,0
30,0,2,80.22222222222223,9.0,0
30,0,0,69.5,2.0,1
30,0,0,92.22222222222224,9.0,0
30,0,2,83.77777777777777,9.0,0
30,0,0,75.625,8.0,1
30,0,2,0.0,0.0,1
30,0,0,76.0,7.0,0
30,0,2,0.0,0.0,1
30,0,0,85.88888888888889,9.0,0
30,0,0,47.85714285714285,7.0,1
30,0,0,83.11111111111111,9.0,0
30,0,0,97.33333333333331,9.0,0
30,0,2,62.66666666666666,3.0,1
30,0,2,66.55555555555556,9.0,1
30,0,0,72.66666666666667,3.0,1
30,0,2,86.66666666666667,9.0,0
30,0,2,78.44444444444444,9.0,0
30,0,2,76.25,8.0,0
30,0,0,76.375,8.0,0
30,0,0,71.0,1.0,1
30,0,2,79.55555555555556,9.0,0
30,0,0,90.0,9.0,0
30,0,2,62.77777777777778,9.0,0
30,0,2,66.71428571428571,7.0,0
30,0,0,65.5,2.0,1
30,0,2,87.125,8.0,0
30,0,0,59.66666666666666,9.0,0
30,0,0,89.88888888888889,9.0,0
60,0,0,67.5,6.0,1
30,0,2,79.0,9.0,0
30,0,2,55.0,1.0,1
30,0,2,90.44444444444444,9.0,0
30,0,2,90.66666666666669,6.0,1
30,0,2,87.44444444444444,9.0,0
30,0,2,0.0,0.0,1
30,0,0,87.22222222222223,9.0,0
30,0,3,60.0,1.0,1
30,0,3,0.0,0.0,1
30,0,2,72.42857142857143,7.0,1
30,0,2,62.66666666666666,3.0,1
30,0,1,64.0,8.0,1
30,0,1,62.5,2.0,1
30,0,2,81.66666666666667,9.0,0
30,0,2,70.0,1.0,1
30,0,0,0.0,0.0,1
30,0,0,45.0,1.0,1
30,0,2,74.75,8.0,0
30,0,2,83.33333333333333,9.0,0
30,0,2,61.0,1.0,1
30,0,0,81.55555555555556,9.0,0
30,0,2,86.22222222222223,9.0,0
150,0,2,81.22222222222223,9.0,0
30,0,1,68.11111111111111,9.0,0
30,0,0,0.0,0.0,1
30,0,2,83.28571428571429,7.0,0
30,0,0,0.0,0.0,1
30,0,2,85.55555555555556,9.0,0
30,0,2,0.0,0.0,1
30,0,2,93.77777777777776,9.0,0
30,0,2,84.875,8.0,0
30,0,2,92.75,4.0,1
30,0,2,0.0,0.0,1
30,0,0,95.11111111111111,9.0,0
30,0,2,60.0,7.0,1
30,0,2,84.77777777777777,9.0,0
30,0,2,0.0,0.0,1
30,0,2,77.0,2.0,1
30,0,2,0.0,0.0,1
30,0,0,63.888888888888886,9.0,0
30,0,3,35.5,2.0,1
30,0,2,73.75,8.0,0
30,0,0,63.25,8.0,0
30,0,0,0.0,0.0,1
30,0,2,65.0,1.0,1
30,0,2,87.22222222222223,9.0,0
30,0,2,60.375,8.0,0
30,0,2,0.0,0.0,1
30,0,2,68.22222222222223,9.0,0
30,0,0,84.0,7.0,0
30,0,2,85.0,7.0,0
30,0,2,77.42857142857143,7.0,0
30,0,0,88.22222222222223,9.0,0
30,0,2,89.88888888888889,9.0,0
30,0,2,78.71428571428571,7.0,0
30,0,0,63.66666666666666,9.0,0
30,0,0,66.33333333333333,9.0,0
30,0,2,82.66666666666667,9.0,0
30,0,2,0.0,0.0,1
30,0,2,83.88888888888889,9.0,0
30,0,2,69.0,1.0,1
30,0,2,88.125,8.0,0
30,0,0,65.0,1.0,1
30,0,0,0.0,0.0,1
30,0,0,94.77777777777776,9.0,0
30,0,2,72.22222222222223,9.0,0
90,0,2,0.0,0.0,1
30,0,0,85.0,5.0,1
30,0,2,80.0,1.0,1
30,0,0,0.0,0.0,1
30,0,0,75.625,8.0,0
30,0,2,0.0,0.0,1
30,0,3,59.77777777777778,9.0,0
30,0,2,73.88888888888889,9.0,1
30,0,2,60.0,1.0,1
30,0,3,70.0,1.0,1
30,0,2,87.875,8.0,1
30,0,2,60.66666666666666,3.0,1
30,0,0,86.28571428571429,7.0,0
30,0,2,84.625,8.0,0
30,0,0,93.125,16.0,1
30,0,0,74.75,8.0,0
30,0,3,66.875,8.0,1
30,0,2,40.0,1.0,1
30,0,2,86.22222222222223,9.0,0
30,0,2,56.11111111111112,9.0,0
30,0,0,65.11111111111111,9.0,0
90,0,2,0.0,0.0,1
30,0,3,78.55555555555556,9.0,0
90,0,1,0.0,0.0,1
30,0,2,76.77777777777777,9.0,0
30,0,2,73.57142857142857,7.0,1
30,0,2,83.11111111111111,9.0,0
30,0,2,0.0,0.0,1
30,0,3,74.44444444444444,9.0,0
30,0,0,82.25,8.0,0
30,0,2,41.0,1.0,1
30,0,2,68.0,9.0,0
30,0,0,80.875,8.0,0
30,0,0,76.66666666666667,9.0,0
30,0,2,89.25,8.0,0
30,0,0,84.66666666666667,9.0,0
30,0,2,63.5,4.0,1
30,0,2,86.11111111111111,9.0,0
30,0,2,71.42857142857143,7.0,1
90,0,2,85.55555555555556,9.0,0
90,0,0,80.71428571428571,7.0,0
30,0,2,68.55555555555556,9.0,0
30,0,2,85.0,1.0,1
30,0,0,88.11111111111111,9.0,0
30,0,0,87.28571428571429,7.0,0
30,0,2,67.44444444444444,9.0,1
30,0,2,0.0,0.0,1
30,0,2,89.33333333333333,9.0,0
30,0,2,80.21428571428571,14.0,0
30,0,2,0.0,0.0,1
90,0,2,73.44444444444444,9.0,0
30,0,2,89.22222222222223,9.0,0
30,0,2,84.28571428571429,7.0,0
30,0,3,78.875,8.0,0
30,0,2,68.6,5.0,1
30,0,2,80.66666666666667,3.0,1
30,0,2,92.0,9.0,0
30,0,0,71.0,9.0,0
30,0,0,90.0,9.0,0
30,0,2,86.77777777777777,9.0,0
30,0,2,64.66666666666667,9.0,1
30,0,0,81.88888888888889,9.0,1
30,0,0,90.0,4.0,1
30,0,2,75.33333333333333,3.0,1
30,0,2,75.77777777777777,9.0,0
30,0,0,0.0,0.0,1
30,0,2,56.5,2.0,1
30,0,0,0.0,0.0,1
30,0,2,88.33333333333333,9.0,0
30,0,2,0.0,0.0,1
30,0,2,59.66666666666666,9.0,0
30,0,0,56.0,9.0,0
30,0,2,0.0,0.0,1
30,0,2,84.0,9.0,0
30,0,0,76.11111111111111,9.0,0
30,0,0,88.88888888888889,9.0,0
30,0,2,88.57142857142857,7.0,0
30,0,2,81.33333333333333,9.0,0
30,0,0,55.0,1.0,1
90,0,0,73.75,8.0,0
30,0,0,76.77777777777777,9.0,0
30,0,0,72.44444444444444,9.0,0
30,0,2,87.14285714285714,7.0,0
30,0,2,93.33333333333331,9.0,0
30,0,2,82.44444444444444,9.0,0
30,0,2,65.75,8.0,1
30,0,0,88.75,8.0,0
30,0,2,68.55555555555556,9.0,1
30,0,0,91.77777777777776,9.0,0
30,0,2,85.0,2.0,1
30,0,2,72.77777777777777,9.0,0
30,0,2,80.5,8.0,0
30,0,0,74.0,2.0,1
90,0,2,58.333333333333336,9.0,1
30,0,0,68.0,3.0,1
30,0,2,64.44444444444444,9.0,0
30,0,2,0.0,0.0,1
30,0,2,68.33333333333333,9.0,0
30,0,2,91.0,7.0,0
30,0,2,0.0,0.0,1
30,0,2,71.22222222222223,9.0,0
30,0,0,74.77777777777777,9.0,0
30,0,2,73.77777777777777,9.0,0
30,0,2,81.33333333333333,9.0,0
30,0,2,83.11111111111111,9.0,0
30,0,2,0.0,0.0,1
30,0,0,92.77777777777776,9.0,0
60,0,0,74.44444444444444,9.0,0
30,0,2,79.0,7.0,0
30,0,2,0.0,0.0,1
30,0,0,72.22222222222223,9.0,0
30,0,0,85.55555555555556,9.0,0
30,0,2,75.0,1.0,1
30,0,0,65.0,1.0,1
30,0,0,68.66666666666667,3.0,1
90,0,0,0.0,0.0,1
30,0,2,5.0,1.0,1
30,0,0,93.125,8.0,0
30,0,0,84.44444444444444,9.0,0
30,0,2,87.22222222222223,9.0,0
30,0,0,76.0,7.0,0
30,0,2,90.0,7.0,0
60,0,2,78.11111111111111,9.0,0
30,0,0,88.66666666666667,9.0,0
30,0,0,85.0,7.0,1
30,0,3,0.0,0.0,1
30,0,2,75.0,5.0,1
30,0,0,0.0,0.0,1
30,0,2,79.0,2.0,1
30,0,2,55.0,1.0,1
30,0,2,79.22222222222223,9.0,0
90,0,0,78.0,9.0,0
30,0,2,63.55555555555556,9.0,1
30,0,2,74.66666666666667,9.0,0
30,0,2,70.44444444444444,9.0,0
30,0,2,77.66666666666667,9.0,0
30,0,2,88.0,6.0,1
30,0,0,83.88888888888889,9.0,0
30,0,2,88.77777777777777,9.0,0
30,0,0,0.0,0.0,1
30,0,1,60.0,2.0,1
60,0,2,0.0,0.0,1
30,0,2,58.333333333333336,9.0,1
30,0,2,0.0,0.0,1
30,0,0,0.0,0.0,1
30,0,2,90.55555555555556,9.0,0
30,0,1,87.33333333333333,9.0,0
30,0,2,0.0,0.0,1
30,0,2,81.0,1.0,1
30,0,2,0.0,0.0,1
30,0,2,0.0,0.0,1
30,0,2,75.5,2.0,1
30,0,0,78.0,9.0,0
30,0,0,91.11111111111111,9.0,0
30,0,2,82.6,5.0,1
30,0,2,89.4,5.0,1
30,0,2,72.57142857142857,7.0,0
30,0,2,83.33333333333333,9.0,0
30,0,2,70.71428571428571,7.0,0
90,0,2,0.0,0.0,1
30,0,2,91.66666666666669,9.0,0
30,0,2,0.0,0.0,1
30,0,2,64.0,5.0,1
30,0,2,83.125,8.0,0
30,0,2,81.0,5.0,1
30,0,2,93.66666666666669,9.0,0
30,0,2,88.88888888888889,9.0,0
30,0,0,84.71428571428571,14.0,0
30,0,0,81.44444444444444,9.0,0
30,0,2,68.33333333333333,9.0,0
30,0,2,87.0,9.0,0
30,0,2,87.11111111111111,9.0,0
30,0,2,78.71428571428571,7.0,0
30,0,2,66.11111111111111,9.0,1
30,0,0,89.33333333333333,9.0,0
30,0,2,82.0,2.0,1
30,0,2,88.88888888888889,9.0,0
30,0,0,88.44444444444444,9.0,0
30,0,2,90.55555555555556,9.0,0
30,0,1,87.46666666666667,15.0,1
30,0,0,92.33333333333331,9.0,0
30,0,0,83.125,8.0,0
30,0,0,0.0,0.0,1
30,0,2,79.0,1.0,1
30,0,0,85.0,9.0,0
30,0,2,35.0,1.0,1
30,0,0,91.66666666666669,6.0,0
30,0,2,65.0,1.0,1
30,0,2,85.33333333333333,9.0,0
30,0,2,76.875,8.0,0
30,0,2,52.0,1.0,1
30,0,2,0.0,0.0,1
30,0,2,84.16666666666667,6.0,1
30,0,2,70.0,9.0,0
30,0,2,50.0,1.0,1
30,0,2,0.0,0.0,1
30,0,2,89.66666666666667,9.0,0
30,0,0,87.5,8.0,0
60,0,2,84.44444444444444,9.0,0
30,0,2,78.22222222222223,9.0,0
30,0,2,72.77777777777777,9.0,0
30,0,2,91.44444444444444,9.0,0
30,0,2,0.0,0.0,1
30,0,1,86.55555555555556,9.0,0
30,0,2,0.0,0.0,1
30,0,0,86.875,8.0,0
30,0,0,91.25,8.0,0
30,0,2,65.125,8.0,1
30,0,2,78.5,2.0,1
30,0,2,81.125,8.0,0
30,0,2,67.0,1.0,1
30,0,0,0.0,0.0,1
30,0,0,68.2,5.0,1
30,0,2,67.28571428571429,7.0,0
30,0,2,88.77777777777777,9.0,0
30,0,0,83.5,8.0,0
30,0,2,85.88888888888889,9.0,0
30,0,3,61.22222222222222,9.0,0
30,0,2,81.44444444444444,9.0,0
30,0,2,83.11111111111111,9.0,0
30,0,2,70.33333333333333,3.0,1
30,0,2,85.66666666666667,9.0,0
30,0,0,90.16666666666669,6.0,1
30,0,2,73.75,4.0,1
30,0,2,88.625,8.0,0
30,0,2,76.88888888888889,9.0,0
30,0,0,86.875,8.0,0
30,0,2,73.88888888888889,9.0,0
90,0,0,87.0,7.0,1
30,0,0,57.5,4.0,1
30,0,0,81.57142857142857,7.0,0
30,0,2,92.77777777777776,9.0,0
30,0,0,65.0,1.0,1
30,0,2,0.0,0.0,1
30,0,0,0.0,0.0,1
30,0,1,81.875,8.0,0
30,0,0,68.66666666666667,9.0,0
30,0,2,95.0,9.0,0
30,0,2,77.88888888888889,9.0,0
30,0,0,75.0,2.0,1
30,0,0,80.875,8.0,0
30,0,2,0.0,0.0,1
30,0,2,0.0,0.0,1
30,0,0,86.66666666666667,6.0,1
30,0,1,87.85714285714286,7.0,0
30,0,2,70.57142857142857,7.0,0
30,0,2,92.66666666666669,9.0,0
30,0,0,85.0,7.0,0
30,0,2,82.66666666666667,9.0,0
30,0,2,72.5,8.0,0
30,0,2,74.33333333333333,9.0,0
30,0,0,68.88888888888889,9.0,0
30,0,0,83.11111111111111,9.0,0
30,0,2,84.85714285714286,7.0,0
30,0,2,85.44444444444444,9.0,0
30,0,2,0.0,0.0,1
30,0,0,91.33333333333331,9.0,0
30,0,0,86.28571428571429,7.0,0
30,0,2,0.0,0.0,1
30,0,2,82.77777777777777,9.0,0
30,0,2,85.66666666666667,9.0,0
30,0,0,52.75,8.0,0
30,0,0,0.0,0.0,1
30,0,0,90.55555555555556,9.0,0
30,0,0,74.0,2.0,1
30,0,1,94.77777777777776,9.0,0
30,0,2,90.0,9.0,0
30,0,0,73.0,9.0,0
30,0,2,71.0,1.0,1
30,0,2,45.0,1.0,1
30,0,2,82.11111111111111,9.0,0
30,0,2,76.0,9.0,0
30,0,2,90.66666666666669,9.0,0
30,0,0,60.0,1.0,1
30,0,2,51.66666666666666,3.0,1
30,0,1,92.5,2.0,1
30,0,2,75.0,1.0,1
30,0,2,87.85714285714286,7.0,0
30,0,2,89.5,8.0,0
30,0,2,78.88888888888889,9.0,1
30,0,2,51.5,8.0,1
30,0,0,89.22222222222223,9.0,0
30,0,2,53.66666666666666,3.0,1
30,0,0,54.888888888888886,9.0,1
30,0,2,84.77777777777777,9.0,0
30,0,2,87.55555555555556,9.0,0
30,0,2,85.0,9.0,0
30,0,0,83.57142857142857,7.0,0
30,0,0,76.11111111111111,9.0,0
30,0,0,0.0,0.0,1
30,0,2,83.57142857142857,7.0,0
30,0,0,82.85714285714286,7.0,0
30,0,2,86.66666666666667,9.0,0
30,0,2,91.125,8.0,0
30,0,0,0.0,0.0,1
30,0,2,55.0,1.0,1
30,0,2,82.0,6.0,1
30,0,2,0.0,0.0,1
30,0,2,0.0,0.0,1
30,0,2,65.0,1.0,1
30,0,0,87.77777777777777,9.0,0
60,0,2,0.0,0.0,1
30,0,0,93.55555555555556,9.0,0
30,0,0,71.77777777777777,9.0,0
30,0,0,75.44444444444444,9.0,0
30,0,0,78.55555555555556,9.0,0
30,0,2,80.88888888888889,9.0,0
30,0,2,52.5,2.0,1
30,0,0,0.0,0.0,1
30,0,2,90.0,9.0,0
30,0,2,77.11111111111111,9.0,0
30,0,1,92.66666666666669,9.0,0
30,0,2,86.66666666666667,9.0,0
30,0,2,92.88888888888889,9.0,0
30,0,0,0.0,0.0,1
30,0,2,88.66666666666667,9.0,0
30,0,0,0.0,0.0,1
30,0,2,70.71428571428571,7.0,0
30,0,0,83.88888888888889,9.0,0
30,0,0,84.0,9.0,0
30,0,0,86.55555555555556,9.0,0
30,0,0,70.0,1.0,1
30,0,2,90.0,9.0,0
30,0,0,70.0,7.0,0
30,0,2,77.5,2.0,1
30,0,0,73.77777777777777,9.0,0
30,0,1,0.0,0.0,1
30,0,1,95.71428571428572,7.0,0
30,0,2,89.28571428571429,7.0,0
30,0,0,57.5,2.0,1
120,0,0,85.0,7.0,0
30,0,0,76.71428571428571,7.0,0
30,0,2,0.0,0.0,1
30,0,0,82.66666666666667,9.0,0
30,0,1,78.125,8.0,0
30,0,0,0.0,0.0,1
30,0,0,63.66666666666666,9.0,0
30,0,0,0.0,0.0,1
30,0,2,50.0,1.0,1
30,0,2,91.33333333333331,3.0,1
30,0,2,0.0,0.0,1
30,0,0,86.88888888888889,9.0,0
30,0,0,81.66666666666667,9.0,1
30,0,2,91.42857142857144,7.0,0
30,0,2,89.44444444444444,9.0,0
30,0,2,90.0,9.0,0
30,0,0,82.44444444444444,9.0,0
30,0,0,75.55555555555556,9.0,0
30,0,2,90.5,4.0,1
30,0,2,86.875,8.0,0
30,0,0,74.22222222222223,9.0,0
30,0,2,86.375,8.0,0
30,0,2,0.0,0.0,1
30,0,0,0.0,0.0,1
30,0,0,81.57142857142857,7.0,0
30,0,2,71.42857142857143,7.0,0
30,0,0,58.57142857142857,7.0,0
30,0,2,63.42857142857143,7.0,0
90,0,0,0.0,0.0,1
30,0,2,72.77777777777777,9.0,0
30,0,2,60.0,1.0,1
30,0,0,90.0,9.0,0
30,0,1,93.88888888888889,9.0,0
30,0,0,80.22222222222223,9.0,0
30,0,2,80.0,2.0,1
30,0,2,87.22222222222223,9.0,0
30,1,2,80.0,7.0,0
30,0,3,0.0,0.0,1
30,0,2,69.75,8.0,0
30,0,2,63.888888888888886,9.0,0
30,0,0,79.875,8.0,0
30,0,0,79.42857142857143,7.0,0
30,0,1,0.0,0.0,1
30,0,2,77.22222222222223,9.0,0
90,0,2,88.75,4.0,1
120,0,0,81.11111111111111,9.0,0
30,0,0,89.22222222222223,9.0,0
30,0,2,40.66666666666666,3.0,1
30,0,2,83.0,7.0,0
30,0,2,76.66666666666667,9.0,0
30,0,2,68.14285714285714,7.0,0
30,0,2,85.77777777777777,9.0,0
30,0,2,77.66666666666667,9.0,0
30,0,2,0.0,0.0,1
30,0,2,56.375,8.0,1
30,0,2,71.11111111111111,9.0,1
30,0,0,85.44444444444444,9.0,0
30,0,2,57.77777777777778,9.0,1
30,0,0,56.66666666666666,9.0,0
30,0,2,86.11111111111111,9.0,0
30,0,1,0.0,0.0,1
30,0,2,83.77777777777777,9.0,0
30,0,0,84.75,8.0,0
30,0,0,0.0,0.0,1
30,0,2,92.22222222222224,9.0,0
30,0,2,61.875,8.0,0
30,0,2,0.0,0.0,1
30,0,2,75.77777777777777,9.0,0
30,0,0,74.375,8.0,0
30,0,0,71.42857142857143,7.0,1
30,0,2,60.0,1.0,1
60,0,2,0.0,0.0,1
30,0,4,65.0,1.0,1
30,0,0,85.625,8.0,0
30,0,2,0.0,0.0,1
30,0,2,87.88888888888889,9.0,0
30,0,2,93.33333333333331,9.0,0
30,0,0,79.66666666666667,9.0,0
30,0,2,84.88888888888889,9.0,0
30,0,2,91.25,8.0,0
30,0,2,73.0,9.0,0
30,0,2,69.6,5.0,1
30,0,2,67.11111111111111,9.0,0
30,0,2,89.44444444444444,9.0,0
30,2,2,79.44444444444444,9.0,0
60,0,2,69.5,2.0,1
30,0,2,84.75,8.0,0
30,0,3,0.0,0.0,1
30,0,2,35.0,1.0,1
30,0,0,95.0,9.0,0
30,0,2,75.0,1.0,1
30,0,2,84.44444444444444,9.0,0
30,1,0,76.66666666666667,9.0,0
30,0,0,88.88888888888889,9.0,0
30,0,0,74.11111111111111,9.0,0
30,0,2,88.57142857142857,7.0,0
30,0,2,91.66666666666669,9.0,0
30,0,2,66.0,1.0,1
30,0,0,84.55555555555556,9.0,0
30,0,2,61.75,8.0,0
30,0,2,0.0,0.0,1
30,0,0,73.88888888888889,9.0,0
60,0,2,77.5,2.0,1
30,0,0,79.85714285714286,7.0,0
30,0,0,31.666666666666668,3.0,1
30,0,2,62.0,2.0,1
60,0,0,87.25,8.0,0
30,2,2,81.22222222222223,9.0,0
30,0,1,54.0,1.0,1
60,1,2,66.66666666666667,6.0,0
30,0,0,68.22222222222223,9.0,0
30,0,1,47.5,2.0,1
30,0,2,42.333333333333336,3.0,1
30,0,2,50.0,1.0,1
30,1,2,62.25,8.0,0
30,0,2,80.55555555555556,9.0,0
120,0,2,61.5,8.0,1
30,0,2,69.0,5.0,1
30,0,2,80.83333333333333,6.0,0
30,0,2,86.44444444444444,9.0,0
30,0,2,85.22222222222223,9.0,0
30,0,2,89.44444444444444,9.0,0
30,0,2,66.66666666666667,6.0,1
30,1,0,56.0,2.0,1
30,0,0,92.22222222222224,9.0,0
30,0,2,73.14285714285714,7.0,0
150,0,2,0.0,0.0,1
30,0,2,50.0,1.0,1
30,0,2,86.77777777777777,9.0,0
30,0,2,76.57142857142857,7.0,0
90,0,2,0.0,0.0,1
30,0,2,42.285714285714285,7.0,0
30,0,3,92.22222222222224,9.0,0
30,0,0,91.25,8.0,0
30,2,3,79.85714285714286,7.0,0
30,1,0,0.0,0.0,1
30,1,2,82.0,9.0,0
30,0,2,67.71428571428571,7.0,0
30,1,2,74.8,10.0,0
30,2,0,55.875,8.0,1
30,1,2,60.25,4.0,1
30,1,2,57.44444444444444,9.0,1
30,0,2,74.5,4.0,1
30,0,2,81.66666666666667,9.0,0
30,1,2,77.0,7.0,0
30,0,2,78.875,8.0,0
30,0,2,75.22222222222223,9.0,0
30,0,0,50.333333333333336,3.0,1
90,0,2,85.55555555555556,9.0,0
30,0,0,89.77777777777777,9.0,0
30,0,1,88.57142857142857,7.0,0
30,0,2,86.88888888888889,9.0,0
30,0,2,83.42857142857143,7.0,0
30,1,2,78.33333333333333,9.0,0
30,0,0,77.57142857142857,7.0,1
30,0,2,72.33333333333333,9.0,0
30,0,2,0.0,0.0,1
30,0,0,84.57142857142857,7.0,0
30,0,2,85.0,3.0,1
30,1,2,73.125,8.0,0
30,0,2,72.5,2.0,1
30,0,0,84.44444444444444,9.0,0
30,1,2,62.5,2.0,1
30,0,0,70.0,8.0,0
30,0,2,66.11111111111111,9.0,0
30,0,0,76.44444444444444,9.0,0
30,0,0,89.625,8.0,0
30,0,0,88.66666666666667,9.0,0
30,1,0,93.125,16.0,0
30,0,2,74.88888888888889,9.0,0
90,0,2,92.22222222222224,9.0,0
30,0,2,90.88888888888889,9.0,0
30,0,2,0.0,0.0,1
30,0,0,88.33333333333333,9.0,1
30,0,2,78.625,8.0,0
30,0,2,88.125,8.0,0
30,1,2,60.0,1.0,1
30,1,2,65.75,8.0,0
30,1,2,69.0,1.0,1
30,1,2,93.88888888888889,9.0,0
30,0,2,82.5,2.0,1
90,1,0,65.77777777777777,9.0,1
30,1,1,87.46666666666667,15.0,0
30,0,0,65.44444444444444,9.0,0
30,0,2,74.85714285714286,7.0,0
30,0,2,77.14285714285714,7.0,0
30,0,0,82.55555555555556,9.0,0
30,0,2,62.0,5.0,1
30,0,2,77.22222222222223,9.0,0
30,0,0,71.0,9.0,0
30,0,0,74.33333333333333,9.0,0
30,1,2,64.88888888888889,9.0,0
30,0,2,77.5,8.0,0
30,0,2,78.55555555555556,9.0,0
30,0,0,64.11111111111111,9.0,0
30,0,4,0.0,0.0,1
30,0,2,74.28571428571429,7.0,0
30,0,2,88.11111111111111,9.0,0
30,0,2,86.0,9.0,0
30,0,0,79.22222222222223,9.0,0
30,0,0,80.55555555555556,9.0,0
60,0,0,82.0,9.0,0
30,0,2,90.5,6.0,1
30,0,2,90.22222222222224,9.0,0
30,0,2,73.88888888888889,9.0,0
30,0,0,77.125,8.0,0
30,0,0,0.0,0.0,1
30,0,2,0.0,0.0,1
30,0,0,72.77777777777777,9.0,1
30,0,0,89.125,8.0,0
30,0,2,0.0,0.0,1
30,0,2,58.888888888888886,9.0,0
30,0,2,85.0,8.0,0
30,0,0,89.66666666666667,9.0,0
60,0,2,0.0,0.0,1
30,0,2,77.88888888888889,9.0,0
30,0,2,84.0,8.0,0
30,0,0,68.77777777777777,9.0,1
30,0,2,83.125,8.0,0
30,0,0,85.22222222222223,9.0,0
30,0,0,96.0,9.0,0
30,0,2,50.0,1.0,1
30,0,2,68.33333333333333,6.0,0
60,0,0,75.0,2.0,1
30,0,2,93.55555555555556,9.0,0
30,0,3,70.0,9.0,1
30,0,2,0.0,0.0,1
30,0,0,0.0,0.0,1
30,0,0,72.57142857142857,7.0,0
30,0,0,76.66666666666667,9.0,0
30,0,2,76.66666666666667,9.0,0
30,0,2,78.75,8.0,1
30,0,2,0.0,0.0,1
30,0,2,0.0,0.0,1
30,0,1,83.88888888888889,9.0,0
30,0,0,0.0,0.0,1
30,0,2,0.0,0.0,1
30,0,0,86.85714285714286,7.0,0
30,0,2,85.5,2.0,1
30,0,0,54.375,8.0,0
30,0,2,68.33333333333333,3.0,1
30,0,2,67.77777777777777,9.0,0
30,0,2,46.75,8.0,1
30,0,2,0.0,0.0,1
30,0,2,60.0,1.0,1
30,0,2,0.0,0.0,1
30,0,2,90.0,1.0,1
30,0,2,80.625,8.0,0
30,0,0,71.28571428571429,7.0,1
40,0,0,73.88888888888889,9.0,0
30,0,2,89.44444444444444,9.0,0
30,0,2,0.0,0.0,1
30,0,2,52.22222222222222,9.0,0
30,0,2,79.375,8.0,1
30,0,2,84.66666666666667,9.0,0
30,0,2,65.71428571428571,7.0,1
30,0,0,82.88888888888889,9.0,0
30,0,2,78.77777777777777,9.0,0
30,0,2,83.57142857142857,7.0,0
30,0,2,81.66666666666667,9.0,0
30,0,2,86.0,8.0,0
30,0,2,83.57142857142857,7.0,0
30,0,2,87.66666666666667,9.0,0
30,0,2,0.0,0.0,1
30,0,2,0.0,0.0,1
30,0,0,57.333333333333336,9.0,0
30,0,0,82.77777777777777,9.0,0
30,0,0,90.55555555555556,9.0,0
30,0,0,50.0,1.0,1
30,0,2,46.888888888888886,9.0,1
30,0,2,80.625,8.0,0
30,0,2,43.0,1.0,1
30,0,0,90.77777777777776,9.0,0
30,0,0,0.0,0.0,1
30,0,2,61.11111111111112,9.0,0
30,0,3,69.77777777777777,9.0,0
30,0,2,74.16666666666667,6.0,1
30,0,2,88.33333333333333,9.0,0
30,0,2,89.44444444444444,9.0,0
30,0,2,78.0,9.0,0
30,0,2,0.0,0.0,1
30,0,2,85.875,8.0,0
30,0,2,68.5,2.0,1
30,0,2,85.66666666666667,9.0,0
30,0,3,81.11111111111111,9.0,0
30,0,2,75.55555555555556,9.0,0
30,0,2,77.85714285714286,7.0,0
30,0,2,65.0,7.0,0
30,0,0,78.22222222222223,9.0,0
30,0,2,73.0,9.0,1
30,0,0,85.71428571428571,7.0,0
60,0,2,90.0,9.0,0
30,0,2,87.77777777777777,9.0,0
30,0,0,84.0,9.0,0
30,0,2,86.66666666666667,9.0,0
30,0,0,58.0,7.0,1
30,0,2,85.0,9.0,0
30,0,2,82.0,7.0,0
30,0,2,49.22222222222222,9.0,0
30,0,0,0.0,0.0,1
30,0,2,87.71428571428571,7.0,0
30,0,2,90.66666666666669,9.0,0
30,0,0,81.625,8.0,0
30,0,0,76.55555555555556,9.0,0
30,0,2,0.0,0.0,1
30,0,2,87.22222222222223,9.0,0
30,0,2,80.0,8.0,0
30,0,2,87.77777777777777,9.0,0
30,0,0,0.0,0.0,1
30,0,0,90.0,9.0,0
30,0,1,76.4,5.0,1
30,0,0,0.0,0.0,1
30,0,2,87.77777777777777,9.0,0
30,0,2,88.66666666666667,9.0,0
30,0,2,77.22222222222223,9.0,0
30,0,2,87.14285714285714,7.0,0
30,0,0,84.66666666666667,9.0,0
30,0,0,0.0,0.0,1
30,0,2,0.0,0.0,1
30,0,0,0.0,0.0,1
30,0,2,88.33333333333333,9.0,0
30,0,1,0.0,0.0,1
30,0,2,0.0,0.0,1
60,0,2,0.0,0.0,1
30,0,0,71.875,8.0,0
90,0,2,75.0,9.0,0
30,0,0,87.77777777777777,9.0,0
30,0,2,83.33333333333333,3.0,1
30,0,0,95.0,9.0,0
30,0,2,55.0,1.0,1
30,0,0,0.0,0.0,1
30,0,0,58.5,2.0,1
30,0,2,0.0,0.0,1
30,0,0,91.66666666666669,9.0,0
30,0,2,82.5,8.0,0
30,0,2,86.22222222222223,9.0,0
30,0,2,79.5,8.0,0
90,0,0,70.0,7.0,1
30,0,1,78.75,8.0,0
30,0,2,82.44444444444444,9.0,0
60,0,2,85.55555555555556,9.0,0
60,0,2,0.0,0.0,1
60,0,0,0.0,0.0,1
30,0,2,62.11111111111112,9.0,0
30,0,2,0.0,0.0,1
30,0,2,87.77777777777777,9.0,0
30,0,2,48.888888888888886,9.0,0
30,0,2,53.333333333333336,3.0,1
30,0,0,93.55555555555556,9.0,0
30,0,0,72.44444444444444,9.0,0
30,0,2,82.77777777777777,9.0,0
30,0,0,0.0,0.0,1
30,0,2,82.0,7.0,0
30,0,2,81.25,8.0,0
90,0,0,73.57142857142857,7.0,0
30,0,0,72.66666666666667,9.0,0
30,0,0,88.125,8.0,0
30,0,0,77.5,8.0,0
30,0,0,54.0,1.0,1
30,0,2,0.0,0.0,1
30,0,0,83.88888888888889,9.0,0
30,0,2,81.44444444444444,9.0,0
30,0,2,0.0,0.0,1
30,0,0,87.66666666666667,9.0,0
30,0,2,91.55555555555556,9.0,0
30,0,2,44.0,2.0,1
90,0,2,0.0,0.0,1
30,0,0,0.0,0.0,1
30,0,0,75.14285714285714,7.0,0
30,0,2,53.5,8.0,1
30,0,2,57.77777777777778,9.0,1
30,0,2,72.11111111111111,9.0,0
30,0,2,67.0,5.0,1
30,0,2,74.44444444444444,9.0,0
30,0,2,0.0,0.0,1
30,0,2,0.0,0.0,1
30,0,2,84.55555555555556,9.0,0
30,0,2,74.28571428571429,7.0,0
30,0,2,92.5,8.0,0
30,0,2,55.0,1.0,1
30,0,0,87.0,5.0,1
30,0,2,68.11111111111111,9.0,1
30,0,2,80.71428571428571,7.0,0
30,0,2,75.625,8.0,0
30,0,0,0.0,0.0,1
30,0,2,86.55555555555556,9.0,0
30,0,2,70.77777777777777,9.0,0
30,0,2,83.875,8.0,0
30,0,2,68.0,3.0,1
30,0,0,82.66666666666667,9.0,0
60,0,0,0.0,0.0,1
30,0,2,85.0,9.0,0
90,0,2,0.0,0.0,1
30,0,0,0.0,0.0,1
30,0,2,80.625,8.0,0
30,0,0,0.0,0.0,1
30,0,2,70.57142857142857,7.0,0
30,0,0,83.75,8.0,0
30,0,2,83.57142857142857,7.0,0
30,0,0,76.66666666666667,6.0,0
30,0,2,0.0,0.0,1
30,0,0,45.0,1.0,1
30,0,2,0.0,0.0,1
30,0,2,78.75,8.0,0
30,0,0,0.0,0.0,1
60,0,2,0.0,0.0,1
30,0,3,84.85714285714286,7.0,0
30,0,2,0.0,0.0,1
30,0,2,76.875,8.0,0
30,0,2,74.11111111111111,9.0,0
30,0,2,77.66666666666667,9.0,0
90,0,2,0.0,0.0,1
30,0,2,0.0,0.0,1
30,0,2,0.0,0.0,1
30,0,2,82.22222222222223,9.0,0
30,0,0,84.77777777777777,9.0,0
30,0,0,70.0,8.0,0
30,0,2,85.625,8.0,0
30,0,0,93.88888888888889,9.0,0
30,0,2,0.0,0.0,1
30,0,2,45.0,1.0,1
30,0,2,87.375,8.0,0
30,0,2,80.55555555555556,9.0,0
30,0,0,0.0,0.0,1
30,0,2,85.0,8.0,0
30,0,3,0.0,0.0,1
30,0,2,85.44444444444444,9.0,0
30,0,0,71.11111111111111,9.0,0
30,0,0,55.0,1.0,1
30,0,2,65.28571428571429,7.0,1
30,0,2,82.22222222222223,9.0,0
30,0,0,66.66666666666667,3.0,1
30,0,0,0.0,0.0,1
30,0,0,83.22222222222223,9.0,0
30,0,0,50.0,2.0,1
30,0,0,78.88888888888889,9.0,0
30,0,2,0.0,0.0,1
30,0,0,56.77777777777778,9.0,1
30,0,2,79.33333333333333,9.0,0
30,0,0,87.77777777777777,9.0,0
30,0,2,0.0,0.0,1
30,0,2,76.77777777777777,9.0,0
30,0,0,93.22222222222224,9.0,0
30,0,0,0.0,0.0,1
30,0,2,87.22222222222223,9.0,0
60,0,3,80.0,2.0,1
30,0,0,68.33333333333333,9.0,0
30,0,2,80.0,1.0,1
30,0,2,0.0,0.0,1
30,0,1,17.0,3.0,1
30,0,0,79.0,5.0,1
30,0,0,40.0,1.0,1
30,0,2,41.25,4.0,1
30,0,2,90.77777777777776,9.0,1
30,0,2,69.22222222222223,9.0,0
30,0,0,79.375,8.0,0
30,0,2,58.66666666666666,9.0,0
60,0,0,0.0,0.0,1
30,0,0,71.5,2.0,1
60,0,2,0.0,0.0,1
30,0,2,85.0,8.0,1
30,0,2,93.33333333333331,9.0,0
30,0,2,81.42857142857143,7.0,0
30,0,0,65.0,2.0,1
30,0,2,0.0,0.0,1
30,0,2,80.33333333333333,9.0,0
30,0,0,83.55555555555556,9.0,0
30,0,0,89.22222222222223,9.0,0
30,0,2,87.77777777777777,9.0,0
30,0,2,0.0,0.0,1
30,0,2,87.77777777777777,9.0,0
30,0,0,74.71428571428571,7.0,0
30,0,3,0.0,0.0,1
30,0,2,0.0,0.0,1
30,0,2,0.0,0.0,1
30,0,0,0.0,0.0,1
30,0,2,86.22222222222223,9.0,0
30,0,0,83.0,9.0,0
30,0,2,64.0,9.0,0
30,0,0,0.0,0.0,1
30,0,2,72.77777777777777,9.0,0
90,0,2,70.0,9.0,0
30,0,2,79.77777777777777,9.0,0
30,0,2,0.0,0.0,1
30,0,0,0.0,0.0,1
60,0,3,0.0,0.0,1
30,0,0,0.0,0.0,1
30,0,2,82.22222222222223,9.0,0
30,0,2,76.25,8.0,0
30,0,1,54.0,3.0,1
60,0,2,0.0,0.0,1
30,0,2,92.14285714285714,7.0,0
30,0,2,0.0,0.0,1
30,0,2,75.11111111111111,9.0,0
30,0,2,78.33333333333333,3.0,1
30,0,0,90.0,7.0,0
30,0,2,90.66666666666669,9.0,0
30,0,2,0.0,0.0,1
30,0,0,87.14285714285714,7.0,0
30,0,2,0.0,0.0,1
30,0,0,87.75,8.0,0
90,0,2,73.57142857142857,7.0,0
30,0,0,67.5,2.0,1
30,0,2,80.0,7.0,0
30,0,0,82.44444444444444,9.0,0
30,0,0,45.0,1.0,1
30,0,0,75.22222222222223,9.0,0
30,0,2,40.0,1.0,1
30,0,2,75.0,9.0,0
30,0,2,0.0,0.0,1
30,0,2,65.55555555555556,9.0,0
30,0,3,79.33333333333333,9.0,0
30,0,2,89.71428571428571,7.0,0
30,0,2,0.0,0.0,1
30,0,0,0.0,0.0,1
30,0,2,88.88888888888889,9.0,0
30,0,0,0.0,0.0,1
30,0,2,0.0,0.0,1
30,0,2,0.0,0.0,1
30,0,0,61.44444444444444,9.0,0
60,0,2,89.44444444444444,9.0,0
30,0,2,72.77777777777777,9.0,0
30,0,0,80.33333333333333,9.0,0
30,0,0,81.85714285714286,7.0,0
30,0,0,66.42857142857143,7.0,0
30,0,2,70.0,8.0,1
30,0,2,0.0,0.0,1
30,0,0,30.0,1.0,1
30,0,2,85.0,2.0,1
30,0,2,79.11111111111111,9.0,0
30,0,2,0.0,0.0,1
30,0,0,89.44444444444444,9.0,0
30,0,2,0.0,0.0,1
30,0,2,85.22222222222223,9.0,0
30,0,2,78.0,5.0,1
30,0,2,60.0,1.0,1
30,0,2,90.55555555555556,9.0,0
30,0,2,79.11111111111111,9.0,0
30,0,2,76.11111111111111,9.0,0
30,0,3,0.0,0.0,1
30,0,3,62.5,2.0,1
30,0,0,85.66666666666667,9.0,1
30,0,2,55.0,1.0,1
30,0,0,86.77777777777777,9.0,0
30,0,2,77.57142857142857,7.0,0
90,0,2,60.0,1.0,1
30,0,2,72.77777777777777,9.0,0
30,0,2,55.0,2.0,1
30,0,2,75.0,1.0,1
30,0,0,80.22222222222223,9.0,0
30,0,2,83.11111111111111,9.0,0
30,0,0,87.875,8.0,0
30,0,0,96.33333333333331,9.0,0
60,0,2,0.0,0.0,1
30,0,2,0.0,0.0,1
30,0,2,80.0,7.0,0
30,0,0,63.888888888888886,9.0,0
30,0,2,67.88888888888889,9.0,1
30,0,2,86.25,4.0,1
30,0,2,94.0,7.0,0
30,0,2,88.88888888888889,9.0,0
30,0,2,0.0,0.0,1
30,0,2,88.11111111111111,9.0,0
30,0,2,70.0,1.0,1
30,0,3,64.5,8.0,0
30,0,2,45.0,1.0,1
30,0,0,84.88888888888889,9.0,0
150,0,2,71.11111111111111,9.0,0
30,0,2,82.85714285714286,7.0,0
60,0,1,0.0,0.0,1
30,0,2,69.0,9.0,1
30,0,2,91.66666666666669,9.0,0
30,0,2,88.0,9.0,0
30,0,2,89.33333333333333,9.0,0
30,0,1,91.14285714285714,7.0,0
30,0,2,75.88888888888889,9.0,0
30,0,1,80.44444444444444,9.0,0
30,0,2,70.0,2.0,1
30,0,0,66.0,9.0,0
30,0,2,0.0,0.0,1
30,0,0,87.66666666666667,9.0,0
30,0,0,75.0,9.0,0
30,0,2,0.0,0.0,1
30,0,2,90.0,3.0,1
30,0,0,0.0,0.0,1
30,0,2,0.0,0.0,1
30,0,2,0.0,0.0,1
30,0,2,60.285714285714285,7.0,1
30,0,2,0.0,0.0,1
30,0,2,83.88888888888889,9.0,0
30,0,0,92.11111111111111,9.0,0
30,0,2,61.0,9.0,0
30,0,2,55.0,2.0,1
30,0,0,77.125,8.0,0
30,0,2,74.22222222222223,9.0,0
30,0,2,81.25,8.0,0
30,0,1,84.22222222222223,9.0,0
30,0,0,81.0,9.0,0
30,0,2,0.0,0.0,1
30,0,2,0.0,0.0,1
30,0,2,0.0,0.0,1
30,0,0,84.88888888888889,9.0,0
30,0,0,79.55555555555556,9.0,0
90,0,2,86.42857142857143,7.0,0
30,0,0,87.22222222222223,9.0,0
90,0,2,0.0,0.0,1
30,0,1,81.66666666666667,3.0,1
30,0,2,78.75,8.0,0
30,0,2,65.0,9.0,1
30,0,0,65.0,2.0,1
120,0,2,0.0,0.0,1
30,0,2,88.11111111111111,9.0,0
30,0,2,86.66666666666667,9.0,0
30,0,0,0.0,0.0,1
30,0,0,65.0,1.0,1
30,0,0,0.0,0.0,1
30,0,2,75.0,8.0,0
30,0,2,66.66666666666667,3.0,1
30,0,2,0.0,0.0,1
30,0,2,77.0,2.0,1
30,0,2,80.55555555555556,9.0,0
30,0,2,50.0,1.0,1
30,0,2,74.125,8.0,0
30,0,0,72.5,8.0,0
30,0,2,87.22222222222223,9.0,0
30,0,2,82.0,9.0,0
30,0,2,78.125,8.0,0
30,0,2,90.0,4.0,1
90,0,2,95.0,9.0,0
30,0,2,95.0,9.0,0
30,0,0,93.66666666666669,9.0,0
30,0,0,73.42857142857143,7.0,0
30,0,2,0.0,0.0,1
30,0,2,0.0,0.0,1
30,0,0,81.0,9.0,0
30,0,0,83.11111111111111,9.0,0
30,0,2,58.0,1.0,1
30,0,2,0.0,0.0,1
30,0,1,75.0,8.0,1
30,0,2,85.0,9.0,0
30,0,2,83.5,8.0,0
30,0,2,83.0,8.0,0
30,0,2,40.888888888888886,9.0,1
30,0,2,72.75,8.0,0
30,0,2,0.0,0.0,1
30,0,2,83.33333333333333,9.0,0
30,0,2,68.88888888888889,9.0,0
30,0,2,55.0,1.0,1
30,0,0,80.88888888888889,9.0,0
30,0,2,77.22222222222223,9.0,1
30,0,2,72.0,7.0,1
30,0,0,78.44444444444444,9.0,0
30,0,0,95.0,8.0,0
30,0,2,0.0,0.0,1
30,0,2,88.375,8.0,0
30,0,2,81.11111111111111,9.0,0
30,0,2,40.0,1.0,1
30,0,2,12.5,2.0,1
30,0,2,55.0,1.0,1
30,0,2,90.88888888888889,9.0,0
30,0,0,65.0,1.0,1
30,0,1,86.55555555555556,9.0,0
30,0,1,95.55555555555556,9.0,0
30,0,0,64.88888888888889,9.0,1
30,0,0,75.0,9.0,0
30,0,2,79.28571428571429,7.0,0
30,0,2,77.57142857142857,7.0,0
30,0,2,88.77777777777777,9.0,0
30,0,2,80.0,2.0,1
30,0,2,0.0,0.0,1
30,0,0,81.66666666666667,9.0,0
30,0,2,87.5,6.0,0
30,0,0,73.57142857142857,7.0,1
30,0,2,95.0,8.0,0
30,0,2,54.0,1.0,1
30,0,2,78.55555555555556,9.0,0
30,0,1,91.55555555555556,9.0,0
30,0,2,0.0,0.0,1
30,0,0,89.77777777777777,9.0,0
30,0,3,68.0,1.0,1
30,0,2,84.28571428571429,7.0,0
30,0,0,90.0,7.0,0
30,0,2,83.88888888888889,9.0,0
30,0,2,85.77777777777777,9.0,0
30,0,2,75.22222222222223,9.0,0
30,0,1,91.33333333333331,9.0,0
30,0,2,91.33333333333331,9.0,0
30,0,2,85.875,8.0,0
30,0,2,86.0,9.0,1
30,0,0,96.25,8.0,0
30,0,2,89.0,9.0,0
30,0,2,72.0,9.0,0
30,0,2,35.666666666666664,3.0,1
30,0,2,75.33333333333333,9.0,0
30,0,0,84.0,7.0,0
30,0,0,81.33333333333333,9.0,0
30,0,2,83.42857142857143,7.0,0
90,0,2,0.0,0.0,1
30,0,1,85.71428571428571,7.0,0
30,0,0,86.33333333333333,9.0,0
30,0,2,0.0,0.0,1
30,0,2,88.5,8.0,0
90,0,2,77.55555555555556,9.0,0
30,0,2,80.5,8.0,0
30,0,2,95.88888888888889,9.0,0
30,0,1,71.25,8.0,0
30,0,2,60.0,1.0,1
30,0,0,60.0,1.0,1
30,0,0,0.0,0.0,1
30,0,1,85.57142857142857,7.0,0
30,0,0,77.22222222222223,9.0,0
30,0,0,81.33333333333333,9.0,0
30,0,2,90.0,7.0,0
30,0,2,79.44444444444444,9.0,0
30,0,0,68.88888888888889,9.0,0
30,0,2,0.0,0.0,1
30,0,2,0.0,0.0,1
30,0,2,66.42857142857143,7.0,0
30,0,2,0.0,0.0,1
60,0,2,0.0,0.0,1
30,0,0,77.44444444444444,9.0,0
30,0,1,88.11111111111111,9.0,0
30,0,1,87.88888888888889,9.0,0
30,0,2,60.55555555555556,9.0,0
30,0,0,91.0,5.0,1
30,0,0,88.33333333333333,9.0,0
30,0,2,86.42857142857143,7.0,0
30,0,0,89.44444444444444,9.0,0
30,0,2,78.125,8.0,0
30,0,2,72.77777777777777,9.0,0
30,0,0,81.77777777777777,9.0,0
30,0,0,90.55555555555556,9.0,0
30,0,2,73.5,2.0,1
30,0,2,0.0,0.0,1
30,0,0,65.71428571428571,7.0,0
30,0,0,0.0,0.0,1
30,0,2,80.0,2.0,1
30,0,2,71.875,8.0,0
30,0,2,77.77777777777777,9.0,0
30,0,2,77.85714285714286,7.0,0
30,0,2,78.57142857142857,7.0,0
30,1,0,88.88888888888889,9.0,0
30,0,0,55.0,1.0,1
30,0,0,92.16666666666669,6.0,1
30,0,2,0.0,0.0,1
30,0,2,81.0,9.0,0
30,0,2,85.0,9.0,0
30,0,0,80.71428571428571,7.0,0
60,0,0,0.0,0.0,1
30,0,2,86.11111111111111,9.0,0
30,0,0,0.0,0.0,1
30,0,1,50.0,1.0,1
30,0,2,76.5,2.0,1
30,0,2,70.55555555555556,9.0,0
30,1,0,46.25,8.0,1
30,0,2,81.83333333333333,6.0,1
90,0,2,0.0,0.0,1
30,0,2,90.11111111111111,9.0,0
30,0,2,75.55555555555556,9.0,0
30,0,2,78.88888888888889,9.0,0
30,0,1,0.0,0.0,1
30,0,0,88.88888888888889,9.0,0
30,0,2,0.0,0.0,1
30,0,2,88.11111111111111,9.0,0
30,0,0,76.66666666666667,9.0,0
30,0,2,91.5,2.0,1
30,0,1,82.85714285714286,7.0,0
